date,store,item,yhat
2018-01-01,1,1,53
2018-01-02,1,1,56
2018-01-03,1,1,60
2018-01-04,1,1,63
2018-01-05,1,1,66
2018-01-06,1,1,69
2018-01-07,1,1,72
2018-01-08,1,1,53
2018-01-09,1,1,56
2018-01-10,1,1,59
2018-01-11,1,1,62
2018-01-12,1,1,66
2018-01-13,1,1,69
2018-01-14,1,1,72
2018-01-15,1,1,53
2018-01-16,1,1,56
2018-01-17,1,1,59
2018-01-18,1,1,62
2018-01-19,1,1,65
2018-01-20,1,1,69
2018-01-21,1,1,72
2018-01-22,1,1,52
2018-01-23,1,1,56
2018-01-24,1,1,59
2018-01-25,1,1,62
2018-01-26,1,1,65
2018-01-27,1,1,68
2018-01-28,1,1,71
2018-01-29,1,1,52
2018-01-30,1,1,55
2018-01-31,1,1,58
2018-02-01,1,1,64
2018-02-02,1,1,67
2018-02-03,1,1,70
2018-02-04,1,1,73
2018-02-05,1,1,54
2018-02-06,1,1,57
2018-02-07,1,1,60
2018-02-08,1,1,63
2018-02-09,1,1,66
2018-02-10,1,1,70
2018-02-11,1,1,73
2018-02-12,1,1,54
2018-02-13,1,1,57
2018-02-14,1,1,60
2018-02-15,1,1,63
2018-02-16,1,1,66
2018-02-17,1,1,69
2018-02-18,1,1,73
2018-02-19,1,1,53
2018-02-20,1,1,56
2018-02-21,1,1,60
2018-02-22,1,1,63
2018-02-23,1,1,66
2018-02-24,1,1,69
2018-02-25,1,1,72
2018-02-26,1,1,53
2018-02-27,1,1,56
2018-02-28,1,1,59
2018-03-01,1,1,64
2018-03-02,1,1,68
2018-03-03,1,1,71
2018-03-04,1,1,74
2018-03-05,1,1,55
2018-03-06,1,1,58
2018-03-07,1,1,61
2018-03-08,1,1,64
2018-03-09,1,1,67
2018-03-10,1,1,70
2018-03-11,1,1,74
2018-03-12,1,1,54
2018-03-13,1,1,58
2018-03-14,1,1,61
2018-03-15,1,1,64
2018-03-16,1,1,67
2018-03-17,1,1,70
2018-03-18,1,1,73
2018-03-19,1,1,54
2018-03-20,1,1,57
2018-03-21,1,1,60
2018-03-22,1,1,64
2018-03-23,1,1,67
2018-03-24,1,1,70
2018-03-25,1,1,73
2018-03-26,1,1,54
2018-03-27,1,1,57
2018-03-28,1,1,60
2018-03-29,1,1,63
2018-03-30,1,1,66
2018-03-31,1,1,70
2018-01-01,2,1,53
2018-01-02,2,1,56
2018-01-03,2,1,60
2018-01-04,2,1,63
2018-01-05,2,1,66
2018-01-06,2,1,69
2018-01-07,2,1,72
2018-01-08,2,1,53
2018-01-09,2,1,56
2018-01-10,2,1,59
2018-01-11,2,1,62
2018-01-12,2,1,66
2018-01-13,2,1,69
2018-01-14,2,1,72
2018-01-15,2,1,53
2018-01-16,2,1,56
2018-01-17,2,1,59
2018-01-18,2,1,62
2018-01-19,2,1,65
2018-01-20,2,1,68
2018-01-21,2,1,72
2018-01-22,2,1,52
2018-01-23,2,1,56
2018-01-24,2,1,59
2018-01-25,2,1,62
2018-01-26,2,1,65
2018-01-27,2,1,68
2018-01-28,2,1,71
2018-01-29,2,1,52
2018-01-30,2,1,55
2018-01-31,2,1,58
2018-02-01,2,1,64
2018-02-02,2,1,67
2018-02-03,2,1,70
2018-02-04,2,1,73
2018-02-05,2,1,54
2018-02-06,2,1,57
2018-02-07,2,1,60
2018-02-08,2,1,63
2018-02-09,2,1,66
2018-02-10,2,1,70
2018-02-11,2,1,73
2018-02-12,2,1,53
2018-02-13,2,1,57
2018-02-14,2,1,60
2018-02-15,2,1,63
2018-02-16,2,1,66
2018-02-17,2,1,69
2018-02-18,2,1,72
2018-02-19,2,1,53
2018-02-20,2,1,56
2018-02-21,2,1,60
2018-02-22,2,1,63
2018-02-23,2,1,66
2018-02-24,2,1,69
2018-02-25,2,1,72
2018-02-26,2,1,53
2018-02-27,2,1,56
2018-02-28,2,1,59
2018-03-01,2,1,64
2018-03-02,2,1,67
2018-03-03,2,1,71
2018-03-04,2,1,74
2018-03-05,2,1,55
2018-03-06,2,1,58
2018-03-07,2,1,61
2018-03-08,2,1,64
2018-03-09,2,1,67
2018-03-10,2,1,70
2018-03-11,2,1,74
2018-03-12,2,1,54
2018-03-13,2,1,57
2018-03-14,2,1,61
2018-03-15,2,1,64
2018-03-16,2,1,67
2018-03-17,2,1,70
2018-03-18,2,1,73
2018-03-19,2,1,54
2018-03-20,2,1,57
2018-03-21,2,1,60
2018-03-22,2,1,64
2018-03-23,2,1,67
2018-03-24,2,1,70
2018-03-25,2,1,73
2018-03-26,2,1,54
2018-03-27,2,1,57
2018-03-28,2,1,60
2018-03-29,2,1,63
2018-03-30,2,1,66
2018-03-31,2,1,70
2018-01-01,3,1,53
2018-01-02,3,1,56
2018-01-03,3,1,59
2018-01-04,3,1,63
2018-01-05,3,1,66
2018-01-06,3,1,69
2018-01-07,3,1,72
2018-01-08,3,1,53
2018-01-09,3,1,56
2018-01-10,3,1,59
2018-01-11,3,1,62
2018-01-12,3,1,65
2018-01-13,3,1,69
2018-01-14,3,1,72
2018-01-15,3,1,53
2018-01-16,3,1,56
2018-01-17,3,1,59
2018-01-18,3,1,62
2018-01-19,3,1,65
2018-01-20,3,1,68
2018-01-21,3,1,72
2018-01-22,3,1,52
2018-01-23,3,1,55
2018-01-24,3,1,59
2018-01-25,3,1,62
2018-01-26,3,1,65
2018-01-27,3,1,68
2018-01-28,3,1,71
2018-01-29,3,1,52
2018-01-30,3,1,55
2018-01-31,3,1,58
2018-02-01,3,1,63
2018-02-02,3,1,67
2018-02-03,3,1,70
2018-02-04,3,1,73
2018-02-05,3,1,54
2018-02-06,3,1,57
2018-02-07,3,1,60
2018-02-08,3,1,63
2018-02-09,3,1,66
2018-02-10,3,1,69
2018-02-11,3,1,73
2018-02-12,3,1,53
2018-02-13,3,1,57
2018-02-14,3,1,60
2018-02-15,3,1,63
2018-02-16,3,1,66
2018-02-17,3,1,69
2018-02-18,3,1,72
2018-02-19,3,1,53
2018-02-20,3,1,56
2018-02-21,3,1,59
2018-02-22,3,1,63
2018-02-23,3,1,66
2018-02-24,3,1,69
2018-02-25,3,1,72
2018-02-26,3,1,53
2018-02-27,3,1,56
2018-02-28,3,1,59
2018-03-01,3,1,64
2018-03-02,3,1,67
2018-03-03,3,1,71
2018-03-04,3,1,74
2018-03-05,3,1,54
2018-03-06,3,1,58
2018-03-07,3,1,61
2018-03-08,3,1,64
2018-03-09,3,1,67
2018-03-10,3,1,70
2018-03-11,3,1,73
2018-03-12,3,1,54
2018-03-13,3,1,57
2018-03-14,3,1,61
2018-03-15,3,1,64
2018-03-16,3,1,67
2018-03-17,3,1,70
2018-03-18,3,1,73
2018-03-19,3,1,54
2018-03-20,3,1,57
2018-03-21,3,1,60
2018-03-22,3,1,63
2018-03-23,3,1,67
2018-03-24,3,1,70
2018-03-25,3,1,73
2018-03-26,3,1,54
2018-03-27,3,1,57
2018-03-28,3,1,60
2018-03-29,3,1,63
2018-03-30,3,1,66
2018-03-31,3,1,70
2018-01-01,4,1,53
2018-01-02,4,1,56
2018-01-03,4,1,59
2018-01-04,4,1,63
2018-01-05,4,1,66
2018-01-06,4,1,69
2018-01-07,4,1,72
2018-01-08,4,1,53
2018-01-09,4,1,56
2018-01-10,4,1,59
2018-01-11,4,1,62
2018-01-12,4,1,65
2018-01-13,4,1,69
2018-01-14,4,1,72
2018-01-15,4,1,52
2018-01-16,4,1,56
2018-01-17,4,1,59
2018-01-18,4,1,62
2018-01-19,4,1,65
2018-01-20,4,1,68
2018-01-21,4,1,71
2018-01-22,4,1,52
2018-01-23,4,1,55
2018-01-24,4,1,59
2018-01-25,4,1,62
2018-01-26,4,1,65
2018-01-27,4,1,68
2018-01-28,4,1,71
2018-01-29,4,1,52
2018-01-30,4,1,55
2018-01-31,4,1,58
2018-02-01,4,1,63
2018-02-02,4,1,67
2018-02-03,4,1,70
2018-02-04,4,1,73
2018-02-05,4,1,54
2018-02-06,4,1,57
2018-02-07,4,1,60
2018-02-08,4,1,63
2018-02-09,4,1,66
2018-02-10,4,1,69
2018-02-11,4,1,73
2018-02-12,4,1,53
2018-02-13,4,1,56
2018-02-14,4,1,60
2018-02-15,4,1,63
2018-02-16,4,1,66
2018-02-17,4,1,69
2018-02-18,4,1,72
2018-02-19,4,1,53
2018-02-20,4,1,56
2018-02-21,4,1,59
2018-02-22,4,1,63
2018-02-23,4,1,66
2018-02-24,4,1,69
2018-02-25,4,1,72
2018-02-26,4,1,53
2018-02-27,4,1,56
2018-02-28,4,1,59
2018-03-01,4,1,64
2018-03-02,4,1,67
2018-03-03,4,1,71
2018-03-04,4,1,74
2018-03-05,4,1,54
2018-03-06,4,1,58
2018-03-07,4,1,61
2018-03-08,4,1,64
2018-03-09,4,1,67
2018-03-10,4,1,70
2018-03-11,4,1,73
2018-03-12,4,1,54
2018-03-13,4,1,57
2018-03-14,4,1,60
2018-03-15,4,1,64
2018-03-16,4,1,67
2018-03-17,4,1,70
2018-03-18,4,1,73
2018-03-19,4,1,54
2018-03-20,4,1,57
2018-03-21,4,1,60
2018-03-22,4,1,63
2018-03-23,4,1,67
2018-03-24,4,1,70
2018-03-25,4,1,73
2018-03-26,4,1,54
2018-03-27,4,1,57
2018-03-28,4,1,60
2018-03-29,4,1,63
2018-03-30,4,1,66
2018-03-31,4,1,69
2018-01-01,5,1,53
2018-01-02,5,1,56
2018-01-03,5,1,59
2018-01-04,5,1,62
2018-01-05,5,1,66
2018-01-06,5,1,69
2018-01-07,5,1,72
2018-01-08,5,1,53
2018-01-09,5,1,56
2018-01-10,5,1,59
2018-01-11,5,1,62
2018-01-12,5,1,65
2018-01-13,5,1,69
2018-01-14,5,1,72
2018-01-15,5,1,52
2018-01-16,5,1,56
2018-01-17,5,1,59
2018-01-18,5,1,62
2018-01-19,5,1,65
2018-01-20,5,1,68
2018-01-21,5,1,71
2018-01-22,5,1,52
2018-01-23,5,1,55
2018-01-24,5,1,58
2018-01-25,5,1,62
2018-01-26,5,1,65
2018-01-27,5,1,68
2018-01-28,5,1,71
2018-01-29,5,1,52
2018-01-30,5,1,55
2018-01-31,5,1,58
2018-02-01,5,1,63
2018-02-02,5,1,66
2018-02-03,5,1,70
2018-02-04,5,1,73
2018-02-05,5,1,53
2018-02-06,5,1,57
2018-02-07,5,1,60
2018-02-08,5,1,63
2018-02-09,5,1,66
2018-02-10,5,1,69
2018-02-11,5,1,72
2018-02-12,5,1,53
2018-02-13,5,1,56
2018-02-14,5,1,60
2018-02-15,5,1,63
2018-02-16,5,1,66
2018-02-17,5,1,69
2018-02-18,5,1,72
2018-02-19,5,1,53
2018-02-20,5,1,56
2018-02-21,5,1,59
2018-02-22,5,1,62
2018-02-23,5,1,66
2018-02-24,5,1,69
2018-02-25,5,1,72
2018-02-26,5,1,53
2018-02-27,5,1,56
2018-02-28,5,1,59
2018-03-01,5,1,64
2018-03-02,5,1,67
2018-03-03,5,1,70
2018-03-04,5,1,74
2018-03-05,5,1,54
2018-03-06,5,1,57
2018-03-07,5,1,61
2018-03-08,5,1,64
2018-03-09,5,1,67
2018-03-10,5,1,70
2018-03-11,5,1,73
2018-03-12,5,1,54
2018-03-13,5,1,57
2018-03-14,5,1,60
2018-03-15,5,1,64
2018-03-16,5,1,67
2018-03-17,5,1,70
2018-03-18,5,1,73
2018-03-19,5,1,54
2018-03-20,5,1,57
2018-03-21,5,1,60
2018-03-22,5,1,63
2018-03-23,5,1,66
2018-03-24,5,1,70
2018-03-25,5,1,73
2018-03-26,5,1,54
2018-03-27,5,1,57
2018-03-28,5,1,60
2018-03-29,5,1,63
2018-03-30,5,1,66
2018-03-31,5,1,69
2018-01-01,6,1,53
2018-01-02,6,1,56
2018-01-03,6,1,59
2018-01-04,6,1,62
2018-01-05,6,1,66
2018-01-06,6,1,69
2018-01-07,6,1,72
2018-01-08,6,1,53
2018-01-09,6,1,56
2018-01-10,6,1,59
2018-01-11,6,1,62
2018-01-12,6,1,65
2018-01-13,6,1,68
2018-01-14,6,1,72
2018-01-15,6,1,52
2018-01-16,6,1,55
2018-01-17,6,1,59
2018-01-18,6,1,62
2018-01-19,6,1,65
2018-01-20,6,1,68
2018-01-21,6,1,71
2018-01-22,6,1,52
2018-01-23,6,1,55
2018-01-24,6,1,58
2018-01-25,6,1,62
2018-01-26,6,1,65
2018-01-27,6,1,68
2018-01-28,6,1,71
2018-01-29,6,1,52
2018-01-30,6,1,55
2018-01-31,6,1,58
2018-02-01,6,1,63
2018-02-02,6,1,66
2018-02-03,6,1,70
2018-02-04,6,1,73
2018-02-05,6,1,53
2018-02-06,6,1,57
2018-02-07,6,1,60
2018-02-08,6,1,63
2018-02-09,6,1,66
2018-02-10,6,1,69
2018-02-11,6,1,72
2018-02-12,6,1,53
2018-02-13,6,1,56
2018-02-14,6,1,59
2018-02-15,6,1,63
2018-02-16,6,1,66
2018-02-17,6,1,69
2018-02-18,6,1,72
2018-02-19,6,1,53
2018-02-20,6,1,56
2018-02-21,6,1,59
2018-02-22,6,1,62
2018-02-23,6,1,66
2018-02-24,6,1,69
2018-02-25,6,1,72
2018-02-26,6,1,53
2018-02-27,6,1,56
2018-02-28,6,1,59
2018-03-01,6,1,64
2018-03-02,6,1,67
2018-03-03,6,1,70
2018-03-04,6,1,74
2018-03-05,6,1,54
2018-03-06,6,1,57
2018-03-07,6,1,61
2018-03-08,6,1,64
2018-03-09,6,1,67
2018-03-10,6,1,70
2018-03-11,6,1,73
2018-03-12,6,1,54
2018-03-13,6,1,57
2018-03-14,6,1,60
2018-03-15,6,1,63
2018-03-16,6,1,67
2018-03-17,6,1,70
2018-03-18,6,1,73
2018-03-19,6,1,54
2018-03-20,6,1,57
2018-03-21,6,1,60
2018-03-22,6,1,63
2018-03-23,6,1,66
2018-03-24,6,1,70
2018-03-25,6,1,73
2018-03-26,6,1,53
2018-03-27,6,1,57
2018-03-28,6,1,60
2018-03-29,6,1,63
2018-03-30,6,1,66
2018-03-31,6,1,69
2018-01-01,7,1,53
2018-01-02,7,1,56
2018-01-03,7,1,59
2018-01-04,7,1,62
2018-01-05,7,1,65
2018-01-06,7,1,69
2018-01-07,7,1,72
2018-01-08,7,1,53
2018-01-09,7,1,56
2018-01-10,7,1,59
2018-01-11,7,1,62
2018-01-12,7,1,65
2018-01-13,7,1,68
2018-01-14,7,1,72
2018-01-15,7,1,52
2018-01-16,7,1,55
2018-01-17,7,1,59
2018-01-18,7,1,62
2018-01-19,7,1,65
2018-01-20,7,1,68
2018-01-21,7,1,71
2018-01-22,7,1,52
2018-01-23,7,1,55
2018-01-24,7,1,58
2018-01-25,7,1,61
2018-01-26,7,1,65
2018-01-27,7,1,68
2018-01-28,7,1,71
2018-01-29,7,1,52
2018-01-30,7,1,55
2018-01-31,7,1,58
2018-02-01,7,1,63
2018-02-02,7,1,66
2018-02-03,7,1,69
2018-02-04,7,1,73
2018-02-05,7,1,53
2018-02-06,7,1,57
2018-02-07,7,1,60
2018-02-08,7,1,63
2018-02-09,7,1,66
2018-02-10,7,1,69
2018-02-11,7,1,72
2018-02-12,7,1,53
2018-02-13,7,1,56
2018-02-14,7,1,59
2018-02-15,7,1,63
2018-02-16,7,1,66
2018-02-17,7,1,69
2018-02-18,7,1,72
2018-02-19,7,1,53
2018-02-20,7,1,56
2018-02-21,7,1,59
2018-02-22,7,1,62
2018-02-23,7,1,65
2018-02-24,7,1,69
2018-02-25,7,1,72
2018-02-26,7,1,53
2018-02-27,7,1,56
2018-02-28,7,1,59
2018-03-01,7,1,64
2018-03-02,7,1,67
2018-03-03,7,1,70
2018-03-04,7,1,73
2018-03-05,7,1,54
2018-03-06,7,1,57
2018-03-07,7,1,61
2018-03-08,7,1,64
2018-03-09,7,1,67
2018-03-10,7,1,70
2018-03-11,7,1,73
2018-03-12,7,1,54
2018-03-13,7,1,57
2018-03-14,7,1,60
2018-03-15,7,1,63
2018-03-16,7,1,67
2018-03-17,7,1,70
2018-03-18,7,1,73
2018-03-19,7,1,54
2018-03-20,7,1,57
2018-03-21,7,1,60
2018-03-22,7,1,63
2018-03-23,7,1,66
2018-03-24,7,1,69
2018-03-25,7,1,73
2018-03-26,7,1,53
2018-03-27,7,1,57
2018-03-28,7,1,60
2018-03-29,7,1,63
2018-03-30,7,1,66
2018-03-31,7,1,69
2018-01-01,8,1,53
2018-01-02,8,1,56
2018-01-03,8,1,59
2018-01-04,8,1,62
2018-01-05,8,1,65
2018-01-06,8,1,69
2018-01-07,8,1,72
2018-01-08,8,1,52
2018-01-09,8,1,56
2018-01-10,8,1,59
2018-01-11,8,1,62
2018-01-12,8,1,65
2018-01-13,8,1,68
2018-01-14,8,1,71
2018-01-15,8,1,52
2018-01-16,8,1,55
2018-01-17,8,1,58
2018-01-18,8,1,62
2018-01-19,8,1,65
2018-01-20,8,1,68
2018-01-21,8,1,71
2018-01-22,8,1,52
2018-01-23,8,1,55
2018-01-24,8,1,58
2018-01-25,8,1,61
2018-01-26,8,1,65
2018-01-27,8,1,68
2018-01-28,8,1,71
2018-01-29,8,1,52
2018-01-30,8,1,55
2018-01-31,8,1,58
2018-02-01,8,1,63
2018-02-02,8,1,66
2018-02-03,8,1,69
2018-02-04,8,1,73
2018-02-05,8,1,53
2018-02-06,8,1,56
2018-02-07,8,1,60
2018-02-08,8,1,63
2018-02-09,8,1,66
2018-02-10,8,1,69
2018-02-11,8,1,72
2018-02-12,8,1,53
2018-02-13,8,1,56
2018-02-14,8,1,59
2018-02-15,8,1,62
2018-02-16,8,1,66
2018-02-17,8,1,69
2018-02-18,8,1,72
2018-02-19,8,1,53
2018-02-20,8,1,56
2018-02-21,8,1,59
2018-02-22,8,1,62
2018-02-23,8,1,65
2018-02-24,8,1,69
2018-02-25,8,1,72
2018-02-26,8,1,52
2018-02-27,8,1,56
2018-02-28,8,1,59
2018-03-01,8,1,64
2018-03-02,8,1,67
2018-03-03,8,1,70
2018-03-04,8,1,73
2018-03-05,8,1,54
2018-03-06,8,1,57
2018-03-07,8,1,60
2018-03-08,8,1,64
2018-03-09,8,1,67
2018-03-10,8,1,70
2018-03-11,8,1,73
2018-03-12,8,1,54
2018-03-13,8,1,57
2018-03-14,8,1,60
2018-03-15,8,1,63
2018-03-16,8,1,66
2018-03-17,8,1,70
2018-03-18,8,1,73
2018-03-19,8,1,54
2018-03-20,8,1,57
2018-03-21,8,1,60
2018-03-22,8,1,63
2018-03-23,8,1,66
2018-03-24,8,1,69
2018-03-25,8,1,73
2018-03-26,8,1,53
2018-03-27,8,1,56
2018-03-28,8,1,60
2018-03-29,8,1,63
2018-03-30,8,1,66
2018-03-31,8,1,69
2018-01-01,9,1,53
2018-01-02,9,1,56
2018-01-03,9,1,59
2018-01-04,9,1,62
2018-01-05,9,1,65
2018-01-06,9,1,68
2018-01-07,9,1,72
2018-01-08,9,1,52
2018-01-09,9,1,56
2018-01-10,9,1,59
2018-01-11,9,1,62
2018-01-12,9,1,65
2018-01-13,9,1,68
2018-01-14,9,1,71
2018-01-15,9,1,52
2018-01-16,9,1,55
2018-01-17,9,1,58
2018-01-18,9,1,62
2018-01-19,9,1,65
2018-01-20,9,1,68
2018-01-21,9,1,71
2018-01-22,9,1,52
2018-01-23,9,1,55
2018-01-24,9,1,58
2018-01-25,9,1,61
2018-01-26,9,1,64
2018-01-27,9,1,68
2018-01-28,9,1,71
2018-01-29,9,1,52
2018-01-30,9,1,55
2018-01-31,9,1,58
2018-02-01,9,1,63
2018-02-02,9,1,66
2018-02-03,9,1,69
2018-02-04,9,1,72
2018-02-05,9,1,53
2018-02-06,9,1,56
2018-02-07,9,1,60
2018-02-08,9,1,63
2018-02-09,9,1,66
2018-02-10,9,1,69
2018-02-11,9,1,72
2018-02-12,9,1,53
2018-02-13,9,1,56
2018-02-14,9,1,59
2018-02-15,9,1,62
2018-02-16,9,1,66
2018-02-17,9,1,69
2018-02-18,9,1,72
2018-02-19,9,1,53
2018-02-20,9,1,56
2018-02-21,9,1,59
2018-02-22,9,1,62
2018-02-23,9,1,65
2018-02-24,9,1,68
2018-02-25,9,1,72
2018-02-26,9,1,52
2018-02-27,9,1,56
2018-02-28,9,1,59
2018-03-01,9,1,64
2018-03-02,9,1,67
2018-03-03,9,1,70
2018-03-04,9,1,73
2018-03-05,9,1,54
2018-03-06,9,1,57
2018-03-07,9,1,60
2018-03-08,9,1,64
2018-03-09,9,1,67
2018-03-10,9,1,70
2018-03-11,9,1,73
2018-03-12,9,1,54
2018-03-13,9,1,57
2018-03-14,9,1,60
2018-03-15,9,1,63
2018-03-16,9,1,66
2018-03-17,9,1,70
2018-03-18,9,1,73
2018-03-19,9,1,53
2018-03-20,9,1,57
2018-03-21,9,1,60
2018-03-22,9,1,63
2018-03-23,9,1,66
2018-03-24,9,1,69
2018-03-25,9,1,72
2018-03-26,9,1,53
2018-03-27,9,1,56
2018-03-28,9,1,60
2018-03-29,9,1,63
2018-03-30,9,1,66
2018-03-31,9,1,69
2018-01-01,10,1,53
2018-01-02,10,1,56
2018-01-03,10,1,59
2018-01-04,10,1,62
2018-01-05,10,1,65
2018-01-06,10,1,68
2018-01-07,10,1,72
2018-01-08,10,1,52
2018-01-09,10,1,55
2018-01-10,10,1,59
2018-01-11,10,1,62
2018-01-12,10,1,65
2018-01-13,10,1,68
2018-01-14,10,1,71
2018-01-15,10,1,52
2018-01-16,10,1,55
2018-01-17,10,1,58
2018-01-18,10,1,62
2018-01-19,10,1,65
2018-01-20,10,1,68
2018-01-21,10,1,71
2018-01-22,10,1,52
2018-01-23,10,1,55
2018-01-24,10,1,58
2018-01-25,10,1,61
2018-01-26,10,1,64
2018-01-27,10,1,68
2018-01-28,10,1,71
2018-01-29,10,1,51
2018-01-30,10,1,55
2018-01-31,10,1,58
2018-02-01,10,1,63
2018-02-02,10,1,66
2018-02-03,10,1,69
2018-02-04,10,1,72
2018-02-05,10,1,53
2018-02-06,10,1,56
2018-02-07,10,1,59
2018-02-08,10,1,63
2018-02-09,10,1,66
2018-02-10,10,1,69
2018-02-11,10,1,72
2018-02-12,10,1,53
2018-02-13,10,1,56
2018-02-14,10,1,59
2018-02-15,10,1,62
2018-02-16,10,1,66
2018-02-17,10,1,69
2018-02-18,10,1,72
2018-02-19,10,1,53
2018-02-20,10,1,56
2018-02-21,10,1,59
2018-02-22,10,1,62
2018-02-23,10,1,65
2018-02-24,10,1,68
2018-02-25,10,1,72
2018-02-26,10,1,52
2018-02-27,10,1,55
2018-02-28,10,1,59
2018-03-01,10,1,64
2018-03-02,10,1,67
2018-03-03,10,1,70
2018-03-04,10,1,73
2018-03-05,10,1,54
2018-03-06,10,1,57
2018-03-07,10,1,60
2018-03-08,10,1,63
2018-03-09,10,1,67
2018-03-10,10,1,70
2018-03-11,10,1,73
2018-03-12,10,1,54
2018-03-13,10,1,57
2018-03-14,10,1,60
2018-03-15,10,1,63
2018-03-16,10,1,66
2018-03-17,10,1,70
2018-03-18,10,1,73
2018-03-19,10,1,53
2018-03-20,10,1,57
2018-03-21,10,1,60
2018-03-22,10,1,63
2018-03-23,10,1,66
2018-03-24,10,1,69
2018-03-25,10,1,72
2018-03-26,10,1,53
2018-03-27,10,1,56
2018-03-28,10,1,59
2018-03-29,10,1,63
2018-03-30,10,1,66
2018-03-31,10,1,69
2018-01-01,1,2,53
2018-01-02,1,2,56
2018-01-03,1,2,59
2018-01-04,1,2,63
2018-01-05,1,2,66
2018-01-06,1,2,69
2018-01-07,1,2,72
2018-01-08,1,2,53
2018-01-09,1,2,56
2018-01-10,1,2,59
2018-01-11,1,2,62
2018-01-12,1,2,66
2018-01-13,1,2,69
2018-01-14,1,2,72
2018-01-15,1,2,53
2018-01-16,1,2,56
2018-01-17,1,2,59
2018-01-18,1,2,62
2018-01-19,1,2,65
2018-01-20,1,2,68
2018-01-21,1,2,72
2018-01-22,1,2,52
2018-01-23,1,2,55
2018-01-24,1,2,59
2018-01-25,1,2,62
2018-01-26,1,2,65
2018-01-27,1,2,68
2018-01-28,1,2,71
2018-01-29,1,2,52
2018-01-30,1,2,55
2018-01-31,1,2,58
2018-02-01,1,2,63
2018-02-02,1,2,67
2018-02-03,1,2,70
2018-02-04,1,2,73
2018-02-05,1,2,54
2018-02-06,1,2,57
2018-02-07,1,2,60
2018-02-08,1,2,63
2018-02-09,1,2,66
2018-02-10,1,2,70
2018-02-11,1,2,73
2018-02-12,1,2,53
2018-02-13,1,2,57
2018-02-14,1,2,60
2018-02-15,1,2,63
2018-02-16,1,2,66
2018-02-17,1,2,69
2018-02-18,1,2,72
2018-02-19,1,2,53
2018-02-20,1,2,56
2018-02-21,1,2,59
2018-02-22,1,2,63
2018-02-23,1,2,66
2018-02-24,1,2,69
2018-02-25,1,2,72
2018-02-26,1,2,53
2018-02-27,1,2,56
2018-02-28,1,2,59
2018-03-01,1,2,64
2018-03-02,1,2,67
2018-03-03,1,2,71
2018-03-04,1,2,74
2018-03-05,1,2,55
2018-03-06,1,2,58
2018-03-07,1,2,61
2018-03-08,1,2,64
2018-03-09,1,2,67
2018-03-10,1,2,70
2018-03-11,1,2,74
2018-03-12,1,2,54
2018-03-13,1,2,57
2018-03-14,1,2,61
2018-03-15,1,2,64
2018-03-16,1,2,67
2018-03-17,1,2,70
2018-03-18,1,2,73
2018-03-19,1,2,54
2018-03-20,1,2,57
2018-03-21,1,2,60
2018-03-22,1,2,63
2018-03-23,1,2,67
2018-03-24,1,2,70
2018-03-25,1,2,73
2018-03-26,1,2,54
2018-03-27,1,2,57
2018-03-28,1,2,60
2018-03-29,1,2,63
2018-03-30,1,2,66
2018-03-31,1,2,70
2018-01-01,2,2,53
2018-01-02,2,2,56
2018-01-03,2,2,59
2018-01-04,2,2,63
2018-01-05,2,2,66
2018-01-06,2,2,69
2018-01-07,2,2,72
2018-01-08,2,2,53
2018-01-09,2,2,56
2018-01-10,2,2,59
2018-01-11,2,2,62
2018-01-12,2,2,65
2018-01-13,2,2,69
2018-01-14,2,2,72
2018-01-15,2,2,53
2018-01-16,2,2,56
2018-01-17,2,2,59
2018-01-18,2,2,62
2018-01-19,2,2,65
2018-01-20,2,2,68
2018-01-21,2,2,72
2018-01-22,2,2,52
2018-01-23,2,2,55
2018-01-24,2,2,59
2018-01-25,2,2,62
2018-01-26,2,2,65
2018-01-27,2,2,68
2018-01-28,2,2,71
2018-01-29,2,2,52
2018-01-30,2,2,55
2018-01-31,2,2,58
2018-02-01,2,2,63
2018-02-02,2,2,67
2018-02-03,2,2,70
2018-02-04,2,2,73
2018-02-05,2,2,54
2018-02-06,2,2,57
2018-02-07,2,2,60
2018-02-08,2,2,63
2018-02-09,2,2,66
2018-02-10,2,2,69
2018-02-11,2,2,73
2018-02-12,2,2,53
2018-02-13,2,2,57
2018-02-14,2,2,60
2018-02-15,2,2,63
2018-02-16,2,2,66
2018-02-17,2,2,69
2018-02-18,2,2,72
2018-02-19,2,2,53
2018-02-20,2,2,56
2018-02-21,2,2,59
2018-02-22,2,2,63
2018-02-23,2,2,66
2018-02-24,2,2,69
2018-02-25,2,2,72
2018-02-26,2,2,53
2018-02-27,2,2,56
2018-02-28,2,2,59
2018-03-01,2,2,64
2018-03-02,2,2,67
2018-03-03,2,2,71
2018-03-04,2,2,74
2018-03-05,2,2,54
2018-03-06,2,2,58
2018-03-07,2,2,61
2018-03-08,2,2,64
2018-03-09,2,2,67
2018-03-10,2,2,70
2018-03-11,2,2,73
2018-03-12,2,2,54
2018-03-13,2,2,57
2018-03-14,2,2,61
2018-03-15,2,2,64
2018-03-16,2,2,67
2018-03-17,2,2,70
2018-03-18,2,2,73
2018-03-19,2,2,54
2018-03-20,2,2,57
2018-03-21,2,2,60
2018-03-22,2,2,63
2018-03-23,2,2,67
2018-03-24,2,2,70
2018-03-25,2,2,73
2018-03-26,2,2,54
2018-03-27,2,2,57
2018-03-28,2,2,60
2018-03-29,2,2,63
2018-03-30,2,2,66
2018-03-31,2,2,69
2018-01-01,3,2,53
2018-01-02,3,2,56
2018-01-03,3,2,59
2018-01-04,3,2,62
2018-01-05,3,2,66
2018-01-06,3,2,69
2018-01-07,3,2,72
2018-01-08,3,2,53
2018-01-09,3,2,56
2018-01-10,3,2,59
2018-01-11,3,2,62
2018-01-12,3,2,65
2018-01-13,3,2,69
2018-01-14,3,2,72
2018-01-15,3,2,52
2018-01-16,3,2,56
2018-01-17,3,2,59
2018-01-18,3,2,62
2018-01-19,3,2,65
2018-01-20,3,2,68
2018-01-21,3,2,71
2018-01-22,3,2,52
2018-01-23,3,2,55
2018-01-24,3,2,59
2018-01-25,3,2,62
2018-01-26,3,2,65
2018-01-27,3,2,68
2018-01-28,3,2,71
2018-01-29,3,2,52
2018-01-30,3,2,55
2018-01-31,3,2,58
2018-02-01,3,2,63
2018-02-02,3,2,66
2018-02-03,3,2,70
2018-02-04,3,2,73
2018-02-05,3,2,54
2018-02-06,3,2,57
2018-02-07,3,2,60
2018-02-08,3,2,63
2018-02-09,3,2,66
2018-02-10,3,2,69
2018-02-11,3,2,73
2018-02-12,3,2,53
2018-02-13,3,2,56
2018-02-14,3,2,60
2018-02-15,3,2,63
2018-02-16,3,2,66
2018-02-17,3,2,69
2018-02-18,3,2,72
2018-02-19,3,2,53
2018-02-20,3,2,56
2018-02-21,3,2,59
2018-02-22,3,2,63
2018-02-23,3,2,66
2018-02-24,3,2,69
2018-02-25,3,2,72
2018-02-26,3,2,53
2018-02-27,3,2,56
2018-02-28,3,2,59
2018-03-01,3,2,64
2018-03-02,3,2,67
2018-03-03,3,2,70
2018-03-04,3,2,74
2018-03-05,3,2,54
2018-03-06,3,2,58
2018-03-07,3,2,61
2018-03-08,3,2,64
2018-03-09,3,2,67
2018-03-10,3,2,70
2018-03-11,3,2,73
2018-03-12,3,2,54
2018-03-13,3,2,57
2018-03-14,3,2,60
2018-03-15,3,2,64
2018-03-16,3,2,67
2018-03-17,3,2,70
2018-03-18,3,2,73
2018-03-19,3,2,54
2018-03-20,3,2,57
2018-03-21,3,2,60
2018-03-22,3,2,63
2018-03-23,3,2,66
2018-03-24,3,2,70
2018-03-25,3,2,73
2018-03-26,3,2,54
2018-03-27,3,2,57
2018-03-28,3,2,60
2018-03-29,3,2,63
2018-03-30,3,2,66
2018-03-31,3,2,69
2018-01-01,4,2,53
2018-01-02,4,2,56
2018-01-03,4,2,59
2018-01-04,4,2,62
2018-01-05,4,2,66
2018-01-06,4,2,69
2018-01-07,4,2,72
2018-01-08,4,2,53
2018-01-09,4,2,56
2018-01-10,4,2,59
2018-01-11,4,2,62
2018-01-12,4,2,65
2018-01-13,4,2,68
2018-01-14,4,2,72
2018-01-15,4,2,52
2018-01-16,4,2,56
2018-01-17,4,2,59
2018-01-18,4,2,62
2018-01-19,4,2,65
2018-01-20,4,2,68
2018-01-21,4,2,71
2018-01-22,4,2,52
2018-01-23,4,2,55
2018-01-24,4,2,58
2018-01-25,4,2,62
2018-01-26,4,2,65
2018-01-27,4,2,68
2018-01-28,4,2,71
2018-01-29,4,2,52
2018-01-30,4,2,55
2018-01-31,4,2,58
2018-02-01,4,2,63
2018-02-02,4,2,66
2018-02-03,4,2,70
2018-02-04,4,2,73
2018-02-05,4,2,53
2018-02-06,4,2,57
2018-02-07,4,2,60
2018-02-08,4,2,63
2018-02-09,4,2,66
2018-02-10,4,2,69
2018-02-11,4,2,72
2018-02-12,4,2,53
2018-02-13,4,2,56
2018-02-14,4,2,60
2018-02-15,4,2,63
2018-02-16,4,2,66
2018-02-17,4,2,69
2018-02-18,4,2,72
2018-02-19,4,2,53
2018-02-20,4,2,56
2018-02-21,4,2,59
2018-02-22,4,2,62
2018-02-23,4,2,66
2018-02-24,4,2,69
2018-02-25,4,2,72
2018-02-26,4,2,53
2018-02-27,4,2,56
2018-02-28,4,2,59
2018-03-01,4,2,64
2018-03-02,4,2,67
2018-03-03,4,2,70
2018-03-04,4,2,74
2018-03-05,4,2,54
2018-03-06,4,2,57
2018-03-07,4,2,61
2018-03-08,4,2,64
2018-03-09,4,2,67
2018-03-10,4,2,70
2018-03-11,4,2,73
2018-03-12,4,2,54
2018-03-13,4,2,57
2018-03-14,4,2,60
2018-03-15,4,2,64
2018-03-16,4,2,67
2018-03-17,4,2,70
2018-03-18,4,2,73
2018-03-19,4,2,54
2018-03-20,4,2,57
2018-03-21,4,2,60
2018-03-22,4,2,63
2018-03-23,4,2,66
2018-03-24,4,2,70
2018-03-25,4,2,73
2018-03-26,4,2,53
2018-03-27,4,2,57
2018-03-28,4,2,60
2018-03-29,4,2,63
2018-03-30,4,2,66
2018-03-31,4,2,69
2018-01-01,5,2,53
2018-01-02,5,2,56
2018-01-03,5,2,59
2018-01-04,5,2,62
2018-01-05,5,2,65
2018-01-06,5,2,69
2018-01-07,5,2,72
2018-01-08,5,2,53
2018-01-09,5,2,56
2018-01-10,5,2,59
2018-01-11,5,2,62
2018-01-12,5,2,65
2018-01-13,5,2,68
2018-01-14,5,2,72
2018-01-15,5,2,52
2018-01-16,5,2,55
2018-01-17,5,2,59
2018-01-18,5,2,62
2018-01-19,5,2,65
2018-01-20,5,2,68
2018-01-21,5,2,71
2018-01-22,5,2,52
2018-01-23,5,2,55
2018-01-24,5,2,58
2018-01-25,5,2,62
2018-01-26,5,2,65
2018-01-27,5,2,68
2018-01-28,5,2,71
2018-01-29,5,2,52
2018-01-30,5,2,55
2018-01-31,5,2,58
2018-02-01,5,2,63
2018-02-02,5,2,66
2018-02-03,5,2,69
2018-02-04,5,2,73
2018-02-05,5,2,53
2018-02-06,5,2,57
2018-02-07,5,2,60
2018-02-08,5,2,63
2018-02-09,5,2,66
2018-02-10,5,2,69
2018-02-11,5,2,72
2018-02-12,5,2,53
2018-02-13,5,2,56
2018-02-14,5,2,59
2018-02-15,5,2,63
2018-02-16,5,2,66
2018-02-17,5,2,69
2018-02-18,5,2,72
2018-02-19,5,2,53
2018-02-20,5,2,56
2018-02-21,5,2,59
2018-02-22,5,2,62
2018-02-23,5,2,66
2018-02-24,5,2,69
2018-02-25,5,2,72
2018-02-26,5,2,53
2018-02-27,5,2,56
2018-02-28,5,2,59
2018-03-01,5,2,64
2018-03-02,5,2,67
2018-03-03,5,2,70
2018-03-04,5,2,73
2018-03-05,5,2,54
2018-03-06,5,2,57
2018-03-07,5,2,61
2018-03-08,5,2,64
2018-03-09,5,2,67
2018-03-10,5,2,70
2018-03-11,5,2,73
2018-03-12,5,2,54
2018-03-13,5,2,57
2018-03-14,5,2,60
2018-03-15,5,2,63
2018-03-16,5,2,67
2018-03-17,5,2,70
2018-03-18,5,2,73
2018-03-19,5,2,54
2018-03-20,5,2,57
2018-03-21,5,2,60
2018-03-22,5,2,63
2018-03-23,5,2,66
2018-03-24,5,2,70
2018-03-25,5,2,73
2018-03-26,5,2,53
2018-03-27,5,2,57
2018-03-28,5,2,60
2018-03-29,5,2,63
2018-03-30,5,2,66
2018-03-31,5,2,69
2018-01-01,6,2,53
2018-01-02,6,2,56
2018-01-03,6,2,59
2018-01-04,6,2,62
2018-01-05,6,2,65
2018-01-06,6,2,69
2018-01-07,6,2,72
2018-01-08,6,2,52
2018-01-09,6,2,56
2018-01-10,6,2,59
2018-01-11,6,2,62
2018-01-12,6,2,65
2018-01-13,6,2,68
2018-01-14,6,2,71
2018-01-15,6,2,52
2018-01-16,6,2,55
2018-01-17,6,2,59
2018-01-18,6,2,62
2018-01-19,6,2,65
2018-01-20,6,2,68
2018-01-21,6,2,71
2018-01-22,6,2,52
2018-01-23,6,2,55
2018-01-24,6,2,58
2018-01-25,6,2,61
2018-01-26,6,2,65
2018-01-27,6,2,68
2018-01-28,6,2,71
2018-01-29,6,2,52
2018-01-30,6,2,55
2018-01-31,6,2,58
2018-02-01,6,2,63
2018-02-02,6,2,66
2018-02-03,6,2,69
2018-02-04,6,2,73
2018-02-05,6,2,53
2018-02-06,6,2,56
2018-02-07,6,2,60
2018-02-08,6,2,63
2018-02-09,6,2,66
2018-02-10,6,2,69
2018-02-11,6,2,72
2018-02-12,6,2,53
2018-02-13,6,2,56
2018-02-14,6,2,59
2018-02-15,6,2,63
2018-02-16,6,2,66
2018-02-17,6,2,69
2018-02-18,6,2,72
2018-02-19,6,2,53
2018-02-20,6,2,56
2018-02-21,6,2,59
2018-02-22,6,2,62
2018-02-23,6,2,65
2018-02-24,6,2,69
2018-02-25,6,2,72
2018-02-26,6,2,52
2018-02-27,6,2,56
2018-02-28,6,2,59
2018-03-01,6,2,64
2018-03-02,6,2,67
2018-03-03,6,2,70
2018-03-04,6,2,73
2018-03-05,6,2,54
2018-03-06,6,2,57
2018-03-07,6,2,60
2018-03-08,6,2,64
2018-03-09,6,2,67
2018-03-10,6,2,70
2018-03-11,6,2,73
2018-03-12,6,2,54
2018-03-13,6,2,57
2018-03-14,6,2,60
2018-03-15,6,2,63
2018-03-16,6,2,67
2018-03-17,6,2,70
2018-03-18,6,2,73
2018-03-19,6,2,54
2018-03-20,6,2,57
2018-03-21,6,2,60
2018-03-22,6,2,63
2018-03-23,6,2,66
2018-03-24,6,2,69
2018-03-25,6,2,73
2018-03-26,6,2,53
2018-03-27,6,2,56
2018-03-28,6,2,60
2018-03-29,6,2,63
2018-03-30,6,2,66
2018-03-31,6,2,69
2018-01-01,7,2,53
2018-01-02,7,2,56
2018-01-03,7,2,59
2018-01-04,7,2,62
2018-01-05,7,2,65
2018-01-06,7,2,69
2018-01-07,7,2,72
2018-01-08,7,2,52
2018-01-09,7,2,56
2018-01-10,7,2,59
2018-01-11,7,2,62
2018-01-12,7,2,65
2018-01-13,7,2,68
2018-01-14,7,2,71
2018-01-15,7,2,52
2018-01-16,7,2,55
2018-01-17,7,2,58
2018-01-18,7,2,62
2018-01-19,7,2,65
2018-01-20,7,2,68
2018-01-21,7,2,71
2018-01-22,7,2,52
2018-01-23,7,2,55
2018-01-24,7,2,58
2018-01-25,7,2,61
2018-01-26,7,2,65
2018-01-27,7,2,68
2018-01-28,7,2,71
2018-01-29,7,2,52
2018-01-30,7,2,55
2018-01-31,7,2,58
2018-02-01,7,2,63
2018-02-02,7,2,66
2018-02-03,7,2,69
2018-02-04,7,2,73
2018-02-05,7,2,53
2018-02-06,7,2,56
2018-02-07,7,2,60
2018-02-08,7,2,63
2018-02-09,7,2,66
2018-02-10,7,2,69
2018-02-11,7,2,72
2018-02-12,7,2,53
2018-02-13,7,2,56
2018-02-14,7,2,59
2018-02-15,7,2,62
2018-02-16,7,2,66
2018-02-17,7,2,69
2018-02-18,7,2,72
2018-02-19,7,2,53
2018-02-20,7,2,56
2018-02-21,7,2,59
2018-02-22,7,2,62
2018-02-23,7,2,65
2018-02-24,7,2,69
2018-02-25,7,2,72
2018-02-26,7,2,52
2018-02-27,7,2,56
2018-02-28,7,2,59
2018-03-01,7,2,64
2018-03-02,7,2,67
2018-03-03,7,2,70
2018-03-04,7,2,73
2018-03-05,7,2,54
2018-03-06,7,2,57
2018-03-07,7,2,60
2018-03-08,7,2,64
2018-03-09,7,2,67
2018-03-10,7,2,70
2018-03-11,7,2,73
2018-03-12,7,2,54
2018-03-13,7,2,57
2018-03-14,7,2,60
2018-03-15,7,2,63
2018-03-16,7,2,66
2018-03-17,7,2,70
2018-03-18,7,2,73
2018-03-19,7,2,54
2018-03-20,7,2,57
2018-03-21,7,2,60
2018-03-22,7,2,63
2018-03-23,7,2,66
2018-03-24,7,2,69
2018-03-25,7,2,73
2018-03-26,7,2,53
2018-03-27,7,2,56
2018-03-28,7,2,60
2018-03-29,7,2,63
2018-03-30,7,2,66
2018-03-31,7,2,69
2018-01-01,8,2,53
2018-01-02,8,2,56
2018-01-03,8,2,59
2018-01-04,8,2,62
2018-01-05,8,2,65
2018-01-06,8,2,68
2018-01-07,8,2,72
2018-01-08,8,2,52
2018-01-09,8,2,55
2018-01-10,8,2,59
2018-01-11,8,2,62
2018-01-12,8,2,65
2018-01-13,8,2,68
2018-01-14,8,2,71
2018-01-15,8,2,52
2018-01-16,8,2,55
2018-01-17,8,2,58
2018-01-18,8,2,62
2018-01-19,8,2,65
2018-01-20,8,2,68
2018-01-21,8,2,71
2018-01-22,8,2,52
2018-01-23,8,2,55
2018-01-24,8,2,58
2018-01-25,8,2,61
2018-01-26,8,2,64
2018-01-27,8,2,68
2018-01-28,8,2,71
2018-01-29,8,2,52
2018-01-30,8,2,55
2018-01-31,8,2,58
2018-02-01,8,2,63
2018-02-02,8,2,66
2018-02-03,8,2,69
2018-02-04,8,2,72
2018-02-05,8,2,53
2018-02-06,8,2,56
2018-02-07,8,2,59
2018-02-08,8,2,63
2018-02-09,8,2,66
2018-02-10,8,2,69
2018-02-11,8,2,72
2018-02-12,8,2,53
2018-02-13,8,2,56
2018-02-14,8,2,59
2018-02-15,8,2,62
2018-02-16,8,2,66
2018-02-17,8,2,69
2018-02-18,8,2,72
2018-02-19,8,2,53
2018-02-20,8,2,56
2018-02-21,8,2,59
2018-02-22,8,2,62
2018-02-23,8,2,65
2018-02-24,8,2,68
2018-02-25,8,2,72
2018-02-26,8,2,52
2018-02-27,8,2,56
2018-02-28,8,2,59
2018-03-01,8,2,64
2018-03-02,8,2,67
2018-03-03,8,2,70
2018-03-04,8,2,73
2018-03-05,8,2,54
2018-03-06,8,2,57
2018-03-07,8,2,60
2018-03-08,8,2,63
2018-03-09,8,2,67
2018-03-10,8,2,70
2018-03-11,8,2,73
2018-03-12,8,2,54
2018-03-13,8,2,57
2018-03-14,8,2,60
2018-03-15,8,2,63
2018-03-16,8,2,66
2018-03-17,8,2,70
2018-03-18,8,2,73
2018-03-19,8,2,53
2018-03-20,8,2,57
2018-03-21,8,2,60
2018-03-22,8,2,63
2018-03-23,8,2,66
2018-03-24,8,2,69
2018-03-25,8,2,72
2018-03-26,8,2,53
2018-03-27,8,2,56
2018-03-28,8,2,60
2018-03-29,8,2,63
2018-03-30,8,2,66
2018-03-31,8,2,69
2018-01-01,9,2,53
2018-01-02,9,2,56
2018-01-03,9,2,59
2018-01-04,9,2,62
2018-01-05,9,2,65
2018-01-06,9,2,68
2018-01-07,9,2,72
2018-01-08,9,2,52
2018-01-09,9,2,55
2018-01-10,9,2,59
2018-01-11,9,2,62
2018-01-12,9,2,65
2018-01-13,9,2,68
2018-01-14,9,2,71
2018-01-15,9,2,52
2018-01-16,9,2,55
2018-01-17,9,2,58
2018-01-18,9,2,61
2018-01-19,9,2,65
2018-01-20,9,2,68
2018-01-21,9,2,71
2018-01-22,9,2,52
2018-01-23,9,2,55
2018-01-24,9,2,58
2018-01-25,9,2,61
2018-01-26,9,2,64
2018-01-27,9,2,68
2018-01-28,9,2,71
2018-01-29,9,2,51
2018-01-30,9,2,55
2018-01-31,9,2,58
2018-02-01,9,2,63
2018-02-02,9,2,66
2018-02-03,9,2,69
2018-02-04,9,2,72
2018-02-05,9,2,53
2018-02-06,9,2,56
2018-02-07,9,2,59
2018-02-08,9,2,63
2018-02-09,9,2,66
2018-02-10,9,2,69
2018-02-11,9,2,72
2018-02-12,9,2,53
2018-02-13,9,2,56
2018-02-14,9,2,59
2018-02-15,9,2,62
2018-02-16,9,2,65
2018-02-17,9,2,69
2018-02-18,9,2,72
2018-02-19,9,2,53
2018-02-20,9,2,56
2018-02-21,9,2,59
2018-02-22,9,2,62
2018-02-23,9,2,65
2018-02-24,9,2,68
2018-02-25,9,2,72
2018-02-26,9,2,52
2018-02-27,9,2,55
2018-02-28,9,2,59
2018-03-01,9,2,64
2018-03-02,9,2,67
2018-03-03,9,2,70
2018-03-04,9,2,73
2018-03-05,9,2,54
2018-03-06,9,2,57
2018-03-07,9,2,60
2018-03-08,9,2,63
2018-03-09,9,2,67
2018-03-10,9,2,70
2018-03-11,9,2,73
2018-03-12,9,2,54
2018-03-13,9,2,57
2018-03-14,9,2,60
2018-03-15,9,2,63
2018-03-16,9,2,66
2018-03-17,9,2,69
2018-03-18,9,2,73
2018-03-19,9,2,53
2018-03-20,9,2,57
2018-03-21,9,2,60
2018-03-22,9,2,63
2018-03-23,9,2,66
2018-03-24,9,2,69
2018-03-25,9,2,72
2018-03-26,9,2,53
2018-03-27,9,2,56
2018-03-28,9,2,59
2018-03-29,9,2,63
2018-03-30,9,2,66
2018-03-31,9,2,69
2018-01-01,10,2,52
2018-01-02,10,2,56
2018-01-03,10,2,59
2018-01-04,10,2,62
2018-01-05,10,2,65
2018-01-06,10,2,68
2018-01-07,10,2,71
2018-01-08,10,2,52
2018-01-09,10,2,55
2018-01-10,10,2,59
2018-01-11,10,2,62
2018-01-12,10,2,65
2018-01-13,10,2,68
2018-01-14,10,2,71
2018-01-15,10,2,52
2018-01-16,10,2,55
2018-01-17,10,2,58
2018-01-18,10,2,61
2018-01-19,10,2,65
2018-01-20,10,2,68
2018-01-21,10,2,71
2018-01-22,10,2,52
2018-01-23,10,2,55
2018-01-24,10,2,58
2018-01-25,10,2,61
2018-01-26,10,2,64
2018-01-27,10,2,67
2018-01-28,10,2,71
2018-01-29,10,2,51
2018-01-30,10,2,55
2018-01-31,10,2,58
2018-02-01,10,2,63
2018-02-02,10,2,66
2018-02-03,10,2,69
2018-02-04,10,2,72
2018-02-05,10,2,53
2018-02-06,10,2,56
2018-02-07,10,2,59
2018-02-08,10,2,63
2018-02-09,10,2,66
2018-02-10,10,2,69
2018-02-11,10,2,72
2018-02-12,10,2,53
2018-02-13,10,2,56
2018-02-14,10,2,59
2018-02-15,10,2,62
2018-02-16,10,2,65
2018-02-17,10,2,69
2018-02-18,10,2,72
2018-02-19,10,2,52
2018-02-20,10,2,56
2018-02-21,10,2,59
2018-02-22,10,2,62
2018-02-23,10,2,65
2018-02-24,10,2,68
2018-02-25,10,2,71
2018-02-26,10,2,52
2018-02-27,10,2,55
2018-02-28,10,2,59
2018-03-01,10,2,64
2018-03-02,10,2,67
2018-03-03,10,2,70
2018-03-04,10,2,73
2018-03-05,10,2,54
2018-03-06,10,2,57
2018-03-07,10,2,60
2018-03-08,10,2,63
2018-03-09,10,2,66
2018-03-10,10,2,70
2018-03-11,10,2,73
2018-03-12,10,2,54
2018-03-13,10,2,57
2018-03-14,10,2,60
2018-03-15,10,2,63
2018-03-16,10,2,66
2018-03-17,10,2,69
2018-03-18,10,2,73
2018-03-19,10,2,53
2018-03-20,10,2,56
2018-03-21,10,2,60
2018-03-22,10,2,63
2018-03-23,10,2,66
2018-03-24,10,2,69
2018-03-25,10,2,72
2018-03-26,10,2,53
2018-03-27,10,2,56
2018-03-28,10,2,59
2018-03-29,10,2,63
2018-03-30,10,2,66
2018-03-31,10,2,69
2018-01-01,1,3,53
2018-01-02,1,3,56
2018-01-03,1,3,59
2018-01-04,1,3,63
2018-01-05,1,3,66
2018-01-06,1,3,69
2018-01-07,1,3,72
2018-01-08,1,3,53
2018-01-09,1,3,56
2018-01-10,1,3,59
2018-01-11,1,3,62
2018-01-12,1,3,65
2018-01-13,1,3,69
2018-01-14,1,3,72
2018-01-15,1,3,52
2018-01-16,1,3,56
2018-01-17,1,3,59
2018-01-18,1,3,62
2018-01-19,1,3,65
2018-01-20,1,3,68
2018-01-21,1,3,71
2018-01-22,1,3,52
2018-01-23,1,3,55
2018-01-24,1,3,59
2018-01-25,1,3,62
2018-01-26,1,3,65
2018-01-27,1,3,68
2018-01-28,1,3,71
2018-01-29,1,3,52
2018-01-30,1,3,55
2018-01-31,1,3,58
2018-02-01,1,3,63
2018-02-02,1,3,67
2018-02-03,1,3,70
2018-02-04,1,3,73
2018-02-05,1,3,54
2018-02-06,1,3,57
2018-02-07,1,3,60
2018-02-08,1,3,63
2018-02-09,1,3,66
2018-02-10,1,3,69
2018-02-11,1,3,73
2018-02-12,1,3,53
2018-02-13,1,3,56
2018-02-14,1,3,60
2018-02-15,1,3,63
2018-02-16,1,3,66
2018-02-17,1,3,69
2018-02-18,1,3,72
2018-02-19,1,3,53
2018-02-20,1,3,56
2018-02-21,1,3,59
2018-02-22,1,3,63
2018-02-23,1,3,66
2018-02-24,1,3,69
2018-02-25,1,3,72
2018-02-26,1,3,53
2018-02-27,1,3,56
2018-02-28,1,3,59
2018-03-01,1,3,64
2018-03-02,1,3,67
2018-03-03,1,3,71
2018-03-04,1,3,74
2018-03-05,1,3,54
2018-03-06,1,3,58
2018-03-07,1,3,61
2018-03-08,1,3,64
2018-03-09,1,3,67
2018-03-10,1,3,70
2018-03-11,1,3,73
2018-03-12,1,3,54
2018-03-13,1,3,57
2018-03-14,1,3,60
2018-03-15,1,3,64
2018-03-16,1,3,67
2018-03-17,1,3,70
2018-03-18,1,3,73
2018-03-19,1,3,54
2018-03-20,1,3,57
2018-03-21,1,3,60
2018-03-22,1,3,63
2018-03-23,1,3,67
2018-03-24,1,3,70
2018-03-25,1,3,73
2018-03-26,1,3,54
2018-03-27,1,3,57
2018-03-28,1,3,60
2018-03-29,1,3,63
2018-03-30,1,3,66
2018-03-31,1,3,69
2018-01-01,2,3,53
2018-01-02,2,3,56
2018-01-03,2,3,59
2018-01-04,2,3,62
2018-01-05,2,3,66
2018-01-06,2,3,69
2018-01-07,2,3,72
2018-01-08,2,3,53
2018-01-09,2,3,56
2018-01-10,2,3,59
2018-01-11,2,3,62
2018-01-12,2,3,65
2018-01-13,2,3,69
2018-01-14,2,3,72
2018-01-15,2,3,52
2018-01-16,2,3,56
2018-01-17,2,3,59
2018-01-18,2,3,62
2018-01-19,2,3,65
2018-01-20,2,3,68
2018-01-21,2,3,71
2018-01-22,2,3,52
2018-01-23,2,3,55
2018-01-24,2,3,58
2018-01-25,2,3,62
2018-01-26,2,3,65
2018-01-27,2,3,68
2018-01-28,2,3,71
2018-01-29,2,3,52
2018-01-30,2,3,55
2018-01-31,2,3,58
2018-02-01,2,3,63
2018-02-02,2,3,66
2018-02-03,2,3,70
2018-02-04,2,3,73
2018-02-05,2,3,54
2018-02-06,2,3,57
2018-02-07,2,3,60
2018-02-08,2,3,63
2018-02-09,2,3,66
2018-02-10,2,3,69
2018-02-11,2,3,73
2018-02-12,2,3,53
2018-02-13,2,3,56
2018-02-14,2,3,60
2018-02-15,2,3,63
2018-02-16,2,3,66
2018-02-17,2,3,69
2018-02-18,2,3,72
2018-02-19,2,3,53
2018-02-20,2,3,56
2018-02-21,2,3,59
2018-02-22,2,3,62
2018-02-23,2,3,66
2018-02-24,2,3,69
2018-02-25,2,3,72
2018-02-26,2,3,53
2018-02-27,2,3,56
2018-02-28,2,3,59
2018-03-01,2,3,64
2018-03-02,2,3,67
2018-03-03,2,3,70
2018-03-04,2,3,74
2018-03-05,2,3,54
2018-03-06,2,3,58
2018-03-07,2,3,61
2018-03-08,2,3,64
2018-03-09,2,3,67
2018-03-10,2,3,70
2018-03-11,2,3,73
2018-03-12,2,3,54
2018-03-13,2,3,57
2018-03-14,2,3,60
2018-03-15,2,3,64
2018-03-16,2,3,67
2018-03-17,2,3,70
2018-03-18,2,3,73
2018-03-19,2,3,54
2018-03-20,2,3,57
2018-03-21,2,3,60
2018-03-22,2,3,63
2018-03-23,2,3,66
2018-03-24,2,3,70
2018-03-25,2,3,73
2018-03-26,2,3,54
2018-03-27,2,3,57
2018-03-28,2,3,60
2018-03-29,2,3,63
2018-03-30,2,3,66
2018-03-31,2,3,69
2018-01-01,3,3,53
2018-01-02,3,3,56
2018-01-03,3,3,59
2018-01-04,3,3,62
2018-01-05,3,3,66
2018-01-06,3,3,69
2018-01-07,3,3,72
2018-01-08,3,3,53
2018-01-09,3,3,56
2018-01-10,3,3,59
2018-01-11,3,3,62
2018-01-12,3,3,65
2018-01-13,3,3,68
2018-01-14,3,3,72
2018-01-15,3,3,52
2018-01-16,3,3,55
2018-01-17,3,3,59
2018-01-18,3,3,62
2018-01-19,3,3,65
2018-01-20,3,3,68
2018-01-21,3,3,71
2018-01-22,3,3,52
2018-01-23,3,3,55
2018-01-24,3,3,58
2018-01-25,3,3,62
2018-01-26,3,3,65
2018-01-27,3,3,68
2018-01-28,3,3,71
2018-01-29,3,3,52
2018-01-30,3,3,55
2018-01-31,3,3,58
2018-02-01,3,3,63
2018-02-02,3,3,66
2018-02-03,3,3,70
2018-02-04,3,3,73
2018-02-05,3,3,53
2018-02-06,3,3,57
2018-02-07,3,3,60
2018-02-08,3,3,63
2018-02-09,3,3,66
2018-02-10,3,3,69
2018-02-11,3,3,72
2018-02-12,3,3,53
2018-02-13,3,3,56
2018-02-14,3,3,59
2018-02-15,3,3,63
2018-02-16,3,3,66
2018-02-17,3,3,69
2018-02-18,3,3,72
2018-02-19,3,3,53
2018-02-20,3,3,56
2018-02-21,3,3,59
2018-02-22,3,3,62
2018-02-23,3,3,66
2018-02-24,3,3,69
2018-02-25,3,3,72
2018-02-26,3,3,53
2018-02-27,3,3,56
2018-02-28,3,3,59
2018-03-01,3,3,64
2018-03-02,3,3,67
2018-03-03,3,3,70
2018-03-04,3,3,74
2018-03-05,3,3,54
2018-03-06,3,3,57
2018-03-07,3,3,61
2018-03-08,3,3,64
2018-03-09,3,3,67
2018-03-10,3,3,70
2018-03-11,3,3,73
2018-03-12,3,3,54
2018-03-13,3,3,57
2018-03-14,3,3,60
2018-03-15,3,3,63
2018-03-16,3,3,67
2018-03-17,3,3,70
2018-03-18,3,3,73
2018-03-19,3,3,54
2018-03-20,3,3,57
2018-03-21,3,3,60
2018-03-22,3,3,63
2018-03-23,3,3,66
2018-03-24,3,3,70
2018-03-25,3,3,73
2018-03-26,3,3,53
2018-03-27,3,3,57
2018-03-28,3,3,60
2018-03-29,3,3,63
2018-03-30,3,3,66
2018-03-31,3,3,69
2018-01-01,4,3,53
2018-01-02,4,3,56
2018-01-03,4,3,59
2018-01-04,4,3,62
2018-01-05,4,3,65
2018-01-06,4,3,69
2018-01-07,4,3,72
2018-01-08,4,3,53
2018-01-09,4,3,56
2018-01-10,4,3,59
2018-01-11,4,3,62
2018-01-12,4,3,65
2018-01-13,4,3,68
2018-01-14,4,3,72
2018-01-15,4,3,52
2018-01-16,4,3,55
2018-01-17,4,3,59
2018-01-18,4,3,62
2018-01-19,4,3,65
2018-01-20,4,3,68
2018-01-21,4,3,71
2018-01-22,4,3,52
2018-01-23,4,3,55
2018-01-24,4,3,58
2018-01-25,4,3,61
2018-01-26,4,3,65
2018-01-27,4,3,68
2018-01-28,4,3,71
2018-01-29,4,3,52
2018-01-30,4,3,55
2018-01-31,4,3,58
2018-02-01,4,3,63
2018-02-02,4,3,66
2018-02-03,4,3,69
2018-02-04,4,3,73
2018-02-05,4,3,53
2018-02-06,4,3,57
2018-02-07,4,3,60
2018-02-08,4,3,63
2018-02-09,4,3,66
2018-02-10,4,3,69
2018-02-11,4,3,72
2018-02-12,4,3,53
2018-02-13,4,3,56
2018-02-14,4,3,59
2018-02-15,4,3,63
2018-02-16,4,3,66
2018-02-17,4,3,69
2018-02-18,4,3,72
2018-02-19,4,3,53
2018-02-20,4,3,56
2018-02-21,4,3,59
2018-02-22,4,3,62
2018-02-23,4,3,65
2018-02-24,4,3,69
2018-02-25,4,3,72
2018-02-26,4,3,53
2018-02-27,4,3,56
2018-02-28,4,3,59
2018-03-01,4,3,64
2018-03-02,4,3,67
2018-03-03,4,3,70
2018-03-04,4,3,73
2018-03-05,4,3,54
2018-03-06,4,3,57
2018-03-07,4,3,61
2018-03-08,4,3,64
2018-03-09,4,3,67
2018-03-10,4,3,70
2018-03-11,4,3,73
2018-03-12,4,3,54
2018-03-13,4,3,57
2018-03-14,4,3,60
2018-03-15,4,3,63
2018-03-16,4,3,67
2018-03-17,4,3,70
2018-03-18,4,3,73
2018-03-19,4,3,54
2018-03-20,4,3,57
2018-03-21,4,3,60
2018-03-22,4,3,63
2018-03-23,4,3,66
2018-03-24,4,3,69
2018-03-25,4,3,73
2018-03-26,4,3,53
2018-03-27,4,3,57
2018-03-28,4,3,60
2018-03-29,4,3,63
2018-03-30,4,3,66
2018-03-31,4,3,69
2018-01-01,5,3,53
2018-01-02,5,3,56
2018-01-03,5,3,59
2018-01-04,5,3,62
2018-01-05,5,3,65
2018-01-06,5,3,69
2018-01-07,5,3,72
2018-01-08,5,3,52
2018-01-09,5,3,56
2018-01-10,5,3,59
2018-01-11,5,3,62
2018-01-12,5,3,65
2018-01-13,5,3,68
2018-01-14,5,3,71
2018-01-15,5,3,52
2018-01-16,5,3,55
2018-01-17,5,3,59
2018-01-18,5,3,62
2018-01-19,5,3,65
2018-01-20,5,3,68
2018-01-21,5,3,71
2018-01-22,5,3,52
2018-01-23,5,3,55
2018-01-24,5,3,58
2018-01-25,5,3,61
2018-01-26,5,3,65
2018-01-27,5,3,68
2018-01-28,5,3,71
2018-01-29,5,3,52
2018-01-30,5,3,55
2018-01-31,5,3,58
2018-02-01,5,3,63
2018-02-02,5,3,66
2018-02-03,5,3,69
2018-02-04,5,3,73
2018-02-05,5,3,53
2018-02-06,5,3,56
2018-02-07,5,3,60
2018-02-08,5,3,63
2018-02-09,5,3,66
2018-02-10,5,3,69
2018-02-11,5,3,72
2018-02-12,5,3,53
2018-02-13,5,3,56
2018-02-14,5,3,59
2018-02-15,5,3,63
2018-02-16,5,3,66
2018-02-17,5,3,69
2018-02-18,5,3,72
2018-02-19,5,3,53
2018-02-20,5,3,56
2018-02-21,5,3,59
2018-02-22,5,3,62
2018-02-23,5,3,65
2018-02-24,5,3,69
2018-02-25,5,3,72
2018-02-26,5,3,52
2018-02-27,5,3,56
2018-02-28,5,3,59
2018-03-01,5,3,64
2018-03-02,5,3,67
2018-03-03,5,3,70
2018-03-04,5,3,73
2018-03-05,5,3,54
2018-03-06,5,3,57
2018-03-07,5,3,60
2018-03-08,5,3,64
2018-03-09,5,3,67
2018-03-10,5,3,70
2018-03-11,5,3,73
2018-03-12,5,3,54
2018-03-13,5,3,57
2018-03-14,5,3,60
2018-03-15,5,3,63
2018-03-16,5,3,67
2018-03-17,5,3,70
2018-03-18,5,3,73
2018-03-19,5,3,54
2018-03-20,5,3,57
2018-03-21,5,3,60
2018-03-22,5,3,63
2018-03-23,5,3,66
2018-03-24,5,3,69
2018-03-25,5,3,73
2018-03-26,5,3,53
2018-03-27,5,3,56
2018-03-28,5,3,60
2018-03-29,5,3,63
2018-03-30,5,3,66
2018-03-31,5,3,69
2018-01-01,6,3,53
2018-01-02,6,3,56
2018-01-03,6,3,59
2018-01-04,6,3,62
2018-01-05,6,3,65
2018-01-06,6,3,68
2018-01-07,6,3,72
2018-01-08,6,3,52
2018-01-09,6,3,56
2018-01-10,6,3,59
2018-01-11,6,3,62
2018-01-12,6,3,65
2018-01-13,6,3,68
2018-01-14,6,3,71
2018-01-15,6,3,52
2018-01-16,6,3,55
2018-01-17,6,3,58
2018-01-18,6,3,62
2018-01-19,6,3,65
2018-01-20,6,3,68
2018-01-21,6,3,71
2018-01-22,6,3,52
2018-01-23,6,3,55
2018-01-24,6,3,58
2018-01-25,6,3,61
2018-01-26,6,3,64
2018-01-27,6,3,68
2018-01-28,6,3,71
2018-01-29,6,3,52
2018-01-30,6,3,55
2018-01-31,6,3,58
2018-02-01,6,3,63
2018-02-02,6,3,66
2018-02-03,6,3,69
2018-02-04,6,3,72
2018-02-05,6,3,53
2018-02-06,6,3,56
2018-02-07,6,3,60
2018-02-08,6,3,63
2018-02-09,6,3,66
2018-02-10,6,3,69
2018-02-11,6,3,72
2018-02-12,6,3,53
2018-02-13,6,3,56
2018-02-14,6,3,59
2018-02-15,6,3,62
2018-02-16,6,3,66
2018-02-17,6,3,69
2018-02-18,6,3,72
2018-02-19,6,3,53
2018-02-20,6,3,56
2018-02-21,6,3,59
2018-02-22,6,3,62
2018-02-23,6,3,65
2018-02-24,6,3,68
2018-02-25,6,3,72
2018-02-26,6,3,52
2018-02-27,6,3,56
2018-02-28,6,3,59
2018-03-01,6,3,64
2018-03-02,6,3,67
2018-03-03,6,3,70
2018-03-04,6,3,73
2018-03-05,6,3,54
2018-03-06,6,3,57
2018-03-07,6,3,60
2018-03-08,6,3,64
2018-03-09,6,3,67
2018-03-10,6,3,70
2018-03-11,6,3,73
2018-03-12,6,3,54
2018-03-13,6,3,57
2018-03-14,6,3,60
2018-03-15,6,3,63
2018-03-16,6,3,66
2018-03-17,6,3,70
2018-03-18,6,3,73
2018-03-19,6,3,53
2018-03-20,6,3,57
2018-03-21,6,3,60
2018-03-22,6,3,63
2018-03-23,6,3,66
2018-03-24,6,3,69
2018-03-25,6,3,72
2018-03-26,6,3,53
2018-03-27,6,3,56
2018-03-28,6,3,60
2018-03-29,6,3,63
2018-03-30,6,3,66
2018-03-31,6,3,69
2018-01-01,7,3,53
2018-01-02,7,3,56
2018-01-03,7,3,59
2018-01-04,7,3,62
2018-01-05,7,3,65
2018-01-06,7,3,68
2018-01-07,7,3,72
2018-01-08,7,3,52
2018-01-09,7,3,55
2018-01-10,7,3,59
2018-01-11,7,3,62
2018-01-12,7,3,65
2018-01-13,7,3,68
2018-01-14,7,3,71
2018-01-15,7,3,52
2018-01-16,7,3,55
2018-01-17,7,3,58
2018-01-18,7,3,62
2018-01-19,7,3,65
2018-01-20,7,3,68
2018-01-21,7,3,71
2018-01-22,7,3,52
2018-01-23,7,3,55
2018-01-24,7,3,58
2018-01-25,7,3,61
2018-01-26,7,3,64
2018-01-27,7,3,68
2018-01-28,7,3,71
2018-01-29,7,3,51
2018-01-30,7,3,55
2018-01-31,7,3,58
2018-02-01,7,3,63
2018-02-02,7,3,66
2018-02-03,7,3,69
2018-02-04,7,3,72
2018-02-05,7,3,53
2018-02-06,7,3,56
2018-02-07,7,3,59
2018-02-08,7,3,63
2018-02-09,7,3,66
2018-02-10,7,3,69
2018-02-11,7,3,72
2018-02-12,7,3,53
2018-02-13,7,3,56
2018-02-14,7,3,59
2018-02-15,7,3,62
2018-02-16,7,3,66
2018-02-17,7,3,69
2018-02-18,7,3,72
2018-02-19,7,3,53
2018-02-20,7,3,56
2018-02-21,7,3,59
2018-02-22,7,3,62
2018-02-23,7,3,65
2018-02-24,7,3,68
2018-02-25,7,3,72
2018-02-26,7,3,52
2018-02-27,7,3,55
2018-02-28,7,3,59
2018-03-01,7,3,64
2018-03-02,7,3,67
2018-03-03,7,3,70
2018-03-04,7,3,73
2018-03-05,7,3,54
2018-03-06,7,3,57
2018-03-07,7,3,60
2018-03-08,7,3,63
2018-03-09,7,3,67
2018-03-10,7,3,70
2018-03-11,7,3,73
2018-03-12,7,3,54
2018-03-13,7,3,57
2018-03-14,7,3,60
2018-03-15,7,3,63
2018-03-16,7,3,66
2018-03-17,7,3,70
2018-03-18,7,3,73
2018-03-19,7,3,53
2018-03-20,7,3,57
2018-03-21,7,3,60
2018-03-22,7,3,63
2018-03-23,7,3,66
2018-03-24,7,3,69
2018-03-25,7,3,72
2018-03-26,7,3,53
2018-03-27,7,3,56
2018-03-28,7,3,59
2018-03-29,7,3,63
2018-03-30,7,3,66
2018-03-31,7,3,69
2018-01-01,8,3,52
2018-01-02,8,3,56
2018-01-03,8,3,59
2018-01-04,8,3,62
2018-01-05,8,3,65
2018-01-06,8,3,68
2018-01-07,8,3,71
2018-01-08,8,3,52
2018-01-09,8,3,55
2018-01-10,8,3,59
2018-01-11,8,3,62
2018-01-12,8,3,65
2018-01-13,8,3,68
2018-01-14,8,3,71
2018-01-15,8,3,52
2018-01-16,8,3,55
2018-01-17,8,3,58
2018-01-18,8,3,61
2018-01-19,8,3,65
2018-01-20,8,3,68
2018-01-21,8,3,71
2018-01-22,8,3,52
2018-01-23,8,3,55
2018-01-24,8,3,58
2018-01-25,8,3,61
2018-01-26,8,3,64
2018-01-27,8,3,68
2018-01-28,8,3,71
2018-01-29,8,3,51
2018-01-30,8,3,55
2018-01-31,8,3,58
2018-02-01,8,3,63
2018-02-02,8,3,66
2018-02-03,8,3,69
2018-02-04,8,3,72
2018-02-05,8,3,53
2018-02-06,8,3,56
2018-02-07,8,3,59
2018-02-08,8,3,63
2018-02-09,8,3,66
2018-02-10,8,3,69
2018-02-11,8,3,72
2018-02-12,8,3,53
2018-02-13,8,3,56
2018-02-14,8,3,59
2018-02-15,8,3,62
2018-02-16,8,3,65
2018-02-17,8,3,69
2018-02-18,8,3,72
2018-02-19,8,3,53
2018-02-20,8,3,56
2018-02-21,8,3,59
2018-02-22,8,3,62
2018-02-23,8,3,65
2018-02-24,8,3,68
2018-02-25,8,3,72
2018-02-26,8,3,52
2018-02-27,8,3,55
2018-02-28,8,3,59
2018-03-01,8,3,64
2018-03-02,8,3,67
2018-03-03,8,3,70
2018-03-04,8,3,73
2018-03-05,8,3,54
2018-03-06,8,3,57
2018-03-07,8,3,60
2018-03-08,8,3,63
2018-03-09,8,3,67
2018-03-10,8,3,70
2018-03-11,8,3,73
2018-03-12,8,3,54
2018-03-13,8,3,57
2018-03-14,8,3,60
2018-03-15,8,3,63
2018-03-16,8,3,66
2018-03-17,8,3,69
2018-03-18,8,3,73
2018-03-19,8,3,53
2018-03-20,8,3,56
2018-03-21,8,3,60
2018-03-22,8,3,63
2018-03-23,8,3,66
2018-03-24,8,3,69
2018-03-25,8,3,72
2018-03-26,8,3,53
2018-03-27,8,3,56
2018-03-28,8,3,59
2018-03-29,8,3,63
2018-03-30,8,3,66
2018-03-31,8,3,69
2018-01-01,9,3,52
2018-01-02,9,3,56
2018-01-03,9,3,59
2018-01-04,9,3,62
2018-01-05,9,3,65
2018-01-06,9,3,68
2018-01-07,9,3,71
2018-01-08,9,3,52
2018-01-09,9,3,55
2018-01-10,9,3,58
2018-01-11,9,3,62
2018-01-12,9,3,65
2018-01-13,9,3,68
2018-01-14,9,3,71
2018-01-15,9,3,52
2018-01-16,9,3,55
2018-01-17,9,3,58
2018-01-18,9,3,61
2018-01-19,9,3,65
2018-01-20,9,3,68
2018-01-21,9,3,71
2018-01-22,9,3,52
2018-01-23,9,3,55
2018-01-24,9,3,58
2018-01-25,9,3,61
2018-01-26,9,3,64
2018-01-27,9,3,67
2018-01-28,9,3,71
2018-01-29,9,3,51
2018-01-30,9,3,54
2018-01-31,9,3,58
2018-02-01,9,3,63
2018-02-02,9,3,66
2018-02-03,9,3,69
2018-02-04,9,3,72
2018-02-05,9,3,53
2018-02-06,9,3,56
2018-02-07,9,3,59
2018-02-08,9,3,62
2018-02-09,9,3,66
2018-02-10,9,3,69
2018-02-11,9,3,72
2018-02-12,9,3,53
2018-02-13,9,3,56
2018-02-14,9,3,59
2018-02-15,9,3,62
2018-02-16,9,3,65
2018-02-17,9,3,69
2018-02-18,9,3,72
2018-02-19,9,3,52
2018-02-20,9,3,56
2018-02-21,9,3,59
2018-02-22,9,3,62
2018-02-23,9,3,65
2018-02-24,9,3,68
2018-02-25,9,3,71
2018-02-26,9,3,52
2018-02-27,9,3,55
2018-02-28,9,3,58
2018-03-01,9,3,64
2018-03-02,9,3,67
2018-03-03,9,3,70
2018-03-04,9,3,73
2018-03-05,9,3,54
2018-03-06,9,3,57
2018-03-07,9,3,60
2018-03-08,9,3,63
2018-03-09,9,3,66
2018-03-10,9,3,70
2018-03-11,9,3,73
2018-03-12,9,3,54
2018-03-13,9,3,57
2018-03-14,9,3,60
2018-03-15,9,3,63
2018-03-16,9,3,66
2018-03-17,9,3,69
2018-03-18,9,3,73
2018-03-19,9,3,53
2018-03-20,9,3,56
2018-03-21,9,3,60
2018-03-22,9,3,63
2018-03-23,9,3,66
2018-03-24,9,3,69
2018-03-25,9,3,72
2018-03-26,9,3,53
2018-03-27,9,3,56
2018-03-28,9,3,59
2018-03-29,9,3,62
2018-03-30,9,3,66
2018-03-31,9,3,69
2018-01-01,10,3,52
2018-01-02,10,3,55
2018-01-03,10,3,59
2018-01-04,10,3,62
2018-01-05,10,3,65
2018-01-06,10,3,68
2018-01-07,10,3,71
2018-01-08,10,3,52
2018-01-09,10,3,55
2018-01-10,10,3,58
2018-01-11,10,3,62
2018-01-12,10,3,65
2018-01-13,10,3,68
2018-01-14,10,3,71
2018-01-15,10,3,52
2018-01-16,10,3,55
2018-01-17,10,3,58
2018-01-18,10,3,61
2018-01-19,10,3,64
2018-01-20,10,3,68
2018-01-21,10,3,71
2018-01-22,10,3,52
2018-01-23,10,3,55
2018-01-24,10,3,58
2018-01-25,10,3,61
2018-01-26,10,3,64
2018-01-27,10,3,67
2018-01-28,10,3,71
2018-01-29,10,3,51
2018-01-30,10,3,54
2018-01-31,10,3,58
2018-02-01,10,3,63
2018-02-02,10,3,66
2018-02-03,10,3,69
2018-02-04,10,3,72
2018-02-05,10,3,53
2018-02-06,10,3,56
2018-02-07,10,3,59
2018-02-08,10,3,62
2018-02-09,10,3,66
2018-02-10,10,3,69
2018-02-11,10,3,72
2018-02-12,10,3,53
2018-02-13,10,3,56
2018-02-14,10,3,59
2018-02-15,10,3,62
2018-02-16,10,3,65
2018-02-17,10,3,68
2018-02-18,10,3,72
2018-02-19,10,3,52
2018-02-20,10,3,56
2018-02-21,10,3,59
2018-02-22,10,3,62
2018-02-23,10,3,65
2018-02-24,10,3,68
2018-02-25,10,3,71
2018-02-26,10,3,52
2018-02-27,10,3,55
2018-02-28,10,3,58
2018-03-01,10,3,63
2018-03-02,10,3,67
2018-03-03,10,3,70
2018-03-04,10,3,73
2018-03-05,10,3,54
2018-03-06,10,3,57
2018-03-07,10,3,60
2018-03-08,10,3,63
2018-03-09,10,3,66
2018-03-10,10,3,70
2018-03-11,10,3,73
2018-03-12,10,3,53
2018-03-13,10,3,57
2018-03-14,10,3,60
2018-03-15,10,3,63
2018-03-16,10,3,66
2018-03-17,10,3,69
2018-03-18,10,3,72
2018-03-19,10,3,53
2018-03-20,10,3,56
2018-03-21,10,3,60
2018-03-22,10,3,63
2018-03-23,10,3,66
2018-03-24,10,3,69
2018-03-25,10,3,72
2018-03-26,10,3,53
2018-03-27,10,3,56
2018-03-28,10,3,59
2018-03-29,10,3,62
2018-03-30,10,3,66
2018-03-31,10,3,69
2018-01-01,1,4,53
2018-01-02,1,4,56
2018-01-03,1,4,59
2018-01-04,1,4,62
2018-01-05,1,4,66
2018-01-06,1,4,69
2018-01-07,1,4,72
2018-01-08,1,4,53
2018-01-09,1,4,56
2018-01-10,1,4,59
2018-01-11,1,4,62
2018-01-12,1,4,65
2018-01-13,1,4,68
2018-01-14,1,4,72
2018-01-15,1,4,52
2018-01-16,1,4,56
2018-01-17,1,4,59
2018-01-18,1,4,62
2018-01-19,1,4,65
2018-01-20,1,4,68
2018-01-21,1,4,71
2018-01-22,1,4,52
2018-01-23,1,4,55
2018-01-24,1,4,58
2018-01-25,1,4,62
2018-01-26,1,4,65
2018-01-27,1,4,68
2018-01-28,1,4,71
2018-01-29,1,4,52
2018-01-30,1,4,55
2018-01-31,1,4,58
2018-02-01,1,4,63
2018-02-02,1,4,66
2018-02-03,1,4,70
2018-02-04,1,4,73
2018-02-05,1,4,53
2018-02-06,1,4,57
2018-02-07,1,4,60
2018-02-08,1,4,63
2018-02-09,1,4,66
2018-02-10,1,4,69
2018-02-11,1,4,72
2018-02-12,1,4,53
2018-02-13,1,4,56
2018-02-14,1,4,60
2018-02-15,1,4,63
2018-02-16,1,4,66
2018-02-17,1,4,69
2018-02-18,1,4,72
2018-02-19,1,4,53
2018-02-20,1,4,56
2018-02-21,1,4,59
2018-02-22,1,4,62
2018-02-23,1,4,66
2018-02-24,1,4,69
2018-02-25,1,4,72
2018-02-26,1,4,53
2018-02-27,1,4,56
2018-02-28,1,4,59
2018-03-01,1,4,64
2018-03-02,1,4,67
2018-03-03,1,4,70
2018-03-04,1,4,74
2018-03-05,1,4,54
2018-03-06,1,4,57
2018-03-07,1,4,61
2018-03-08,1,4,64
2018-03-09,1,4,67
2018-03-10,1,4,70
2018-03-11,1,4,73
2018-03-12,1,4,54
2018-03-13,1,4,57
2018-03-14,1,4,60
2018-03-15,1,4,64
2018-03-16,1,4,67
2018-03-17,1,4,70
2018-03-18,1,4,73
2018-03-19,1,4,54
2018-03-20,1,4,57
2018-03-21,1,4,60
2018-03-22,1,4,63
2018-03-23,1,4,66
2018-03-24,1,4,70
2018-03-25,1,4,73
2018-03-26,1,4,53
2018-03-27,1,4,57
2018-03-28,1,4,60
2018-03-29,1,4,63
2018-03-30,1,4,66
2018-03-31,1,4,69
2018-01-01,2,4,53
2018-01-02,2,4,56
2018-01-03,2,4,59
2018-01-04,2,4,62
2018-01-05,2,4,66
2018-01-06,2,4,69
2018-01-07,2,4,72
2018-01-08,2,4,53
2018-01-09,2,4,56
2018-01-10,2,4,59
2018-01-11,2,4,62
2018-01-12,2,4,65
2018-01-13,2,4,68
2018-01-14,2,4,72
2018-01-15,2,4,52
2018-01-16,2,4,55
2018-01-17,2,4,59
2018-01-18,2,4,62
2018-01-19,2,4,65
2018-01-20,2,4,68
2018-01-21,2,4,71
2018-01-22,2,4,52
2018-01-23,2,4,55
2018-01-24,2,4,58
2018-01-25,2,4,62
2018-01-26,2,4,65
2018-01-27,2,4,68
2018-01-28,2,4,71
2018-01-29,2,4,52
2018-01-30,2,4,55
2018-01-31,2,4,58
2018-02-01,2,4,63
2018-02-02,2,4,66
2018-02-03,2,4,70
2018-02-04,2,4,73
2018-02-05,2,4,53
2018-02-06,2,4,57
2018-02-07,2,4,60
2018-02-08,2,4,63
2018-02-09,2,4,66
2018-02-10,2,4,69
2018-02-11,2,4,72
2018-02-12,2,4,53
2018-02-13,2,4,56
2018-02-14,2,4,59
2018-02-15,2,4,63
2018-02-16,2,4,66
2018-02-17,2,4,69
2018-02-18,2,4,72
2018-02-19,2,4,53
2018-02-20,2,4,56
2018-02-21,2,4,59
2018-02-22,2,4,62
2018-02-23,2,4,66
2018-02-24,2,4,69
2018-02-25,2,4,72
2018-02-26,2,4,53
2018-02-27,2,4,56
2018-02-28,2,4,59
2018-03-01,2,4,64
2018-03-02,2,4,67
2018-03-03,2,4,70
2018-03-04,2,4,73
2018-03-05,2,4,54
2018-03-06,2,4,57
2018-03-07,2,4,61
2018-03-08,2,4,64
2018-03-09,2,4,67
2018-03-10,2,4,70
2018-03-11,2,4,73
2018-03-12,2,4,54
2018-03-13,2,4,57
2018-03-14,2,4,60
2018-03-15,2,4,63
2018-03-16,2,4,67
2018-03-17,2,4,70
2018-03-18,2,4,73
2018-03-19,2,4,54
2018-03-20,2,4,57
2018-03-21,2,4,60
2018-03-22,2,4,63
2018-03-23,2,4,66
2018-03-24,2,4,70
2018-03-25,2,4,73
2018-03-26,2,4,53
2018-03-27,2,4,57
2018-03-28,2,4,60
2018-03-29,2,4,63
2018-03-30,2,4,66
2018-03-31,2,4,69
2018-01-01,3,4,53
2018-01-02,3,4,56
2018-01-03,3,4,59
2018-01-04,3,4,62
2018-01-05,3,4,65
2018-01-06,3,4,69
2018-01-07,3,4,72
2018-01-08,3,4,52
2018-01-09,3,4,56
2018-01-10,3,4,59
2018-01-11,3,4,62
2018-01-12,3,4,65
2018-01-13,3,4,68
2018-01-14,3,4,71
2018-01-15,3,4,52
2018-01-16,3,4,55
2018-01-17,3,4,59
2018-01-18,3,4,62
2018-01-19,3,4,65
2018-01-20,3,4,68
2018-01-21,3,4,71
2018-01-22,3,4,52
2018-01-23,3,4,55
2018-01-24,3,4,58
2018-01-25,3,4,61
2018-01-26,3,4,65
2018-01-27,3,4,68
2018-01-28,3,4,71
2018-01-29,3,4,52
2018-01-30,3,4,55
2018-01-31,3,4,58
2018-02-01,3,4,63
2018-02-02,3,4,66
2018-02-03,3,4,69
2018-02-04,3,4,73
2018-02-05,3,4,53
2018-02-06,3,4,56
2018-02-07,3,4,60
2018-02-08,3,4,63
2018-02-09,3,4,66
2018-02-10,3,4,69
2018-02-11,3,4,72
2018-02-12,3,4,53
2018-02-13,3,4,56
2018-02-14,3,4,59
2018-02-15,3,4,63
2018-02-16,3,4,66
2018-02-17,3,4,69
2018-02-18,3,4,72
2018-02-19,3,4,53
2018-02-20,3,4,56
2018-02-21,3,4,59
2018-02-22,3,4,62
2018-02-23,3,4,65
2018-02-24,3,4,69
2018-02-25,3,4,72
2018-02-26,3,4,53
2018-02-27,3,4,56
2018-02-28,3,4,59
2018-03-01,3,4,64
2018-03-02,3,4,67
2018-03-03,3,4,70
2018-03-04,3,4,73
2018-03-05,3,4,54
2018-03-06,3,4,57
2018-03-07,3,4,60
2018-03-08,3,4,64
2018-03-09,3,4,67
2018-03-10,3,4,70
2018-03-11,3,4,73
2018-03-12,3,4,54
2018-03-13,3,4,57
2018-03-14,3,4,60
2018-03-15,3,4,63
2018-03-16,3,4,67
2018-03-17,3,4,70
2018-03-18,3,4,73
2018-03-19,3,4,54
2018-03-20,3,4,57
2018-03-21,3,4,60
2018-03-22,3,4,63
2018-03-23,3,4,66
2018-03-24,3,4,69
2018-03-25,3,4,73
2018-03-26,3,4,53
2018-03-27,3,4,57
2018-03-28,3,4,60
2018-03-29,3,4,63
2018-03-30,3,4,66
2018-03-31,3,4,69
2018-01-01,4,4,53
2018-01-02,4,4,56
2018-01-03,4,4,59
2018-01-04,4,4,62
2018-01-05,4,4,65
2018-01-06,4,4,69
2018-01-07,4,4,72
2018-01-08,4,4,52
2018-01-09,4,4,56
2018-01-10,4,4,59
2018-01-11,4,4,62
2018-01-12,4,4,65
2018-01-13,4,4,68
2018-01-14,4,4,71
2018-01-15,4,4,52
2018-01-16,4,4,55
2018-01-17,4,4,58
2018-01-18,4,4,62
2018-01-19,4,4,65
2018-01-20,4,4,68
2018-01-21,4,4,71
2018-01-22,4,4,52
2018-01-23,4,4,55
2018-01-24,4,4,58
2018-01-25,4,4,61
2018-01-26,4,4,65
2018-01-27,4,4,68
2018-01-28,4,4,71
2018-01-29,4,4,52
2018-01-30,4,4,55
2018-01-31,4,4,58
2018-02-01,4,4,63
2018-02-02,4,4,66
2018-02-03,4,4,69
2018-02-04,4,4,73
2018-02-05,4,4,53
2018-02-06,4,4,56
2018-02-07,4,4,60
2018-02-08,4,4,63
2018-02-09,4,4,66
2018-02-10,4,4,69
2018-02-11,4,4,72
2018-02-12,4,4,53
2018-02-13,4,4,56
2018-02-14,4,4,59
2018-02-15,4,4,62
2018-02-16,4,4,66
2018-02-17,4,4,69
2018-02-18,4,4,72
2018-02-19,4,4,53
2018-02-20,4,4,56
2018-02-21,4,4,59
2018-02-22,4,4,62
2018-02-23,4,4,65
2018-02-24,4,4,69
2018-02-25,4,4,72
2018-02-26,4,4,52
2018-02-27,4,4,56
2018-02-28,4,4,59
2018-03-01,4,4,64
2018-03-02,4,4,67
2018-03-03,4,4,70
2018-03-04,4,4,73
2018-03-05,4,4,54
2018-03-06,4,4,57
2018-03-07,4,4,60
2018-03-08,4,4,64
2018-03-09,4,4,67
2018-03-10,4,4,70
2018-03-11,4,4,73
2018-03-12,4,4,54
2018-03-13,4,4,57
2018-03-14,4,4,60
2018-03-15,4,4,63
2018-03-16,4,4,66
2018-03-17,4,4,70
2018-03-18,4,4,73
2018-03-19,4,4,54
2018-03-20,4,4,57
2018-03-21,4,4,60
2018-03-22,4,4,63
2018-03-23,4,4,66
2018-03-24,4,4,69
2018-03-25,4,4,73
2018-03-26,4,4,53
2018-03-27,4,4,56
2018-03-28,4,4,60
2018-03-29,4,4,63
2018-03-30,4,4,66
2018-03-31,4,4,69
2018-01-01,5,4,53
2018-01-02,5,4,56
2018-01-03,5,4,59
2018-01-04,5,4,62
2018-01-05,5,4,65
2018-01-06,5,4,68
2018-01-07,5,4,72
2018-01-08,5,4,52
2018-01-09,5,4,56
2018-01-10,5,4,59
2018-01-11,5,4,62
2018-01-12,5,4,65
2018-01-13,5,4,68
2018-01-14,5,4,71
2018-01-15,5,4,52
2018-01-16,5,4,55
2018-01-17,5,4,58
2018-01-18,5,4,62
2018-01-19,5,4,65
2018-01-20,5,4,68
2018-01-21,5,4,71
2018-01-22,5,4,52
2018-01-23,5,4,55
2018-01-24,5,4,58
2018-01-25,5,4,61
2018-01-26,5,4,64
2018-01-27,5,4,68
2018-01-28,5,4,71
2018-01-29,5,4,52
2018-01-30,5,4,55
2018-01-31,5,4,58
2018-02-01,5,4,63
2018-02-02,5,4,66
2018-02-03,5,4,69
2018-02-04,5,4,72
2018-02-05,5,4,53
2018-02-06,5,4,56
2018-02-07,5,4,59
2018-02-08,5,4,63
2018-02-09,5,4,66
2018-02-10,5,4,69
2018-02-11,5,4,72
2018-02-12,5,4,53
2018-02-13,5,4,56
2018-02-14,5,4,59
2018-02-15,5,4,62
2018-02-16,5,4,66
2018-02-17,5,4,69
2018-02-18,5,4,72
2018-02-19,5,4,53
2018-02-20,5,4,56
2018-02-21,5,4,59
2018-02-22,5,4,62
2018-02-23,5,4,65
2018-02-24,5,4,68
2018-02-25,5,4,72
2018-02-26,5,4,52
2018-02-27,5,4,56
2018-02-28,5,4,59
2018-03-01,5,4,64
2018-03-02,5,4,67
2018-03-03,5,4,70
2018-03-04,5,4,73
2018-03-05,5,4,54
2018-03-06,5,4,57
2018-03-07,5,4,60
2018-03-08,5,4,63
2018-03-09,5,4,67
2018-03-10,5,4,70
2018-03-11,5,4,73
2018-03-12,5,4,54
2018-03-13,5,4,57
2018-03-14,5,4,60
2018-03-15,5,4,63
2018-03-16,5,4,66
2018-03-17,5,4,70
2018-03-18,5,4,73
2018-03-19,5,4,53
2018-03-20,5,4,57
2018-03-21,5,4,60
2018-03-22,5,4,63
2018-03-23,5,4,66
2018-03-24,5,4,69
2018-03-25,5,4,72
2018-03-26,5,4,53
2018-03-27,5,4,56
2018-03-28,5,4,60
2018-03-29,5,4,63
2018-03-30,5,4,66
2018-03-31,5,4,69
2018-01-01,6,4,53
2018-01-02,6,4,56
2018-01-03,6,4,59
2018-01-04,6,4,62
2018-01-05,6,4,65
2018-01-06,6,4,68
2018-01-07,6,4,72
2018-01-08,6,4,52
2018-01-09,6,4,55
2018-01-10,6,4,59
2018-01-11,6,4,62
2018-01-12,6,4,65
2018-01-13,6,4,68
2018-01-14,6,4,71
2018-01-15,6,4,52
2018-01-16,6,4,55
2018-01-17,6,4,58
2018-01-18,6,4,61
2018-01-19,6,4,65
2018-01-20,6,4,68
2018-01-21,6,4,71
2018-01-22,6,4,52
2018-01-23,6,4,55
2018-01-24,6,4,58
2018-01-25,6,4,61
2018-01-26,6,4,64
2018-01-27,6,4,68
2018-01-28,6,4,71
2018-01-29,6,4,51
2018-01-30,6,4,55
2018-01-31,6,4,58
2018-02-01,6,4,63
2018-02-02,6,4,66
2018-02-03,6,4,69
2018-02-04,6,4,72
2018-02-05,6,4,53
2018-02-06,6,4,56
2018-02-07,6,4,59
2018-02-08,6,4,63
2018-02-09,6,4,66
2018-02-10,6,4,69
2018-02-11,6,4,72
2018-02-12,6,4,53
2018-02-13,6,4,56
2018-02-14,6,4,59
2018-02-15,6,4,62
2018-02-16,6,4,65
2018-02-17,6,4,69
2018-02-18,6,4,72
2018-02-19,6,4,53
2018-02-20,6,4,56
2018-02-21,6,4,59
2018-02-22,6,4,62
2018-02-23,6,4,65
2018-02-24,6,4,68
2018-02-25,6,4,72
2018-02-26,6,4,52
2018-02-27,6,4,55
2018-02-28,6,4,59
2018-03-01,6,4,64
2018-03-02,6,4,67
2018-03-03,6,4,70
2018-03-04,6,4,73
2018-03-05,6,4,54
2018-03-06,6,4,57
2018-03-07,6,4,60
2018-03-08,6,4,63
2018-03-09,6,4,67
2018-03-10,6,4,70
2018-03-11,6,4,73
2018-03-12,6,4,54
2018-03-13,6,4,57
2018-03-14,6,4,60
2018-03-15,6,4,63
2018-03-16,6,4,66
2018-03-17,6,4,69
2018-03-18,6,4,73
2018-03-19,6,4,53
2018-03-20,6,4,57
2018-03-21,6,4,60
2018-03-22,6,4,63
2018-03-23,6,4,66
2018-03-24,6,4,69
2018-03-25,6,4,72
2018-03-26,6,4,53
2018-03-27,6,4,56
2018-03-28,6,4,59
2018-03-29,6,4,63
2018-03-30,6,4,66
2018-03-31,6,4,69
2018-01-01,7,4,52
2018-01-02,7,4,56
2018-01-03,7,4,59
2018-01-04,7,4,62
2018-01-05,7,4,65
2018-01-06,7,4,68
2018-01-07,7,4,71
2018-01-08,7,4,52
2018-01-09,7,4,55
2018-01-10,7,4,59
2018-01-11,7,4,62
2018-01-12,7,4,65
2018-01-13,7,4,68
2018-01-14,7,4,71
2018-01-15,7,4,52
2018-01-16,7,4,55
2018-01-17,7,4,58
2018-01-18,7,4,61
2018-01-19,7,4,65
2018-01-20,7,4,68
2018-01-21,7,4,71
2018-01-22,7,4,52
2018-01-23,7,4,55
2018-01-24,7,4,58
2018-01-25,7,4,61
2018-01-26,7,4,64
2018-01-27,7,4,67
2018-01-28,7,4,71
2018-01-29,7,4,51
2018-01-30,7,4,55
2018-01-31,7,4,58
2018-02-01,7,4,63
2018-02-02,7,4,66
2018-02-03,7,4,69
2018-02-04,7,4,72
2018-02-05,7,4,53
2018-02-06,7,4,56
2018-02-07,7,4,59
2018-02-08,7,4,63
2018-02-09,7,4,66
2018-02-10,7,4,69
2018-02-11,7,4,72
2018-02-12,7,4,53
2018-02-13,7,4,56
2018-02-14,7,4,59
2018-02-15,7,4,62
2018-02-16,7,4,65
2018-02-17,7,4,69
2018-02-18,7,4,72
2018-02-19,7,4,52
2018-02-20,7,4,56
2018-02-21,7,4,59
2018-02-22,7,4,62
2018-02-23,7,4,65
2018-02-24,7,4,68
2018-02-25,7,4,71
2018-02-26,7,4,52
2018-02-27,7,4,55
2018-02-28,7,4,59
2018-03-01,7,4,64
2018-03-02,7,4,67
2018-03-03,7,4,70
2018-03-04,7,4,73
2018-03-05,7,4,54
2018-03-06,7,4,57
2018-03-07,7,4,60
2018-03-08,7,4,63
2018-03-09,7,4,67
2018-03-10,7,4,70
2018-03-11,7,4,73
2018-03-12,7,4,54
2018-03-13,7,4,57
2018-03-14,7,4,60
2018-03-15,7,4,63
2018-03-16,7,4,66
2018-03-17,7,4,69
2018-03-18,7,4,73
2018-03-19,7,4,53
2018-03-20,7,4,56
2018-03-21,7,4,60
2018-03-22,7,4,63
2018-03-23,7,4,66
2018-03-24,7,4,69
2018-03-25,7,4,72
2018-03-26,7,4,53
2018-03-27,7,4,56
2018-03-28,7,4,59
2018-03-29,7,4,63
2018-03-30,7,4,66
2018-03-31,7,4,69
2018-01-01,8,4,52
2018-01-02,8,4,56
2018-01-03,8,4,59
2018-01-04,8,4,62
2018-01-05,8,4,65
2018-01-06,8,4,68
2018-01-07,8,4,71
2018-01-08,8,4,52
2018-01-09,8,4,55
2018-01-10,8,4,58
2018-01-11,8,4,62
2018-01-12,8,4,65
2018-01-13,8,4,68
2018-01-14,8,4,71
2018-01-15,8,4,52
2018-01-16,8,4,55
2018-01-17,8,4,58
2018-01-18,8,4,61
2018-01-19,8,4,65
2018-01-20,8,4,68
2018-01-21,8,4,71
2018-01-22,8,4,52
2018-01-23,8,4,55
2018-01-24,8,4,58
2018-01-25,8,4,61
2018-01-26,8,4,64
2018-01-27,8,4,67
2018-01-28,8,4,71
2018-01-29,8,4,51
2018-01-30,8,4,54
2018-01-31,8,4,58
2018-02-01,8,4,63
2018-02-02,8,4,66
2018-02-03,8,4,69
2018-02-04,8,4,72
2018-02-05,8,4,53
2018-02-06,8,4,56
2018-02-07,8,4,59
2018-02-08,8,4,62
2018-02-09,8,4,66
2018-02-10,8,4,69
2018-02-11,8,4,72
2018-02-12,8,4,53
2018-02-13,8,4,56
2018-02-14,8,4,59
2018-02-15,8,4,62
2018-02-16,8,4,65
2018-02-17,8,4,68
2018-02-18,8,4,72
2018-02-19,8,4,52
2018-02-20,8,4,56
2018-02-21,8,4,59
2018-02-22,8,4,62
2018-02-23,8,4,65
2018-02-24,8,4,68
2018-02-25,8,4,71
2018-02-26,8,4,52
2018-02-27,8,4,55
2018-02-28,8,4,58
2018-03-01,8,4,64
2018-03-02,8,4,67
2018-03-03,8,4,70
2018-03-04,8,4,73
2018-03-05,8,4,54
2018-03-06,8,4,57
2018-03-07,8,4,60
2018-03-08,8,4,63
2018-03-09,8,4,66
2018-03-10,8,4,70
2018-03-11,8,4,73
2018-03-12,8,4,53
2018-03-13,8,4,57
2018-03-14,8,4,60
2018-03-15,8,4,63
2018-03-16,8,4,66
2018-03-17,8,4,69
2018-03-18,8,4,72
2018-03-19,8,4,53
2018-03-20,8,4,56
2018-03-21,8,4,60
2018-03-22,8,4,63
2018-03-23,8,4,66
2018-03-24,8,4,69
2018-03-25,8,4,72
2018-03-26,8,4,53
2018-03-27,8,4,56
2018-03-28,8,4,59
2018-03-29,8,4,62
2018-03-30,8,4,66
2018-03-31,8,4,69
2018-01-01,9,4,52
2018-01-02,9,4,55
2018-01-03,9,4,59
2018-01-04,9,4,62
2018-01-05,9,4,65
2018-01-06,9,4,68
2018-01-07,9,4,71
2018-01-08,9,4,52
2018-01-09,9,4,55
2018-01-10,9,4,58
2018-01-11,9,4,62
2018-01-12,9,4,65
2018-01-13,9,4,68
2018-01-14,9,4,71
2018-01-15,9,4,52
2018-01-16,9,4,55
2018-01-17,9,4,58
2018-01-18,9,4,61
2018-01-19,9,4,64
2018-01-20,9,4,68
2018-01-21,9,4,71
2018-01-22,9,4,51
2018-01-23,9,4,55
2018-01-24,9,4,58
2018-01-25,9,4,61
2018-01-26,9,4,64
2018-01-27,9,4,67
2018-01-28,9,4,70
2018-01-29,9,4,51
2018-01-30,9,4,54
2018-01-31,9,4,58
2018-02-01,9,4,63
2018-02-02,9,4,66
2018-02-03,9,4,69
2018-02-04,9,4,72
2018-02-05,9,4,53
2018-02-06,9,4,56
2018-02-07,9,4,59
2018-02-08,9,4,62
2018-02-09,9,4,66
2018-02-10,9,4,69
2018-02-11,9,4,72
2018-02-12,9,4,53
2018-02-13,9,4,56
2018-02-14,9,4,59
2018-02-15,9,4,62
2018-02-16,9,4,65
2018-02-17,9,4,68
2018-02-18,9,4,72
2018-02-19,9,4,52
2018-02-20,9,4,55
2018-02-21,9,4,59
2018-02-22,9,4,62
2018-02-23,9,4,65
2018-02-24,9,4,68
2018-02-25,9,4,71
2018-02-26,9,4,52
2018-02-27,9,4,55
2018-02-28,9,4,58
2018-03-01,9,4,63
2018-03-02,9,4,67
2018-03-03,9,4,70
2018-03-04,9,4,73
2018-03-05,9,4,54
2018-03-06,9,4,57
2018-03-07,9,4,60
2018-03-08,9,4,63
2018-03-09,9,4,66
2018-03-10,9,4,70
2018-03-11,9,4,73
2018-03-12,9,4,53
2018-03-13,9,4,57
2018-03-14,9,4,60
2018-03-15,9,4,63
2018-03-16,9,4,66
2018-03-17,9,4,69
2018-03-18,9,4,72
2018-03-19,9,4,53
2018-03-20,9,4,56
2018-03-21,9,4,59
2018-03-22,9,4,63
2018-03-23,9,4,66
2018-03-24,9,4,69
2018-03-25,9,4,72
2018-03-26,9,4,53
2018-03-27,9,4,56
2018-03-28,9,4,59
2018-03-29,9,4,62
2018-03-30,9,4,66
2018-03-31,9,4,69
2018-01-01,10,4,52
2018-01-02,10,4,55
2018-01-03,10,4,59
2018-01-04,10,4,62
2018-01-05,10,4,65
2018-01-06,10,4,68
2018-01-07,10,4,71
2018-01-08,10,4,52
2018-01-09,10,4,55
2018-01-10,10,4,58
2018-01-11,10,4,61
2018-01-12,10,4,65
2018-01-13,10,4,68
2018-01-14,10,4,71
2018-01-15,10,4,52
2018-01-16,10,4,55
2018-01-17,10,4,58
2018-01-18,10,4,61
2018-01-19,10,4,64
2018-01-20,10,4,68
2018-01-21,10,4,71
2018-01-22,10,4,51
2018-01-23,10,4,55
2018-01-24,10,4,58
2018-01-25,10,4,61
2018-01-26,10,4,64
2018-01-27,10,4,67
2018-01-28,10,4,70
2018-01-29,10,4,51
2018-01-30,10,4,54
2018-01-31,10,4,57
2018-02-01,10,4,63
2018-02-02,10,4,66
2018-02-03,10,4,69
2018-02-04,10,4,72
2018-02-05,10,4,53
2018-02-06,10,4,56
2018-02-07,10,4,59
2018-02-08,10,4,62
2018-02-09,10,4,65
2018-02-10,10,4,69
2018-02-11,10,4,72
2018-02-12,10,4,53
2018-02-13,10,4,56
2018-02-14,10,4,59
2018-02-15,10,4,62
2018-02-16,10,4,65
2018-02-17,10,4,68
2018-02-18,10,4,72
2018-02-19,10,4,52
2018-02-20,10,4,55
2018-02-21,10,4,59
2018-02-22,10,4,62
2018-02-23,10,4,65
2018-02-24,10,4,68
2018-02-25,10,4,71
2018-02-26,10,4,52
2018-02-27,10,4,55
2018-02-28,10,4,58
2018-03-01,10,4,63
2018-03-02,10,4,67
2018-03-03,10,4,70
2018-03-04,10,4,73
2018-03-05,10,4,54
2018-03-06,10,4,57
2018-03-07,10,4,60
2018-03-08,10,4,63
2018-03-09,10,4,66
2018-03-10,10,4,69
2018-03-11,10,4,73
2018-03-12,10,4,53
2018-03-13,10,4,57
2018-03-14,10,4,60
2018-03-15,10,4,63
2018-03-16,10,4,66
2018-03-17,10,4,69
2018-03-18,10,4,72
2018-03-19,10,4,53
2018-03-20,10,4,56
2018-03-21,10,4,59
2018-03-22,10,4,63
2018-03-23,10,4,66
2018-03-24,10,4,69
2018-03-25,10,4,72
2018-03-26,10,4,53
2018-03-27,10,4,56
2018-03-28,10,4,59
2018-03-29,10,4,62
2018-03-30,10,4,65
2018-03-31,10,4,69
2018-01-01,1,5,53
2018-01-02,1,5,56
2018-01-03,1,5,59
2018-01-04,1,5,62
2018-01-05,1,5,65
2018-01-06,1,5,69
2018-01-07,1,5,72
2018-01-08,1,5,53
2018-01-09,1,5,56
2018-01-10,1,5,59
2018-01-11,1,5,62
2018-01-12,1,5,65
2018-01-13,1,5,68
2018-01-14,1,5,72
2018-01-15,1,5,52
2018-01-16,1,5,55
2018-01-17,1,5,59
2018-01-18,1,5,62
2018-01-19,1,5,65
2018-01-20,1,5,68
2018-01-21,1,5,71
2018-01-22,1,5,52
2018-01-23,1,5,55
2018-01-24,1,5,58
2018-01-25,1,5,61
2018-01-26,1,5,65
2018-01-27,1,5,68
2018-01-28,1,5,71
2018-01-29,1,5,52
2018-01-30,1,5,55
2018-01-31,1,5,58
2018-02-01,1,5,63
2018-02-02,1,5,66
2018-02-03,1,5,69
2018-02-04,1,5,73
2018-02-05,1,5,53
2018-02-06,1,5,57
2018-02-07,1,5,60
2018-02-08,1,5,63
2018-02-09,1,5,66
2018-02-10,1,5,69
2018-02-11,1,5,72
2018-02-12,1,5,53
2018-02-13,1,5,56
2018-02-14,1,5,59
2018-02-15,1,5,63
2018-02-16,1,5,66
2018-02-17,1,5,69
2018-02-18,1,5,72
2018-02-19,1,5,53
2018-02-20,1,5,56
2018-02-21,1,5,59
2018-02-22,1,5,62
2018-02-23,1,5,65
2018-02-24,1,5,69
2018-02-25,1,5,72
2018-02-26,1,5,53
2018-02-27,1,5,56
2018-02-28,1,5,59
2018-03-01,1,5,64
2018-03-02,1,5,67
2018-03-03,1,5,70
2018-03-04,1,5,73
2018-03-05,1,5,54
2018-03-06,1,5,57
2018-03-07,1,5,61
2018-03-08,1,5,64
2018-03-09,1,5,67
2018-03-10,1,5,70
2018-03-11,1,5,73
2018-03-12,1,5,54
2018-03-13,1,5,57
2018-03-14,1,5,60
2018-03-15,1,5,63
2018-03-16,1,5,67
2018-03-17,1,5,70
2018-03-18,1,5,73
2018-03-19,1,5,54
2018-03-20,1,5,57
2018-03-21,1,5,60
2018-03-22,1,5,63
2018-03-23,1,5,66
2018-03-24,1,5,69
2018-03-25,1,5,73
2018-03-26,1,5,53
2018-03-27,1,5,57
2018-03-28,1,5,60
2018-03-29,1,5,63
2018-03-30,1,5,66
2018-03-31,1,5,69
2018-01-01,2,5,53
2018-01-02,2,5,56
2018-01-03,2,5,59
2018-01-04,2,5,62
2018-01-05,2,5,65
2018-01-06,2,5,69
2018-01-07,2,5,72
2018-01-08,2,5,52
2018-01-09,2,5,56
2018-01-10,2,5,59
2018-01-11,2,5,62
2018-01-12,2,5,65
2018-01-13,2,5,68
2018-01-14,2,5,71
2018-01-15,2,5,52
2018-01-16,2,5,55
2018-01-17,2,5,59
2018-01-18,2,5,62
2018-01-19,2,5,65
2018-01-20,2,5,68
2018-01-21,2,5,71
2018-01-22,2,5,52
2018-01-23,2,5,55
2018-01-24,2,5,58
2018-01-25,2,5,61
2018-01-26,2,5,65
2018-01-27,2,5,68
2018-01-28,2,5,71
2018-01-29,2,5,52
2018-01-30,2,5,55
2018-01-31,2,5,58
2018-02-01,2,5,63
2018-02-02,2,5,66
2018-02-03,2,5,69
2018-02-04,2,5,73
2018-02-05,2,5,53
2018-02-06,2,5,56
2018-02-07,2,5,60
2018-02-08,2,5,63
2018-02-09,2,5,66
2018-02-10,2,5,69
2018-02-11,2,5,72
2018-02-12,2,5,53
2018-02-13,2,5,56
2018-02-14,2,5,59
2018-02-15,2,5,63
2018-02-16,2,5,66
2018-02-17,2,5,69
2018-02-18,2,5,72
2018-02-19,2,5,53
2018-02-20,2,5,56
2018-02-21,2,5,59
2018-02-22,2,5,62
2018-02-23,2,5,65
2018-02-24,2,5,69
2018-02-25,2,5,72
2018-02-26,2,5,52
2018-02-27,2,5,56
2018-02-28,2,5,59
2018-03-01,2,5,64
2018-03-02,2,5,67
2018-03-03,2,5,70
2018-03-04,2,5,73
2018-03-05,2,5,54
2018-03-06,2,5,57
2018-03-07,2,5,60
2018-03-08,2,5,64
2018-03-09,2,5,67
2018-03-10,2,5,70
2018-03-11,2,5,73
2018-03-12,2,5,54
2018-03-13,2,5,57
2018-03-14,2,5,60
2018-03-15,2,5,63
2018-03-16,2,5,67
2018-03-17,2,5,70
2018-03-18,2,5,73
2018-03-19,2,5,54
2018-03-20,2,5,57
2018-03-21,2,5,60
2018-03-22,2,5,63
2018-03-23,2,5,66
2018-03-24,2,5,69
2018-03-25,2,5,73
2018-03-26,2,5,53
2018-03-27,2,5,56
2018-03-28,2,5,60
2018-03-29,2,5,63
2018-03-30,2,5,66
2018-03-31,2,5,69
2018-01-01,3,5,53
2018-01-02,3,5,56
2018-01-03,3,5,59
2018-01-04,3,5,62
2018-01-05,3,5,65
2018-01-06,3,5,68
2018-01-07,3,5,72
2018-01-08,3,5,52
2018-01-09,3,5,56
2018-01-10,3,5,59
2018-01-11,3,5,62
2018-01-12,3,5,65
2018-01-13,3,5,68
2018-01-14,3,5,71
2018-01-15,3,5,52
2018-01-16,3,5,55
2018-01-17,3,5,58
2018-01-18,3,5,62
2018-01-19,3,5,65
2018-01-20,3,5,68
2018-01-21,3,5,71
2018-01-22,3,5,52
2018-01-23,3,5,55
2018-01-24,3,5,58
2018-01-25,3,5,61
2018-01-26,3,5,65
2018-01-27,3,5,68
2018-01-28,3,5,71
2018-01-29,3,5,52
2018-01-30,3,5,55
2018-01-31,3,5,58
2018-02-01,3,5,63
2018-02-02,3,5,66
2018-02-03,3,5,69
2018-02-04,3,5,72
2018-02-05,3,5,53
2018-02-06,3,5,56
2018-02-07,3,5,60
2018-02-08,3,5,63
2018-02-09,3,5,66
2018-02-10,3,5,69
2018-02-11,3,5,72
2018-02-12,3,5,53
2018-02-13,3,5,56
2018-02-14,3,5,59
2018-02-15,3,5,62
2018-02-16,3,5,66
2018-02-17,3,5,69
2018-02-18,3,5,72
2018-02-19,3,5,53
2018-02-20,3,5,56
2018-02-21,3,5,59
2018-02-22,3,5,62
2018-02-23,3,5,65
2018-02-24,3,5,69
2018-02-25,3,5,72
2018-02-26,3,5,52
2018-02-27,3,5,56
2018-02-28,3,5,59
2018-03-01,3,5,64
2018-03-02,3,5,67
2018-03-03,3,5,70
2018-03-04,3,5,73
2018-03-05,3,5,54
2018-03-06,3,5,57
2018-03-07,3,5,60
2018-03-08,3,5,64
2018-03-09,3,5,67
2018-03-10,3,5,70
2018-03-11,3,5,73
2018-03-12,3,5,54
2018-03-13,3,5,57
2018-03-14,3,5,60
2018-03-15,3,5,63
2018-03-16,3,5,66
2018-03-17,3,5,70
2018-03-18,3,5,73
2018-03-19,3,5,53
2018-03-20,3,5,57
2018-03-21,3,5,60
2018-03-22,3,5,63
2018-03-23,3,5,66
2018-03-24,3,5,69
2018-03-25,3,5,72
2018-03-26,3,5,53
2018-03-27,3,5,56
2018-03-28,3,5,60
2018-03-29,3,5,63
2018-03-30,3,5,66
2018-03-31,3,5,69
2018-01-01,4,5,53
2018-01-02,4,5,56
2018-01-03,4,5,59
2018-01-04,4,5,62
2018-01-05,4,5,65
2018-01-06,4,5,68
2018-01-07,4,5,72
2018-01-08,4,5,52
2018-01-09,4,5,55
2018-01-10,4,5,59
2018-01-11,4,5,62
2018-01-12,4,5,65
2018-01-13,4,5,68
2018-01-14,4,5,71
2018-01-15,4,5,52
2018-01-16,4,5,55
2018-01-17,4,5,58
2018-01-18,4,5,62
2018-01-19,4,5,65
2018-01-20,4,5,68
2018-01-21,4,5,71
2018-01-22,4,5,52
2018-01-23,4,5,55
2018-01-24,4,5,58
2018-01-25,4,5,61
2018-01-26,4,5,64
2018-01-27,4,5,68
2018-01-28,4,5,71
2018-01-29,4,5,51
2018-01-30,4,5,55
2018-01-31,4,5,58
2018-02-01,4,5,63
2018-02-02,4,5,66
2018-02-03,4,5,69
2018-02-04,4,5,72
2018-02-05,4,5,53
2018-02-06,4,5,56
2018-02-07,4,5,59
2018-02-08,4,5,63
2018-02-09,4,5,66
2018-02-10,4,5,69
2018-02-11,4,5,72
2018-02-12,4,5,53
2018-02-13,4,5,56
2018-02-14,4,5,59
2018-02-15,4,5,62
2018-02-16,4,5,66
2018-02-17,4,5,69
2018-02-18,4,5,72
2018-02-19,4,5,53
2018-02-20,4,5,56
2018-02-21,4,5,59
2018-02-22,4,5,62
2018-02-23,4,5,65
2018-02-24,4,5,68
2018-02-25,4,5,72
2018-02-26,4,5,52
2018-02-27,4,5,55
2018-02-28,4,5,59
2018-03-01,4,5,64
2018-03-02,4,5,67
2018-03-03,4,5,70
2018-03-04,4,5,73
2018-03-05,4,5,54
2018-03-06,4,5,57
2018-03-07,4,5,60
2018-03-08,4,5,63
2018-03-09,4,5,67
2018-03-10,4,5,70
2018-03-11,4,5,73
2018-03-12,4,5,54
2018-03-13,4,5,57
2018-03-14,4,5,60
2018-03-15,4,5,63
2018-03-16,4,5,66
2018-03-17,4,5,70
2018-03-18,4,5,73
2018-03-19,4,5,53
2018-03-20,4,5,57
2018-03-21,4,5,60
2018-03-22,4,5,63
2018-03-23,4,5,66
2018-03-24,4,5,69
2018-03-25,4,5,72
2018-03-26,4,5,53
2018-03-27,4,5,56
2018-03-28,4,5,59
2018-03-29,4,5,63
2018-03-30,4,5,66
2018-03-31,4,5,69
2018-01-01,5,5,52
2018-01-02,5,5,56
2018-01-03,5,5,59
2018-01-04,5,5,62
2018-01-05,5,5,65
2018-01-06,5,5,68
2018-01-07,5,5,71
2018-01-08,5,5,52
2018-01-09,5,5,55
2018-01-10,5,5,59
2018-01-11,5,5,62
2018-01-12,5,5,65
2018-01-13,5,5,68
2018-01-14,5,5,71
2018-01-15,5,5,52
2018-01-16,5,5,55
2018-01-17,5,5,58
2018-01-18,5,5,61
2018-01-19,5,5,65
2018-01-20,5,5,68
2018-01-21,5,5,71
2018-01-22,5,5,52
2018-01-23,5,5,55
2018-01-24,5,5,58
2018-01-25,5,5,61
2018-01-26,5,5,64
2018-01-27,5,5,68
2018-01-28,5,5,71
2018-01-29,5,5,51
2018-01-30,5,5,55
2018-01-31,5,5,58
2018-02-01,5,5,63
2018-02-02,5,5,66
2018-02-03,5,5,69
2018-02-04,5,5,72
2018-02-05,5,5,53
2018-02-06,5,5,56
2018-02-07,5,5,59
2018-02-08,5,5,63
2018-02-09,5,5,66
2018-02-10,5,5,69
2018-02-11,5,5,72
2018-02-12,5,5,53
2018-02-13,5,5,56
2018-02-14,5,5,59
2018-02-15,5,5,62
2018-02-16,5,5,65
2018-02-17,5,5,69
2018-02-18,5,5,72
2018-02-19,5,5,53
2018-02-20,5,5,56
2018-02-21,5,5,59
2018-02-22,5,5,62
2018-02-23,5,5,65
2018-02-24,5,5,68
2018-02-25,5,5,72
2018-02-26,5,5,52
2018-02-27,5,5,55
2018-02-28,5,5,59
2018-03-01,5,5,64
2018-03-02,5,5,67
2018-03-03,5,5,70
2018-03-04,5,5,73
2018-03-05,5,5,54
2018-03-06,5,5,57
2018-03-07,5,5,60
2018-03-08,5,5,63
2018-03-09,5,5,67
2018-03-10,5,5,70
2018-03-11,5,5,73
2018-03-12,5,5,54
2018-03-13,5,5,57
2018-03-14,5,5,60
2018-03-15,5,5,63
2018-03-16,5,5,66
2018-03-17,5,5,69
2018-03-18,5,5,73
2018-03-19,5,5,53
2018-03-20,5,5,57
2018-03-21,5,5,60
2018-03-22,5,5,63
2018-03-23,5,5,66
2018-03-24,5,5,69
2018-03-25,5,5,72
2018-03-26,5,5,53
2018-03-27,5,5,56
2018-03-28,5,5,59
2018-03-29,5,5,63
2018-03-30,5,5,66
2018-03-31,5,5,69
2018-01-01,6,5,52
2018-01-02,6,5,56
2018-01-03,6,5,59
2018-01-04,6,5,62
2018-01-05,6,5,65
2018-01-06,6,5,68
2018-01-07,6,5,71
2018-01-08,6,5,52
2018-01-09,6,5,55
2018-01-10,6,5,58
2018-01-11,6,5,62
2018-01-12,6,5,65
2018-01-13,6,5,68
2018-01-14,6,5,71
2018-01-15,6,5,52
2018-01-16,6,5,55
2018-01-17,6,5,58
2018-01-18,6,5,61
2018-01-19,6,5,65
2018-01-20,6,5,68
2018-01-21,6,5,71
2018-01-22,6,5,52
2018-01-23,6,5,55
2018-01-24,6,5,58
2018-01-25,6,5,61
2018-01-26,6,5,64
2018-01-27,6,5,67
2018-01-28,6,5,71
2018-01-29,6,5,51
2018-01-30,6,5,55
2018-01-31,6,5,58
2018-02-01,6,5,63
2018-02-02,6,5,66
2018-02-03,6,5,69
2018-02-04,6,5,72
2018-02-05,6,5,53
2018-02-06,6,5,56
2018-02-07,6,5,59
2018-02-08,6,5,62
2018-02-09,6,5,66
2018-02-10,6,5,69
2018-02-11,6,5,72
2018-02-12,6,5,53
2018-02-13,6,5,56
2018-02-14,6,5,59
2018-02-15,6,5,62
2018-02-16,6,5,65
2018-02-17,6,5,69
2018-02-18,6,5,72
2018-02-19,6,5,52
2018-02-20,6,5,56
2018-02-21,6,5,59
2018-02-22,6,5,62
2018-02-23,6,5,65
2018-02-24,6,5,68
2018-02-25,6,5,71
2018-02-26,6,5,52
2018-02-27,6,5,55
2018-02-28,6,5,58
2018-03-01,6,5,64
2018-03-02,6,5,67
2018-03-03,6,5,70
2018-03-04,6,5,73
2018-03-05,6,5,54
2018-03-06,6,5,57
2018-03-07,6,5,60
2018-03-08,6,5,63
2018-03-09,6,5,66
2018-03-10,6,5,70
2018-03-11,6,5,73
2018-03-12,6,5,54
2018-03-13,6,5,57
2018-03-14,6,5,60
2018-03-15,6,5,63
2018-03-16,6,5,66
2018-03-17,6,5,69
2018-03-18,6,5,73
2018-03-19,6,5,53
2018-03-20,6,5,56
2018-03-21,6,5,60
2018-03-22,6,5,63
2018-03-23,6,5,66
2018-03-24,6,5,69
2018-03-25,6,5,72
2018-03-26,6,5,53
2018-03-27,6,5,56
2018-03-28,6,5,59
2018-03-29,6,5,62
2018-03-30,6,5,66
2018-03-31,6,5,69
2018-01-01,7,5,52
2018-01-02,7,5,56
2018-01-03,7,5,59
2018-01-04,7,5,62
2018-01-05,7,5,65
2018-01-06,7,5,68
2018-01-07,7,5,71
2018-01-08,7,5,52
2018-01-09,7,5,55
2018-01-10,7,5,58
2018-01-11,7,5,62
2018-01-12,7,5,65
2018-01-13,7,5,68
2018-01-14,7,5,71
2018-01-15,7,5,52
2018-01-16,7,5,55
2018-01-17,7,5,58
2018-01-18,7,5,61
2018-01-19,7,5,64
2018-01-20,7,5,68
2018-01-21,7,5,71
2018-01-22,7,5,52
2018-01-23,7,5,55
2018-01-24,7,5,58
2018-01-25,7,5,61
2018-01-26,7,5,64
2018-01-27,7,5,67
2018-01-28,7,5,71
2018-01-29,7,5,51
2018-01-30,7,5,54
2018-01-31,7,5,58
2018-02-01,7,5,63
2018-02-02,7,5,66
2018-02-03,7,5,69
2018-02-04,7,5,72
2018-02-05,7,5,53
2018-02-06,7,5,56
2018-02-07,7,5,59
2018-02-08,7,5,62
2018-02-09,7,5,66
2018-02-10,7,5,69
2018-02-11,7,5,72
2018-02-12,7,5,53
2018-02-13,7,5,56
2018-02-14,7,5,59
2018-02-15,7,5,62
2018-02-16,7,5,65
2018-02-17,7,5,68
2018-02-18,7,5,72
2018-02-19,7,5,52
2018-02-20,7,5,56
2018-02-21,7,5,59
2018-02-22,7,5,62
2018-02-23,7,5,65
2018-02-24,7,5,68
2018-02-25,7,5,71
2018-02-26,7,5,52
2018-02-27,7,5,55
2018-02-28,7,5,58
2018-03-01,7,5,64
2018-03-02,7,5,67
2018-03-03,7,5,70
2018-03-04,7,5,73
2018-03-05,7,5,54
2018-03-06,7,5,57
2018-03-07,7,5,60
2018-03-08,7,5,63
2018-03-09,7,5,66
2018-03-10,7,5,70
2018-03-11,7,5,73
2018-03-12,7,5,53
2018-03-13,7,5,57
2018-03-14,7,5,60
2018-03-15,7,5,63
2018-03-16,7,5,66
2018-03-17,7,5,69
2018-03-18,7,5,72
2018-03-19,7,5,53
2018-03-20,7,5,56
2018-03-21,7,5,60
2018-03-22,7,5,63
2018-03-23,7,5,66
2018-03-24,7,5,69
2018-03-25,7,5,72
2018-03-26,7,5,53
2018-03-27,7,5,56
2018-03-28,7,5,59
2018-03-29,7,5,62
2018-03-30,7,5,66
2018-03-31,7,5,69
2018-01-01,8,5,52
2018-01-02,8,5,55
2018-01-03,8,5,59
2018-01-04,8,5,62
2018-01-05,8,5,65
2018-01-06,8,5,68
2018-01-07,8,5,71
2018-01-08,8,5,52
2018-01-09,8,5,55
2018-01-10,8,5,58
2018-01-11,8,5,61
2018-01-12,8,5,65
2018-01-13,8,5,68
2018-01-14,8,5,71
2018-01-15,8,5,52
2018-01-16,8,5,55
2018-01-17,8,5,58
2018-01-18,8,5,61
2018-01-19,8,5,64
2018-01-20,8,5,68
2018-01-21,8,5,71
2018-01-22,8,5,51
2018-01-23,8,5,55
2018-01-24,8,5,58
2018-01-25,8,5,61
2018-01-26,8,5,64
2018-01-27,8,5,67
2018-01-28,8,5,70
2018-01-29,8,5,51
2018-01-30,8,5,54
2018-01-31,8,5,58
2018-02-01,8,5,63
2018-02-02,8,5,66
2018-02-03,8,5,69
2018-02-04,8,5,72
2018-02-05,8,5,53
2018-02-06,8,5,56
2018-02-07,8,5,59
2018-02-08,8,5,62
2018-02-09,8,5,65
2018-02-10,8,5,69
2018-02-11,8,5,72
2018-02-12,8,5,53
2018-02-13,8,5,56
2018-02-14,8,5,59
2018-02-15,8,5,62
2018-02-16,8,5,65
2018-02-17,8,5,68
2018-02-18,8,5,72
2018-02-19,8,5,52
2018-02-20,8,5,55
2018-02-21,8,5,59
2018-02-22,8,5,62
2018-02-23,8,5,65
2018-02-24,8,5,68
2018-02-25,8,5,71
2018-02-26,8,5,52
2018-02-27,8,5,55
2018-02-28,8,5,58
2018-03-01,8,5,63
2018-03-02,8,5,67
2018-03-03,8,5,70
2018-03-04,8,5,73
2018-03-05,8,5,54
2018-03-06,8,5,57
2018-03-07,8,5,60
2018-03-08,8,5,63
2018-03-09,8,5,66
2018-03-10,8,5,69
2018-03-11,8,5,73
2018-03-12,8,5,53
2018-03-13,8,5,57
2018-03-14,8,5,60
2018-03-15,8,5,63
2018-03-16,8,5,66
2018-03-17,8,5,69
2018-03-18,8,5,72
2018-03-19,8,5,53
2018-03-20,8,5,56
2018-03-21,8,5,59
2018-03-22,8,5,63
2018-03-23,8,5,66
2018-03-24,8,5,69
2018-03-25,8,5,72
2018-03-26,8,5,53
2018-03-27,8,5,56
2018-03-28,8,5,59
2018-03-29,8,5,62
2018-03-30,8,5,66
2018-03-31,8,5,69
2018-01-01,9,5,52
2018-01-02,9,5,55
2018-01-03,9,5,59
2018-01-04,9,5,62
2018-01-05,9,5,65
2018-01-06,9,5,68
2018-01-07,9,5,71
2018-01-08,9,5,52
2018-01-09,9,5,55
2018-01-10,9,5,58
2018-01-11,9,5,61
2018-01-12,9,5,65
2018-01-13,9,5,68
2018-01-14,9,5,71
2018-01-15,9,5,52
2018-01-16,9,5,55
2018-01-17,9,5,58
2018-01-18,9,5,61
2018-01-19,9,5,64
2018-01-20,9,5,67
2018-01-21,9,5,71
2018-01-22,9,5,51
2018-01-23,9,5,55
2018-01-24,9,5,58
2018-01-25,9,5,61
2018-01-26,9,5,64
2018-01-27,9,5,67
2018-01-28,9,5,70
2018-01-29,9,5,51
2018-01-30,9,5,54
2018-01-31,9,5,57
2018-02-01,9,5,63
2018-02-02,9,5,66
2018-02-03,9,5,69
2018-02-04,9,5,72
2018-02-05,9,5,53
2018-02-06,9,5,56
2018-02-07,9,5,59
2018-02-08,9,5,62
2018-02-09,9,5,65
2018-02-10,9,5,69
2018-02-11,9,5,72
2018-02-12,9,5,52
2018-02-13,9,5,56
2018-02-14,9,5,59
2018-02-15,9,5,62
2018-02-16,9,5,65
2018-02-17,9,5,68
2018-02-18,9,5,71
2018-02-19,9,5,52
2018-02-20,9,5,55
2018-02-21,9,5,59
2018-02-22,9,5,62
2018-02-23,9,5,65
2018-02-24,9,5,68
2018-02-25,9,5,71
2018-02-26,9,5,52
2018-02-27,9,5,55
2018-02-28,9,5,58
2018-03-01,9,5,63
2018-03-02,9,5,67
2018-03-03,9,5,70
2018-03-04,9,5,73
2018-03-05,9,5,54
2018-03-06,9,5,57
2018-03-07,9,5,60
2018-03-08,9,5,63
2018-03-09,9,5,66
2018-03-10,9,5,69
2018-03-11,9,5,73
2018-03-12,9,5,53
2018-03-13,9,5,56
2018-03-14,9,5,60
2018-03-15,9,5,63
2018-03-16,9,5,66
2018-03-17,9,5,69
2018-03-18,9,5,72
2018-03-19,9,5,53
2018-03-20,9,5,56
2018-03-21,9,5,59
2018-03-22,9,5,63
2018-03-23,9,5,66
2018-03-24,9,5,69
2018-03-25,9,5,72
2018-03-26,9,5,53
2018-03-27,9,5,56
2018-03-28,9,5,59
2018-03-29,9,5,62
2018-03-30,9,5,65
2018-03-31,9,5,69
2018-01-01,10,5,52
2018-01-02,10,5,55
2018-01-03,10,5,58
2018-01-04,10,5,62
2018-01-05,10,5,65
2018-01-06,10,5,68
2018-01-07,10,5,71
2018-01-08,10,5,52
2018-01-09,10,5,55
2018-01-10,10,5,58
2018-01-11,10,5,61
2018-01-12,10,5,65
2018-01-13,10,5,68
2018-01-14,10,5,71
2018-01-15,10,5,52
2018-01-16,10,5,55
2018-01-17,10,5,58
2018-01-18,10,5,61
2018-01-19,10,5,64
2018-01-20,10,5,67
2018-01-21,10,5,71
2018-01-22,10,5,51
2018-01-23,10,5,54
2018-01-24,10,5,58
2018-01-25,10,5,61
2018-01-26,10,5,64
2018-01-27,10,5,67
2018-01-28,10,5,70
2018-01-29,10,5,51
2018-01-30,10,5,54
2018-01-31,10,5,57
2018-02-01,10,5,62
2018-02-02,10,5,66
2018-02-03,10,5,69
2018-02-04,10,5,72
2018-02-05,10,5,53
2018-02-06,10,5,56
2018-02-07,10,5,59
2018-02-08,10,5,62
2018-02-09,10,5,65
2018-02-10,10,5,69
2018-02-11,10,5,72
2018-02-12,10,5,52
2018-02-13,10,5,56
2018-02-14,10,5,59
2018-02-15,10,5,62
2018-02-16,10,5,65
2018-02-17,10,5,68
2018-02-18,10,5,71
2018-02-19,10,5,52
2018-02-20,10,5,55
2018-02-21,10,5,58
2018-02-22,10,5,62
2018-02-23,10,5,65
2018-02-24,10,5,68
2018-02-25,10,5,71
2018-02-26,10,5,52
2018-02-27,10,5,55
2018-02-28,10,5,58
2018-03-01,10,5,63
2018-03-02,10,5,66
2018-03-03,10,5,70
2018-03-04,10,5,73
2018-03-05,10,5,53
2018-03-06,10,5,57
2018-03-07,10,5,60
2018-03-08,10,5,63
2018-03-09,10,5,66
2018-03-10,10,5,69
2018-03-11,10,5,72
2018-03-12,10,5,53
2018-03-13,10,5,56
2018-03-14,10,5,60
2018-03-15,10,5,63
2018-03-16,10,5,66
2018-03-17,10,5,69
2018-03-18,10,5,72
2018-03-19,10,5,53
2018-03-20,10,5,56
2018-03-21,10,5,59
2018-03-22,10,5,62
2018-03-23,10,5,66
2018-03-24,10,5,69
2018-03-25,10,5,72
2018-03-26,10,5,53
2018-03-27,10,5,56
2018-03-28,10,5,59
2018-03-29,10,5,62
2018-03-30,10,5,65
2018-03-31,10,5,69
2018-01-01,1,6,53
2018-01-02,1,6,56
2018-01-03,1,6,59
2018-01-04,1,6,62
2018-01-05,1,6,65
2018-01-06,1,6,69
2018-01-07,1,6,72
2018-01-08,1,6,52
2018-01-09,1,6,56
2018-01-10,1,6,59
2018-01-11,1,6,62
2018-01-12,1,6,65
2018-01-13,1,6,68
2018-01-14,1,6,71
2018-01-15,1,6,52
2018-01-16,1,6,55
2018-01-17,1,6,58
2018-01-18,1,6,62
2018-01-19,1,6,65
2018-01-20,1,6,68
2018-01-21,1,6,71
2018-01-22,1,6,52
2018-01-23,1,6,55
2018-01-24,1,6,58
2018-01-25,1,6,61
2018-01-26,1,6,65
2018-01-27,1,6,68
2018-01-28,1,6,71
2018-01-29,1,6,52
2018-01-30,1,6,55
2018-01-31,1,6,58
2018-02-01,1,6,63
2018-02-02,1,6,66
2018-02-03,1,6,69
2018-02-04,1,6,73
2018-02-05,1,6,53
2018-02-06,1,6,56
2018-02-07,1,6,60
2018-02-08,1,6,63
2018-02-09,1,6,66
2018-02-10,1,6,69
2018-02-11,1,6,72
2018-02-12,1,6,53
2018-02-13,1,6,56
2018-02-14,1,6,59
2018-02-15,1,6,62
2018-02-16,1,6,66
2018-02-17,1,6,69
2018-02-18,1,6,72
2018-02-19,1,6,53
2018-02-20,1,6,56
2018-02-21,1,6,59
2018-02-22,1,6,62
2018-02-23,1,6,65
2018-02-24,1,6,69
2018-02-25,1,6,72
2018-02-26,1,6,52
2018-02-27,1,6,56
2018-02-28,1,6,59
2018-03-01,1,6,64
2018-03-02,1,6,67
2018-03-03,1,6,70
2018-03-04,1,6,73
2018-03-05,1,6,54
2018-03-06,1,6,57
2018-03-07,1,6,60
2018-03-08,1,6,64
2018-03-09,1,6,67
2018-03-10,1,6,70
2018-03-11,1,6,73
2018-03-12,1,6,54
2018-03-13,1,6,57
2018-03-14,1,6,60
2018-03-15,1,6,63
2018-03-16,1,6,66
2018-03-17,1,6,70
2018-03-18,1,6,73
2018-03-19,1,6,54
2018-03-20,1,6,57
2018-03-21,1,6,60
2018-03-22,1,6,63
2018-03-23,1,6,66
2018-03-24,1,6,69
2018-03-25,1,6,73
2018-03-26,1,6,53
2018-03-27,1,6,56
2018-03-28,1,6,60
2018-03-29,1,6,63
2018-03-30,1,6,66
2018-03-31,1,6,69
2018-01-01,2,6,53
2018-01-02,2,6,56
2018-01-03,2,6,59
2018-01-04,2,6,62
2018-01-05,2,6,65
2018-01-06,2,6,68
2018-01-07,2,6,72
2018-01-08,2,6,52
2018-01-09,2,6,56
2018-01-10,2,6,59
2018-01-11,2,6,62
2018-01-12,2,6,65
2018-01-13,2,6,68
2018-01-14,2,6,71
2018-01-15,2,6,52
2018-01-16,2,6,55
2018-01-17,2,6,58
2018-01-18,2,6,62
2018-01-19,2,6,65
2018-01-20,2,6,68
2018-01-21,2,6,71
2018-01-22,2,6,52
2018-01-23,2,6,55
2018-01-24,2,6,58
2018-01-25,2,6,61
2018-01-26,2,6,64
2018-01-27,2,6,68
2018-01-28,2,6,71
2018-01-29,2,6,52
2018-01-30,2,6,55
2018-01-31,2,6,58
2018-02-01,2,6,63
2018-02-02,2,6,66
2018-02-03,2,6,69
2018-02-04,2,6,72
2018-02-05,2,6,53
2018-02-06,2,6,56
2018-02-07,2,6,60
2018-02-08,2,6,63
2018-02-09,2,6,66
2018-02-10,2,6,69
2018-02-11,2,6,72
2018-02-12,2,6,53
2018-02-13,2,6,56
2018-02-14,2,6,59
2018-02-15,2,6,62
2018-02-16,2,6,66
2018-02-17,2,6,69
2018-02-18,2,6,72
2018-02-19,2,6,53
2018-02-20,2,6,56
2018-02-21,2,6,59
2018-02-22,2,6,62
2018-02-23,2,6,65
2018-02-24,2,6,68
2018-02-25,2,6,72
2018-02-26,2,6,52
2018-02-27,2,6,56
2018-02-28,2,6,59
2018-03-01,2,6,64
2018-03-02,2,6,67
2018-03-03,2,6,70
2018-03-04,2,6,73
2018-03-05,2,6,54
2018-03-06,2,6,57
2018-03-07,2,6,60
2018-03-08,2,6,64
2018-03-09,2,6,67
2018-03-10,2,6,70
2018-03-11,2,6,73
2018-03-12,2,6,54
2018-03-13,2,6,57
2018-03-14,2,6,60
2018-03-15,2,6,63
2018-03-16,2,6,66
2018-03-17,2,6,70
2018-03-18,2,6,73
2018-03-19,2,6,53
2018-03-20,2,6,57
2018-03-21,2,6,60
2018-03-22,2,6,63
2018-03-23,2,6,66
2018-03-24,2,6,69
2018-03-25,2,6,72
2018-03-26,2,6,53
2018-03-27,2,6,56
2018-03-28,2,6,60
2018-03-29,2,6,63
2018-03-30,2,6,66
2018-03-31,2,6,69
2018-01-01,3,6,53
2018-01-02,3,6,56
2018-01-03,3,6,59
2018-01-04,3,6,62
2018-01-05,3,6,65
2018-01-06,3,6,68
2018-01-07,3,6,72
2018-01-08,3,6,52
2018-01-09,3,6,55
2018-01-10,3,6,59
2018-01-11,3,6,62
2018-01-12,3,6,65
2018-01-13,3,6,68
2018-01-14,3,6,71
2018-01-15,3,6,52
2018-01-16,3,6,55
2018-01-17,3,6,58
2018-01-18,3,6,61
2018-01-19,3,6,65
2018-01-20,3,6,68
2018-01-21,3,6,71
2018-01-22,3,6,52
2018-01-23,3,6,55
2018-01-24,3,6,58
2018-01-25,3,6,61
2018-01-26,3,6,64
2018-01-27,3,6,68
2018-01-28,3,6,71
2018-01-29,3,6,51
2018-01-30,3,6,55
2018-01-31,3,6,58
2018-02-01,3,6,63
2018-02-02,3,6,66
2018-02-03,3,6,69
2018-02-04,3,6,72
2018-02-05,3,6,53
2018-02-06,3,6,56
2018-02-07,3,6,59
2018-02-08,3,6,63
2018-02-09,3,6,66
2018-02-10,3,6,69
2018-02-11,3,6,72
2018-02-12,3,6,53
2018-02-13,3,6,56
2018-02-14,3,6,59
2018-02-15,3,6,62
2018-02-16,3,6,65
2018-02-17,3,6,69
2018-02-18,3,6,72
2018-02-19,3,6,53
2018-02-20,3,6,56
2018-02-21,3,6,59
2018-02-22,3,6,62
2018-02-23,3,6,65
2018-02-24,3,6,68
2018-02-25,3,6,72
2018-02-26,3,6,52
2018-02-27,3,6,55
2018-02-28,3,6,59
2018-03-01,3,6,64
2018-03-02,3,6,67
2018-03-03,3,6,70
2018-03-04,3,6,73
2018-03-05,3,6,54
2018-03-06,3,6,57
2018-03-07,3,6,60
2018-03-08,3,6,63
2018-03-09,3,6,67
2018-03-10,3,6,70
2018-03-11,3,6,73
2018-03-12,3,6,54
2018-03-13,3,6,57
2018-03-14,3,6,60
2018-03-15,3,6,63
2018-03-16,3,6,66
2018-03-17,3,6,69
2018-03-18,3,6,73
2018-03-19,3,6,53
2018-03-20,3,6,57
2018-03-21,3,6,60
2018-03-22,3,6,63
2018-03-23,3,6,66
2018-03-24,3,6,69
2018-03-25,3,6,72
2018-03-26,3,6,53
2018-03-27,3,6,56
2018-03-28,3,6,59
2018-03-29,3,6,63
2018-03-30,3,6,66
2018-03-31,3,6,69
2018-01-01,4,6,52
2018-01-02,4,6,56
2018-01-03,4,6,59
2018-01-04,4,6,62
2018-01-05,4,6,65
2018-01-06,4,6,68
2018-01-07,4,6,71
2018-01-08,4,6,52
2018-01-09,4,6,55
2018-01-10,4,6,59
2018-01-11,4,6,62
2018-01-12,4,6,65
2018-01-13,4,6,68
2018-01-14,4,6,71
2018-01-15,4,6,52
2018-01-16,4,6,55
2018-01-17,4,6,58
2018-01-18,4,6,61
2018-01-19,4,6,65
2018-01-20,4,6,68
2018-01-21,4,6,71
2018-01-22,4,6,52
2018-01-23,4,6,55
2018-01-24,4,6,58
2018-01-25,4,6,61
2018-01-26,4,6,64
2018-01-27,4,6,67
2018-01-28,4,6,71
2018-01-29,4,6,51
2018-01-30,4,6,55
2018-01-31,4,6,58
2018-02-01,4,6,63
2018-02-02,4,6,66
2018-02-03,4,6,69
2018-02-04,4,6,72
2018-02-05,4,6,53
2018-02-06,4,6,56
2018-02-07,4,6,59
2018-02-08,4,6,63
2018-02-09,4,6,66
2018-02-10,4,6,69
2018-02-11,4,6,72
2018-02-12,4,6,53
2018-02-13,4,6,56
2018-02-14,4,6,59
2018-02-15,4,6,62
2018-02-16,4,6,65
2018-02-17,4,6,69
2018-02-18,4,6,72
2018-02-19,4,6,52
2018-02-20,4,6,56
2018-02-21,4,6,59
2018-02-22,4,6,62
2018-02-23,4,6,65
2018-02-24,4,6,68
2018-02-25,4,6,71
2018-02-26,4,6,52
2018-02-27,4,6,55
2018-02-28,4,6,59
2018-03-01,4,6,64
2018-03-02,4,6,67
2018-03-03,4,6,70
2018-03-04,4,6,73
2018-03-05,4,6,54
2018-03-06,4,6,57
2018-03-07,4,6,60
2018-03-08,4,6,63
2018-03-09,4,6,67
2018-03-10,4,6,70
2018-03-11,4,6,73
2018-03-12,4,6,54
2018-03-13,4,6,57
2018-03-14,4,6,60
2018-03-15,4,6,63
2018-03-16,4,6,66
2018-03-17,4,6,69
2018-03-18,4,6,73
2018-03-19,4,6,53
2018-03-20,4,6,56
2018-03-21,4,6,60
2018-03-22,4,6,63
2018-03-23,4,6,66
2018-03-24,4,6,69
2018-03-25,4,6,72
2018-03-26,4,6,53
2018-03-27,4,6,56
2018-03-28,4,6,59
2018-03-29,4,6,63
2018-03-30,4,6,66
2018-03-31,4,6,69
2018-01-01,5,6,52
2018-01-02,5,6,56
2018-01-03,5,6,59
2018-01-04,5,6,62
2018-01-05,5,6,65
2018-01-06,5,6,68
2018-01-07,5,6,71
2018-01-08,5,6,52
2018-01-09,5,6,55
2018-01-10,5,6,58
2018-01-11,5,6,62
2018-01-12,5,6,65
2018-01-13,5,6,68
2018-01-14,5,6,71
2018-01-15,5,6,52
2018-01-16,5,6,55
2018-01-17,5,6,58
2018-01-18,5,6,61
2018-01-19,5,6,65
2018-01-20,5,6,68
2018-01-21,5,6,71
2018-01-22,5,6,52
2018-01-23,5,6,55
2018-01-24,5,6,58
2018-01-25,5,6,61
2018-01-26,5,6,64
2018-01-27,5,6,67
2018-01-28,5,6,71
2018-01-29,5,6,51
2018-01-30,5,6,54
2018-01-31,5,6,58
2018-02-01,5,6,63
2018-02-02,5,6,66
2018-02-03,5,6,69
2018-02-04,5,6,72
2018-02-05,5,6,53
2018-02-06,5,6,56
2018-02-07,5,6,59
2018-02-08,5,6,62
2018-02-09,5,6,66
2018-02-10,5,6,69
2018-02-11,5,6,72
2018-02-12,5,6,53
2018-02-13,5,6,56
2018-02-14,5,6,59
2018-02-15,5,6,62
2018-02-16,5,6,65
2018-02-17,5,6,69
2018-02-18,5,6,72
2018-02-19,5,6,52
2018-02-20,5,6,56
2018-02-21,5,6,59
2018-02-22,5,6,62
2018-02-23,5,6,65
2018-02-24,5,6,68
2018-02-25,5,6,71
2018-02-26,5,6,52
2018-02-27,5,6,55
2018-02-28,5,6,58
2018-03-01,5,6,64
2018-03-02,5,6,67
2018-03-03,5,6,70
2018-03-04,5,6,73
2018-03-05,5,6,54
2018-03-06,5,6,57
2018-03-07,5,6,60
2018-03-08,5,6,63
2018-03-09,5,6,66
2018-03-10,5,6,70
2018-03-11,5,6,73
2018-03-12,5,6,54
2018-03-13,5,6,57
2018-03-14,5,6,60
2018-03-15,5,6,63
2018-03-16,5,6,66
2018-03-17,5,6,69
2018-03-18,5,6,73
2018-03-19,5,6,53
2018-03-20,5,6,56
2018-03-21,5,6,60
2018-03-22,5,6,63
2018-03-23,5,6,66
2018-03-24,5,6,69
2018-03-25,5,6,72
2018-03-26,5,6,53
2018-03-27,5,6,56
2018-03-28,5,6,59
2018-03-29,5,6,62
2018-03-30,5,6,66
2018-03-31,5,6,69
2018-01-01,6,6,52
2018-01-02,6,6,55
2018-01-03,6,6,59
2018-01-04,6,6,62
2018-01-05,6,6,65
2018-01-06,6,6,68
2018-01-07,6,6,71
2018-01-08,6,6,52
2018-01-09,6,6,55
2018-01-10,6,6,58
2018-01-11,6,6,62
2018-01-12,6,6,65
2018-01-13,6,6,68
2018-01-14,6,6,71
2018-01-15,6,6,52
2018-01-16,6,6,55
2018-01-17,6,6,58
2018-01-18,6,6,61
2018-01-19,6,6,64
2018-01-20,6,6,68
2018-01-21,6,6,71
2018-01-22,6,6,51
2018-01-23,6,6,55
2018-01-24,6,6,58
2018-01-25,6,6,61
2018-01-26,6,6,64
2018-01-27,6,6,67
2018-01-28,6,6,70
2018-01-29,6,6,51
2018-01-30,6,6,54
2018-01-31,6,6,58
2018-02-01,6,6,63
2018-02-02,6,6,66
2018-02-03,6,6,69
2018-02-04,6,6,72
2018-02-05,6,6,53
2018-02-06,6,6,56
2018-02-07,6,6,59
2018-02-08,6,6,62
2018-02-09,6,6,66
2018-02-10,6,6,69
2018-02-11,6,6,72
2018-02-12,6,6,53
2018-02-13,6,6,56
2018-02-14,6,6,59
2018-02-15,6,6,62
2018-02-16,6,6,65
2018-02-17,6,6,68
2018-02-18,6,6,72
2018-02-19,6,6,52
2018-02-20,6,6,55
2018-02-21,6,6,59
2018-02-22,6,6,62
2018-02-23,6,6,65
2018-02-24,6,6,68
2018-02-25,6,6,71
2018-02-26,6,6,52
2018-02-27,6,6,55
2018-02-28,6,6,58
2018-03-01,6,6,63
2018-03-02,6,6,67
2018-03-03,6,6,70
2018-03-04,6,6,73
2018-03-05,6,6,54
2018-03-06,6,6,57
2018-03-07,6,6,60
2018-03-08,6,6,63
2018-03-09,6,6,66
2018-03-10,6,6,70
2018-03-11,6,6,73
2018-03-12,6,6,53
2018-03-13,6,6,57
2018-03-14,6,6,60
2018-03-15,6,6,63
2018-03-16,6,6,66
2018-03-17,6,6,69
2018-03-18,6,6,72
2018-03-19,6,6,53
2018-03-20,6,6,56
2018-03-21,6,6,59
2018-03-22,6,6,63
2018-03-23,6,6,66
2018-03-24,6,6,69
2018-03-25,6,6,72
2018-03-26,6,6,53
2018-03-27,6,6,56
2018-03-28,6,6,59
2018-03-29,6,6,62
2018-03-30,6,6,66
2018-03-31,6,6,69
2018-01-01,7,6,52
2018-01-02,7,6,55
2018-01-03,7,6,59
2018-01-04,7,6,62
2018-01-05,7,6,65
2018-01-06,7,6,68
2018-01-07,7,6,71
2018-01-08,7,6,52
2018-01-09,7,6,55
2018-01-10,7,6,58
2018-01-11,7,6,61
2018-01-12,7,6,65
2018-01-13,7,6,68
2018-01-14,7,6,71
2018-01-15,7,6,52
2018-01-16,7,6,55
2018-01-17,7,6,58
2018-01-18,7,6,61
2018-01-19,7,6,64
2018-01-20,7,6,68
2018-01-21,7,6,71
2018-01-22,7,6,51
2018-01-23,7,6,55
2018-01-24,7,6,58
2018-01-25,7,6,61
2018-01-26,7,6,64
2018-01-27,7,6,67
2018-01-28,7,6,70
2018-01-29,7,6,51
2018-01-30,7,6,54
2018-01-31,7,6,57
2018-02-01,7,6,63
2018-02-02,7,6,66
2018-02-03,7,6,69
2018-02-04,7,6,72
2018-02-05,7,6,53
2018-02-06,7,6,56
2018-02-07,7,6,59
2018-02-08,7,6,62
2018-02-09,7,6,65
2018-02-10,7,6,69
2018-02-11,7,6,72
2018-02-12,7,6,53
2018-02-13,7,6,56
2018-02-14,7,6,59
2018-02-15,7,6,62
2018-02-16,7,6,65
2018-02-17,7,6,68
2018-02-18,7,6,72
2018-02-19,7,6,52
2018-02-20,7,6,55
2018-02-21,7,6,59
2018-02-22,7,6,62
2018-02-23,7,6,65
2018-02-24,7,6,68
2018-02-25,7,6,71
2018-02-26,7,6,52
2018-02-27,7,6,55
2018-02-28,7,6,58
2018-03-01,7,6,63
2018-03-02,7,6,67
2018-03-03,7,6,70
2018-03-04,7,6,73
2018-03-05,7,6,54
2018-03-06,7,6,57
2018-03-07,7,6,60
2018-03-08,7,6,63
2018-03-09,7,6,66
2018-03-10,7,6,69
2018-03-11,7,6,73
2018-03-12,7,6,53
2018-03-13,7,6,57
2018-03-14,7,6,60
2018-03-15,7,6,63
2018-03-16,7,6,66
2018-03-17,7,6,69
2018-03-18,7,6,72
2018-03-19,7,6,53
2018-03-20,7,6,56
2018-03-21,7,6,59
2018-03-22,7,6,63
2018-03-23,7,6,66
2018-03-24,7,6,69
2018-03-25,7,6,72
2018-03-26,7,6,53
2018-03-27,7,6,56
2018-03-28,7,6,59
2018-03-29,7,6,62
2018-03-30,7,6,65
2018-03-31,7,6,69
2018-01-01,8,6,52
2018-01-02,8,6,55
2018-01-03,8,6,58
2018-01-04,8,6,62
2018-01-05,8,6,65
2018-01-06,8,6,68
2018-01-07,8,6,71
2018-01-08,8,6,52
2018-01-09,8,6,55
2018-01-10,8,6,58
2018-01-11,8,6,61
2018-01-12,8,6,65
2018-01-13,8,6,68
2018-01-14,8,6,71
2018-01-15,8,6,52
2018-01-16,8,6,55
2018-01-17,8,6,58
2018-01-18,8,6,61
2018-01-19,8,6,64
2018-01-20,8,6,67
2018-01-21,8,6,71
2018-01-22,8,6,51
2018-01-23,8,6,55
2018-01-24,8,6,58
2018-01-25,8,6,61
2018-01-26,8,6,64
2018-01-27,8,6,67
2018-01-28,8,6,70
2018-01-29,8,6,51
2018-01-30,8,6,54
2018-01-31,8,6,57
2018-02-01,8,6,62
2018-02-02,8,6,66
2018-02-03,8,6,69
2018-02-04,8,6,72
2018-02-05,8,6,53
2018-02-06,8,6,56
2018-02-07,8,6,59
2018-02-08,8,6,62
2018-02-09,8,6,65
2018-02-10,8,6,69
2018-02-11,8,6,72
2018-02-12,8,6,52
2018-02-13,8,6,56
2018-02-14,8,6,59
2018-02-15,8,6,62
2018-02-16,8,6,65
2018-02-17,8,6,68
2018-02-18,8,6,71
2018-02-19,8,6,52
2018-02-20,8,6,55
2018-02-21,8,6,59
2018-02-22,8,6,62
2018-02-23,8,6,65
2018-02-24,8,6,68
2018-02-25,8,6,71
2018-02-26,8,6,52
2018-02-27,8,6,55
2018-02-28,8,6,58
2018-03-01,8,6,63
2018-03-02,8,6,66
2018-03-03,8,6,70
2018-03-04,8,6,73
2018-03-05,8,6,54
2018-03-06,8,6,57
2018-03-07,8,6,60
2018-03-08,8,6,63
2018-03-09,8,6,66
2018-03-10,8,6,69
2018-03-11,8,6,73
2018-03-12,8,6,53
2018-03-13,8,6,56
2018-03-14,8,6,60
2018-03-15,8,6,63
2018-03-16,8,6,66
2018-03-17,8,6,69
2018-03-18,8,6,72
2018-03-19,8,6,53
2018-03-20,8,6,56
2018-03-21,8,6,59
2018-03-22,8,6,63
2018-03-23,8,6,66
2018-03-24,8,6,69
2018-03-25,8,6,72
2018-03-26,8,6,53
2018-03-27,8,6,56
2018-03-28,8,6,59
2018-03-29,8,6,62
2018-03-30,8,6,65
2018-03-31,8,6,69
2018-01-01,9,6,52
2018-01-02,9,6,55
2018-01-03,9,6,58
2018-01-04,9,6,62
2018-01-05,9,6,65
2018-01-06,9,6,68
2018-01-07,9,6,71
2018-01-08,9,6,52
2018-01-09,9,6,55
2018-01-10,9,6,58
2018-01-11,9,6,61
2018-01-12,9,6,64
2018-01-13,9,6,68
2018-01-14,9,6,71
2018-01-15,9,6,52
2018-01-16,9,6,55
2018-01-17,9,6,58
2018-01-18,9,6,61
2018-01-19,9,6,64
2018-01-20,9,6,67
2018-01-21,9,6,71
2018-01-22,9,6,51
2018-01-23,9,6,54
2018-01-24,9,6,58
2018-01-25,9,6,61
2018-01-26,9,6,64
2018-01-27,9,6,67
2018-01-28,9,6,70
2018-01-29,9,6,51
2018-01-30,9,6,54
2018-01-31,9,6,57
2018-02-01,9,6,62
2018-02-02,9,6,66
2018-02-03,9,6,69
2018-02-04,9,6,72
2018-02-05,9,6,53
2018-02-06,9,6,56
2018-02-07,9,6,59
2018-02-08,9,6,62
2018-02-09,9,6,65
2018-02-10,9,6,68
2018-02-11,9,6,72
2018-02-12,9,6,52
2018-02-13,9,6,56
2018-02-14,9,6,59
2018-02-15,9,6,62
2018-02-16,9,6,65
2018-02-17,9,6,68
2018-02-18,9,6,71
2018-02-19,9,6,52
2018-02-20,9,6,55
2018-02-21,9,6,58
2018-02-22,9,6,62
2018-02-23,9,6,65
2018-02-24,9,6,68
2018-02-25,9,6,71
2018-02-26,9,6,52
2018-02-27,9,6,55
2018-02-28,9,6,58
2018-03-01,9,6,63
2018-03-02,9,6,66
2018-03-03,9,6,70
2018-03-04,9,6,73
2018-03-05,9,6,53
2018-03-06,9,6,57
2018-03-07,9,6,60
2018-03-08,9,6,63
2018-03-09,9,6,66
2018-03-10,9,6,69
2018-03-11,9,6,72
2018-03-12,9,6,53
2018-03-13,9,6,56
2018-03-14,9,6,60
2018-03-15,9,6,63
2018-03-16,9,6,66
2018-03-17,9,6,69
2018-03-18,9,6,72
2018-03-19,9,6,53
2018-03-20,9,6,56
2018-03-21,9,6,59
2018-03-22,9,6,62
2018-03-23,9,6,66
2018-03-24,9,6,69
2018-03-25,9,6,72
2018-03-26,9,6,53
2018-03-27,9,6,56
2018-03-28,9,6,59
2018-03-29,9,6,62
2018-03-30,9,6,65
2018-03-31,9,6,68
2018-01-01,10,6,52
2018-01-02,10,6,55
2018-01-03,10,6,58
2018-01-04,10,6,61
2018-01-05,10,6,65
2018-01-06,10,6,68
2018-01-07,10,6,71
2018-01-08,10,6,52
2018-01-09,10,6,55
2018-01-10,10,6,58
2018-01-11,10,6,61
2018-01-12,10,6,64
2018-01-13,10,6,68
2018-01-14,10,6,71
2018-01-15,10,6,51
2018-01-16,10,6,55
2018-01-17,10,6,58
2018-01-18,10,6,61
2018-01-19,10,6,64
2018-01-20,10,6,67
2018-01-21,10,6,70
2018-01-22,10,6,51
2018-01-23,10,6,54
2018-01-24,10,6,58
2018-01-25,10,6,61
2018-01-26,10,6,64
2018-01-27,10,6,67
2018-01-28,10,6,70
2018-01-29,10,6,51
2018-01-30,10,6,54
2018-01-31,10,6,57
2018-02-01,10,6,62
2018-02-02,10,6,65
2018-02-03,10,6,69
2018-02-04,10,6,72
2018-02-05,10,6,53
2018-02-06,10,6,56
2018-02-07,10,6,59
2018-02-08,10,6,62
2018-02-09,10,6,65
2018-02-10,10,6,68
2018-02-11,10,6,72
2018-02-12,10,6,52
2018-02-13,10,6,55
2018-02-14,10,6,59
2018-02-15,10,6,62
2018-02-16,10,6,65
2018-02-17,10,6,68
2018-02-18,10,6,71
2018-02-19,10,6,52
2018-02-20,10,6,55
2018-02-21,10,6,58
2018-02-22,10,6,62
2018-02-23,10,6,65
2018-02-24,10,6,68
2018-02-25,10,6,71
2018-02-26,10,6,52
2018-02-27,10,6,55
2018-02-28,10,6,58
2018-03-01,10,6,63
2018-03-02,10,6,66
2018-03-03,10,6,69
2018-03-04,10,6,73
2018-03-05,10,6,53
2018-03-06,10,6,57
2018-03-07,10,6,60
2018-03-08,10,6,63
2018-03-09,10,6,66
2018-03-10,10,6,69
2018-03-11,10,6,72
2018-03-12,10,6,53
2018-03-13,10,6,56
2018-03-14,10,6,59
2018-03-15,10,6,63
2018-03-16,10,6,66
2018-03-17,10,6,69
2018-03-18,10,6,72
2018-03-19,10,6,53
2018-03-20,10,6,56
2018-03-21,10,6,59
2018-03-22,10,6,62
2018-03-23,10,6,66
2018-03-24,10,6,69
2018-03-25,10,6,72
2018-03-26,10,6,53
2018-03-27,10,6,56
2018-03-28,10,6,59
2018-03-29,10,6,62
2018-03-30,10,6,65
2018-03-31,10,6,68
2018-01-01,1,7,53
2018-01-02,1,7,56
2018-01-03,1,7,59
2018-01-04,1,7,62
2018-01-05,1,7,65
2018-01-06,1,7,68
2018-01-07,1,7,72
2018-01-08,1,7,52
2018-01-09,1,7,55
2018-01-10,1,7,59
2018-01-11,1,7,62
2018-01-12,1,7,65
2018-01-13,1,7,68
2018-01-14,1,7,71
2018-01-15,1,7,52
2018-01-16,1,7,55
2018-01-17,1,7,58
2018-01-18,1,7,62
2018-01-19,1,7,65
2018-01-20,1,7,68
2018-01-21,1,7,71
2018-01-22,1,7,52
2018-01-23,1,7,55
2018-01-24,1,7,58
2018-01-25,1,7,61
2018-01-26,1,7,64
2018-01-27,1,7,68
2018-01-28,1,7,71
2018-01-29,1,7,52
2018-01-30,1,7,55
2018-01-31,1,7,58
2018-02-01,1,7,63
2018-02-02,1,7,66
2018-02-03,1,7,69
2018-02-04,1,7,72
2018-02-05,1,7,53
2018-02-06,1,7,56
2018-02-07,1,7,59
2018-02-08,1,7,63
2018-02-09,1,7,66
2018-02-10,1,7,69
2018-02-11,1,7,72
2018-02-12,1,7,53
2018-02-13,1,7,56
2018-02-14,1,7,59
2018-02-15,1,7,62
2018-02-16,1,7,66
2018-02-17,1,7,69
2018-02-18,1,7,72
2018-02-19,1,7,53
2018-02-20,1,7,56
2018-02-21,1,7,59
2018-02-22,1,7,62
2018-02-23,1,7,65
2018-02-24,1,7,68
2018-02-25,1,7,72
2018-02-26,1,7,52
2018-02-27,1,7,55
2018-02-28,1,7,59
2018-03-01,1,7,64
2018-03-02,1,7,67
2018-03-03,1,7,70
2018-03-04,1,7,73
2018-03-05,1,7,54
2018-03-06,1,7,57
2018-03-07,1,7,60
2018-03-08,1,7,63
2018-03-09,1,7,67
2018-03-10,1,7,70
2018-03-11,1,7,73
2018-03-12,1,7,54
2018-03-13,1,7,57
2018-03-14,1,7,60
2018-03-15,1,7,63
2018-03-16,1,7,66
2018-03-17,1,7,70
2018-03-18,1,7,73
2018-03-19,1,7,53
2018-03-20,1,7,57
2018-03-21,1,7,60
2018-03-22,1,7,63
2018-03-23,1,7,66
2018-03-24,1,7,69
2018-03-25,1,7,72
2018-03-26,1,7,53
2018-03-27,1,7,56
2018-03-28,1,7,59
2018-03-29,1,7,63
2018-03-30,1,7,66
2018-03-31,1,7,69
2018-01-01,2,7,53
2018-01-02,2,7,56
2018-01-03,2,7,59
2018-01-04,2,7,62
2018-01-05,2,7,65
2018-01-06,2,7,68
2018-01-07,2,7,72
2018-01-08,2,7,52
2018-01-09,2,7,55
2018-01-10,2,7,59
2018-01-11,2,7,62
2018-01-12,2,7,65
2018-01-13,2,7,68
2018-01-14,2,7,71
2018-01-15,2,7,52
2018-01-16,2,7,55
2018-01-17,2,7,58
2018-01-18,2,7,61
2018-01-19,2,7,65
2018-01-20,2,7,68
2018-01-21,2,7,71
2018-01-22,2,7,52
2018-01-23,2,7,55
2018-01-24,2,7,58
2018-01-25,2,7,61
2018-01-26,2,7,64
2018-01-27,2,7,68
2018-01-28,2,7,71
2018-01-29,2,7,51
2018-01-30,2,7,55
2018-01-31,2,7,58
2018-02-01,2,7,63
2018-02-02,2,7,66
2018-02-03,2,7,69
2018-02-04,2,7,72
2018-02-05,2,7,53
2018-02-06,2,7,56
2018-02-07,2,7,59
2018-02-08,2,7,63
2018-02-09,2,7,66
2018-02-10,2,7,69
2018-02-11,2,7,72
2018-02-12,2,7,53
2018-02-13,2,7,56
2018-02-14,2,7,59
2018-02-15,2,7,62
2018-02-16,2,7,65
2018-02-17,2,7,69
2018-02-18,2,7,72
2018-02-19,2,7,53
2018-02-20,2,7,56
2018-02-21,2,7,59
2018-02-22,2,7,62
2018-02-23,2,7,65
2018-02-24,2,7,68
2018-02-25,2,7,72
2018-02-26,2,7,52
2018-02-27,2,7,55
2018-02-28,2,7,59
2018-03-01,2,7,64
2018-03-02,2,7,67
2018-03-03,2,7,70
2018-03-04,2,7,73
2018-03-05,2,7,54
2018-03-06,2,7,57
2018-03-07,2,7,60
2018-03-08,2,7,63
2018-03-09,2,7,67
2018-03-10,2,7,70
2018-03-11,2,7,73
2018-03-12,2,7,54
2018-03-13,2,7,57
2018-03-14,2,7,60
2018-03-15,2,7,63
2018-03-16,2,7,66
2018-03-17,2,7,69
2018-03-18,2,7,73
2018-03-19,2,7,53
2018-03-20,2,7,57
2018-03-21,2,7,60
2018-03-22,2,7,63
2018-03-23,2,7,66
2018-03-24,2,7,69
2018-03-25,2,7,72
2018-03-26,2,7,53
2018-03-27,2,7,56
2018-03-28,2,7,59
2018-03-29,2,7,63
2018-03-30,2,7,66
2018-03-31,2,7,69
2018-01-01,3,7,52
2018-01-02,3,7,56
2018-01-03,3,7,59
2018-01-04,3,7,62
2018-01-05,3,7,65
2018-01-06,3,7,68
2018-01-07,3,7,71
2018-01-08,3,7,52
2018-01-09,3,7,55
2018-01-10,3,7,58
2018-01-11,3,7,62
2018-01-12,3,7,65
2018-01-13,3,7,68
2018-01-14,3,7,71
2018-01-15,3,7,52
2018-01-16,3,7,55
2018-01-17,3,7,58
2018-01-18,3,7,61
2018-01-19,3,7,65
2018-01-20,3,7,68
2018-01-21,3,7,71
2018-01-22,3,7,52
2018-01-23,3,7,55
2018-01-24,3,7,58
2018-01-25,3,7,61
2018-01-26,3,7,64
2018-01-27,3,7,67
2018-01-28,3,7,71
2018-01-29,3,7,51
2018-01-30,3,7,55
2018-01-31,3,7,58
2018-02-01,3,7,63
2018-02-02,3,7,66
2018-02-03,3,7,69
2018-02-04,3,7,72
2018-02-05,3,7,53
2018-02-06,3,7,56
2018-02-07,3,7,59
2018-02-08,3,7,62
2018-02-09,3,7,66
2018-02-10,3,7,69
2018-02-11,3,7,72
2018-02-12,3,7,53
2018-02-13,3,7,56
2018-02-14,3,7,59
2018-02-15,3,7,62
2018-02-16,3,7,65
2018-02-17,3,7,69
2018-02-18,3,7,72
2018-02-19,3,7,52
2018-02-20,3,7,56
2018-02-21,3,7,59
2018-02-22,3,7,62
2018-02-23,3,7,65
2018-02-24,3,7,68
2018-02-25,3,7,71
2018-02-26,3,7,52
2018-02-27,3,7,55
2018-02-28,3,7,59
2018-03-01,3,7,64
2018-03-02,3,7,67
2018-03-03,3,7,70
2018-03-04,3,7,73
2018-03-05,3,7,54
2018-03-06,3,7,57
2018-03-07,3,7,60
2018-03-08,3,7,63
2018-03-09,3,7,66
2018-03-10,3,7,70
2018-03-11,3,7,73
2018-03-12,3,7,54
2018-03-13,3,7,57
2018-03-14,3,7,60
2018-03-15,3,7,63
2018-03-16,3,7,66
2018-03-17,3,7,69
2018-03-18,3,7,73
2018-03-19,3,7,53
2018-03-20,3,7,56
2018-03-21,3,7,60
2018-03-22,3,7,63
2018-03-23,3,7,66
2018-03-24,3,7,69
2018-03-25,3,7,72
2018-03-26,3,7,53
2018-03-27,3,7,56
2018-03-28,3,7,59
2018-03-29,3,7,63
2018-03-30,3,7,66
2018-03-31,3,7,69
2018-01-01,4,7,52
2018-01-02,4,7,56
2018-01-03,4,7,59
2018-01-04,4,7,62
2018-01-05,4,7,65
2018-01-06,4,7,68
2018-01-07,4,7,71
2018-01-08,4,7,52
2018-01-09,4,7,55
2018-01-10,4,7,58
2018-01-11,4,7,62
2018-01-12,4,7,65
2018-01-13,4,7,68
2018-01-14,4,7,71
2018-01-15,4,7,52
2018-01-16,4,7,55
2018-01-17,4,7,58
2018-01-18,4,7,61
2018-01-19,4,7,64
2018-01-20,4,7,68
2018-01-21,4,7,71
2018-01-22,4,7,52
2018-01-23,4,7,55
2018-01-24,4,7,58
2018-01-25,4,7,61
2018-01-26,4,7,64
2018-01-27,4,7,67
2018-01-28,4,7,71
2018-01-29,4,7,51
2018-01-30,4,7,54
2018-01-31,4,7,58
2018-02-01,4,7,63
2018-02-02,4,7,66
2018-02-03,4,7,69
2018-02-04,4,7,72
2018-02-05,4,7,53
2018-02-06,4,7,56
2018-02-07,4,7,59
2018-02-08,4,7,62
2018-02-09,4,7,66
2018-02-10,4,7,69
2018-02-11,4,7,72
2018-02-12,4,7,53
2018-02-13,4,7,56
2018-02-14,4,7,59
2018-02-15,4,7,62
2018-02-16,4,7,65
2018-02-17,4,7,68
2018-02-18,4,7,72
2018-02-19,4,7,52
2018-02-20,4,7,56
2018-02-21,4,7,59
2018-02-22,4,7,62
2018-02-23,4,7,65
2018-02-24,4,7,68
2018-02-25,4,7,71
2018-02-26,4,7,52
2018-02-27,4,7,55
2018-02-28,4,7,58
2018-03-01,4,7,64
2018-03-02,4,7,67
2018-03-03,4,7,70
2018-03-04,4,7,73
2018-03-05,4,7,54
2018-03-06,4,7,57
2018-03-07,4,7,60
2018-03-08,4,7,63
2018-03-09,4,7,66
2018-03-10,4,7,70
2018-03-11,4,7,73
2018-03-12,4,7,53
2018-03-13,4,7,57
2018-03-14,4,7,60
2018-03-15,4,7,63
2018-03-16,4,7,66
2018-03-17,4,7,69
2018-03-18,4,7,72
2018-03-19,4,7,53
2018-03-20,4,7,56
2018-03-21,4,7,60
2018-03-22,4,7,63
2018-03-23,4,7,66
2018-03-24,4,7,69
2018-03-25,4,7,72
2018-03-26,4,7,53
2018-03-27,4,7,56
2018-03-28,4,7,59
2018-03-29,4,7,62
2018-03-30,4,7,66
2018-03-31,4,7,69
2018-01-01,5,7,52
2018-01-02,5,7,55
2018-01-03,5,7,59
2018-01-04,5,7,62
2018-01-05,5,7,65
2018-01-06,5,7,68
2018-01-07,5,7,71
2018-01-08,5,7,52
2018-01-09,5,7,55
2018-01-10,5,7,58
2018-01-11,5,7,62
2018-01-12,5,7,65
2018-01-13,5,7,68
2018-01-14,5,7,71
2018-01-15,5,7,52
2018-01-16,5,7,55
2018-01-17,5,7,58
2018-01-18,5,7,61
2018-01-19,5,7,64
2018-01-20,5,7,68
2018-01-21,5,7,71
2018-01-22,5,7,51
2018-01-23,5,7,55
2018-01-24,5,7,58
2018-01-25,5,7,61
2018-01-26,5,7,64
2018-01-27,5,7,67
2018-01-28,5,7,70
2018-01-29,5,7,51
2018-01-30,5,7,54
2018-01-31,5,7,58
2018-02-01,5,7,63
2018-02-02,5,7,66
2018-02-03,5,7,69
2018-02-04,5,7,72
2018-02-05,5,7,53
2018-02-06,5,7,56
2018-02-07,5,7,59
2018-02-08,5,7,62
2018-02-09,5,7,66
2018-02-10,5,7,69
2018-02-11,5,7,72
2018-02-12,5,7,53
2018-02-13,5,7,56
2018-02-14,5,7,59
2018-02-15,5,7,62
2018-02-16,5,7,65
2018-02-17,5,7,68
2018-02-18,5,7,72
2018-02-19,5,7,52
2018-02-20,5,7,55
2018-02-21,5,7,59
2018-02-22,5,7,62
2018-02-23,5,7,65
2018-02-24,5,7,68
2018-02-25,5,7,71
2018-02-26,5,7,52
2018-02-27,5,7,55
2018-02-28,5,7,58
2018-03-01,5,7,63
2018-03-02,5,7,67
2018-03-03,5,7,70
2018-03-04,5,7,73
2018-03-05,5,7,54
2018-03-06,5,7,57
2018-03-07,5,7,60
2018-03-08,5,7,63
2018-03-09,5,7,66
2018-03-10,5,7,69
2018-03-11,5,7,73
2018-03-12,5,7,53
2018-03-13,5,7,57
2018-03-14,5,7,60
2018-03-15,5,7,63
2018-03-16,5,7,66
2018-03-17,5,7,69
2018-03-18,5,7,72
2018-03-19,5,7,53
2018-03-20,5,7,56
2018-03-21,5,7,59
2018-03-22,5,7,63
2018-03-23,5,7,66
2018-03-24,5,7,69
2018-03-25,5,7,72
2018-03-26,5,7,53
2018-03-27,5,7,56
2018-03-28,5,7,59
2018-03-29,5,7,62
2018-03-30,5,7,66
2018-03-31,5,7,69
2018-01-01,6,7,52
2018-01-02,6,7,55
2018-01-03,6,7,59
2018-01-04,6,7,62
2018-01-05,6,7,65
2018-01-06,6,7,68
2018-01-07,6,7,71
2018-01-08,6,7,52
2018-01-09,6,7,55
2018-01-10,6,7,58
2018-01-11,6,7,61
2018-01-12,6,7,65
2018-01-13,6,7,68
2018-01-14,6,7,71
2018-01-15,6,7,52
2018-01-16,6,7,55
2018-01-17,6,7,58
2018-01-18,6,7,61
2018-01-19,6,7,64
2018-01-20,6,7,67
2018-01-21,6,7,71
2018-01-22,6,7,51
2018-01-23,6,7,55
2018-01-24,6,7,58
2018-01-25,6,7,61
2018-01-26,6,7,64
2018-01-27,6,7,67
2018-01-28,6,7,70
2018-01-29,6,7,51
2018-01-30,6,7,54
2018-01-31,6,7,57
2018-02-01,6,7,63
2018-02-02,6,7,66
2018-02-03,6,7,69
2018-02-04,6,7,72
2018-02-05,6,7,53
2018-02-06,6,7,56
2018-02-07,6,7,59
2018-02-08,6,7,62
2018-02-09,6,7,65
2018-02-10,6,7,69
2018-02-11,6,7,72
2018-02-12,6,7,52
2018-02-13,6,7,56
2018-02-14,6,7,59
2018-02-15,6,7,62
2018-02-16,6,7,65
2018-02-17,6,7,68
2018-02-18,6,7,71
2018-02-19,6,7,52
2018-02-20,6,7,55
2018-02-21,6,7,59
2018-02-22,6,7,62
2018-02-23,6,7,65
2018-02-24,6,7,68
2018-02-25,6,7,71
2018-02-26,6,7,52
2018-02-27,6,7,55
2018-02-28,6,7,58
2018-03-01,6,7,63
2018-03-02,6,7,67
2018-03-03,6,7,70
2018-03-04,6,7,73
2018-03-05,6,7,54
2018-03-06,6,7,57
2018-03-07,6,7,60
2018-03-08,6,7,63
2018-03-09,6,7,66
2018-03-10,6,7,69
2018-03-11,6,7,73
2018-03-12,6,7,53
2018-03-13,6,7,56
2018-03-14,6,7,60
2018-03-15,6,7,63
2018-03-16,6,7,66
2018-03-17,6,7,69
2018-03-18,6,7,72
2018-03-19,6,7,53
2018-03-20,6,7,56
2018-03-21,6,7,59
2018-03-22,6,7,63
2018-03-23,6,7,66
2018-03-24,6,7,69
2018-03-25,6,7,72
2018-03-26,6,7,53
2018-03-27,6,7,56
2018-03-28,6,7,59
2018-03-29,6,7,62
2018-03-30,6,7,65
2018-03-31,6,7,69
2018-01-01,7,7,52
2018-01-02,7,7,55
2018-01-03,7,7,58
2018-01-04,7,7,62
2018-01-05,7,7,65
2018-01-06,7,7,68
2018-01-07,7,7,71
2018-01-08,7,7,52
2018-01-09,7,7,55
2018-01-10,7,7,58
2018-01-11,7,7,61
2018-01-12,7,7,65
2018-01-13,7,7,68
2018-01-14,7,7,71
2018-01-15,7,7,52
2018-01-16,7,7,55
2018-01-17,7,7,58
2018-01-18,7,7,61
2018-01-19,7,7,64
2018-01-20,7,7,67
2018-01-21,7,7,71
2018-01-22,7,7,51
2018-01-23,7,7,54
2018-01-24,7,7,58
2018-01-25,7,7,61
2018-01-26,7,7,64
2018-01-27,7,7,67
2018-01-28,7,7,70
2018-01-29,7,7,51
2018-01-30,7,7,54
2018-01-31,7,7,57
2018-02-01,7,7,62
2018-02-02,7,7,66
2018-02-03,7,7,69
2018-02-04,7,7,72
2018-02-05,7,7,53
2018-02-06,7,7,56
2018-02-07,7,7,59
2018-02-08,7,7,62
2018-02-09,7,7,65
2018-02-10,7,7,69
2018-02-11,7,7,72
2018-02-12,7,7,52
2018-02-13,7,7,56
2018-02-14,7,7,59
2018-02-15,7,7,62
2018-02-16,7,7,65
2018-02-17,7,7,68
2018-02-18,7,7,71
2018-02-19,7,7,52
2018-02-20,7,7,55
2018-02-21,7,7,58
2018-02-22,7,7,62
2018-02-23,7,7,65
2018-02-24,7,7,68
2018-02-25,7,7,71
2018-02-26,7,7,52
2018-02-27,7,7,55
2018-02-28,7,7,58
2018-03-01,7,7,63
2018-03-02,7,7,66
2018-03-03,7,7,70
2018-03-04,7,7,73
2018-03-05,7,7,54
2018-03-06,7,7,57
2018-03-07,7,7,60
2018-03-08,7,7,63
2018-03-09,7,7,66
2018-03-10,7,7,69
2018-03-11,7,7,73
2018-03-12,7,7,53
2018-03-13,7,7,56
2018-03-14,7,7,60
2018-03-15,7,7,63
2018-03-16,7,7,66
2018-03-17,7,7,69
2018-03-18,7,7,72
2018-03-19,7,7,53
2018-03-20,7,7,56
2018-03-21,7,7,59
2018-03-22,7,7,62
2018-03-23,7,7,66
2018-03-24,7,7,69
2018-03-25,7,7,72
2018-03-26,7,7,53
2018-03-27,7,7,56
2018-03-28,7,7,59
2018-03-29,7,7,62
2018-03-30,7,7,65
2018-03-31,7,7,69
2018-01-01,8,7,52
2018-01-02,8,7,55
2018-01-03,8,7,58
2018-01-04,8,7,62
2018-01-05,8,7,65
2018-01-06,8,7,68
2018-01-07,8,7,71
2018-01-08,8,7,52
2018-01-09,8,7,55
2018-01-10,8,7,58
2018-01-11,8,7,61
2018-01-12,8,7,64
2018-01-13,8,7,68
2018-01-14,8,7,71
2018-01-15,8,7,52
2018-01-16,8,7,55
2018-01-17,8,7,58
2018-01-18,8,7,61
2018-01-19,8,7,64
2018-01-20,8,7,67
2018-01-21,8,7,71
2018-01-22,8,7,51
2018-01-23,8,7,54
2018-01-24,8,7,58
2018-01-25,8,7,61
2018-01-26,8,7,64
2018-01-27,8,7,67
2018-01-28,8,7,70
2018-01-29,8,7,51
2018-01-30,8,7,54
2018-01-31,8,7,57
2018-02-01,8,7,62
2018-02-02,8,7,66
2018-02-03,8,7,69
2018-02-04,8,7,72
2018-02-05,8,7,53
2018-02-06,8,7,56
2018-02-07,8,7,59
2018-02-08,8,7,62
2018-02-09,8,7,65
2018-02-10,8,7,68
2018-02-11,8,7,72
2018-02-12,8,7,52
2018-02-13,8,7,55
2018-02-14,8,7,59
2018-02-15,8,7,62
2018-02-16,8,7,65
2018-02-17,8,7,68
2018-02-18,8,7,71
2018-02-19,8,7,52
2018-02-20,8,7,55
2018-02-21,8,7,58
2018-02-22,8,7,62
2018-02-23,8,7,65
2018-02-24,8,7,68
2018-02-25,8,7,71
2018-02-26,8,7,52
2018-02-27,8,7,55
2018-02-28,8,7,58
2018-03-01,8,7,63
2018-03-02,8,7,66
2018-03-03,8,7,70
2018-03-04,8,7,73
2018-03-05,8,7,53
2018-03-06,8,7,57
2018-03-07,8,7,60
2018-03-08,8,7,63
2018-03-09,8,7,66
2018-03-10,8,7,69
2018-03-11,8,7,72
2018-03-12,8,7,53
2018-03-13,8,7,56
2018-03-14,8,7,59
2018-03-15,8,7,63
2018-03-16,8,7,66
2018-03-17,8,7,69
2018-03-18,8,7,72
2018-03-19,8,7,53
2018-03-20,8,7,56
2018-03-21,8,7,59
2018-03-22,8,7,62
2018-03-23,8,7,66
2018-03-24,8,7,69
2018-03-25,8,7,72
2018-03-26,8,7,53
2018-03-27,8,7,56
2018-03-28,8,7,59
2018-03-29,8,7,62
2018-03-30,8,7,65
2018-03-31,8,7,68
2018-01-01,9,7,52
2018-01-02,9,7,55
2018-01-03,9,7,58
2018-01-04,9,7,61
2018-01-05,9,7,65
2018-01-06,9,7,68
2018-01-07,9,7,71
2018-01-08,9,7,52
2018-01-09,9,7,55
2018-01-10,9,7,58
2018-01-11,9,7,61
2018-01-12,9,7,64
2018-01-13,9,7,68
2018-01-14,9,7,71
2018-01-15,9,7,51
2018-01-16,9,7,55
2018-01-17,9,7,58
2018-01-18,9,7,61
2018-01-19,9,7,64
2018-01-20,9,7,67
2018-01-21,9,7,70
2018-01-22,9,7,51
2018-01-23,9,7,54
2018-01-24,9,7,57
2018-01-25,9,7,61
2018-01-26,9,7,64
2018-01-27,9,7,67
2018-01-28,9,7,70
2018-01-29,9,7,51
2018-01-30,9,7,54
2018-01-31,9,7,57
2018-02-01,9,7,62
2018-02-02,9,7,65
2018-02-03,9,7,69
2018-02-04,9,7,72
2018-02-05,9,7,53
2018-02-06,9,7,56
2018-02-07,9,7,59
2018-02-08,9,7,62
2018-02-09,9,7,65
2018-02-10,9,7,68
2018-02-11,9,7,72
2018-02-12,9,7,52
2018-02-13,9,7,55
2018-02-14,9,7,59
2018-02-15,9,7,62
2018-02-16,9,7,65
2018-02-17,9,7,68
2018-02-18,9,7,71
2018-02-19,9,7,52
2018-02-20,9,7,55
2018-02-21,9,7,58
2018-02-22,9,7,61
2018-02-23,9,7,65
2018-02-24,9,7,68
2018-02-25,9,7,71
2018-02-26,9,7,52
2018-02-27,9,7,55
2018-02-28,9,7,58
2018-03-01,9,7,63
2018-03-02,9,7,66
2018-03-03,9,7,69
2018-03-04,9,7,73
2018-03-05,9,7,53
2018-03-06,9,7,57
2018-03-07,9,7,60
2018-03-08,9,7,63
2018-03-09,9,7,66
2018-03-10,9,7,69
2018-03-11,9,7,72
2018-03-12,9,7,53
2018-03-13,9,7,56
2018-03-14,9,7,59
2018-03-15,9,7,63
2018-03-16,9,7,66
2018-03-17,9,7,69
2018-03-18,9,7,72
2018-03-19,9,7,53
2018-03-20,9,7,56
2018-03-21,9,7,59
2018-03-22,9,7,62
2018-03-23,9,7,65
2018-03-24,9,7,69
2018-03-25,9,7,72
2018-03-26,9,7,53
2018-03-27,9,7,56
2018-03-28,9,7,59
2018-03-29,9,7,62
2018-03-30,9,7,65
2018-03-31,9,7,68
2018-01-01,10,7,52
2018-01-02,10,7,55
2018-01-03,10,7,58
2018-01-04,10,7,61
2018-01-05,10,7,65
2018-01-06,10,7,68
2018-01-07,10,7,71
2018-01-08,10,7,52
2018-01-09,10,7,55
2018-01-10,10,7,58
2018-01-11,10,7,61
2018-01-12,10,7,64
2018-01-13,10,7,67
2018-01-14,10,7,71
2018-01-15,10,7,51
2018-01-16,10,7,55
2018-01-17,10,7,58
2018-01-18,10,7,61
2018-01-19,10,7,64
2018-01-20,10,7,67
2018-01-21,10,7,70
2018-01-22,10,7,51
2018-01-23,10,7,54
2018-01-24,10,7,57
2018-01-25,10,7,61
2018-01-26,10,7,64
2018-01-27,10,7,67
2018-01-28,10,7,70
2018-01-29,10,7,51
2018-01-30,10,7,54
2018-01-31,10,7,57
2018-02-01,10,7,62
2018-02-02,10,7,65
2018-02-03,10,7,69
2018-02-04,10,7,72
2018-02-05,10,7,52
2018-02-06,10,7,56
2018-02-07,10,7,59
2018-02-08,10,7,62
2018-02-09,10,7,65
2018-02-10,10,7,68
2018-02-11,10,7,71
2018-02-12,10,7,52
2018-02-13,10,7,55
2018-02-14,10,7,59
2018-02-15,10,7,62
2018-02-16,10,7,65
2018-02-17,10,7,68
2018-02-18,10,7,71
2018-02-19,10,7,52
2018-02-20,10,7,55
2018-02-21,10,7,58
2018-02-22,10,7,61
2018-02-23,10,7,65
2018-02-24,10,7,68
2018-02-25,10,7,71
2018-02-26,10,7,52
2018-02-27,10,7,55
2018-02-28,10,7,58
2018-03-01,10,7,63
2018-03-02,10,7,66
2018-03-03,10,7,69
2018-03-04,10,7,73
2018-03-05,10,7,53
2018-03-06,10,7,56
2018-03-07,10,7,60
2018-03-08,10,7,63
2018-03-09,10,7,66
2018-03-10,10,7,69
2018-03-11,10,7,72
2018-03-12,10,7,53
2018-03-13,10,7,56
2018-03-14,10,7,59
2018-03-15,10,7,63
2018-03-16,10,7,66
2018-03-17,10,7,69
2018-03-18,10,7,72
2018-03-19,10,7,53
2018-03-20,10,7,56
2018-03-21,10,7,59
2018-03-22,10,7,62
2018-03-23,10,7,65
2018-03-24,10,7,69
2018-03-25,10,7,72
2018-03-26,10,7,52
2018-03-27,10,7,56
2018-03-28,10,7,59
2018-03-29,10,7,62
2018-03-30,10,7,65
2018-03-31,10,7,68
2018-01-01,1,8,52
2018-01-02,1,8,56
2018-01-03,1,8,59
2018-01-04,1,8,62
2018-01-05,1,8,65
2018-01-06,1,8,68
2018-01-07,1,8,71
2018-01-08,1,8,52
2018-01-09,1,8,55
2018-01-10,1,8,59
2018-01-11,1,8,62
2018-01-12,1,8,65
2018-01-13,1,8,68
2018-01-14,1,8,71
2018-01-15,1,8,52
2018-01-16,1,8,55
2018-01-17,1,8,58
2018-01-18,1,8,61
2018-01-19,1,8,65
2018-01-20,1,8,68
2018-01-21,1,8,71
2018-01-22,1,8,52
2018-01-23,1,8,55
2018-01-24,1,8,58
2018-01-25,1,8,61
2018-01-26,1,8,64
2018-01-27,1,8,67
2018-01-28,1,8,71
2018-01-29,1,8,51
2018-01-30,1,8,55
2018-01-31,1,8,58
2018-02-01,1,8,63
2018-02-02,1,8,66
2018-02-03,1,8,69
2018-02-04,1,8,72
2018-02-05,1,8,53
2018-02-06,1,8,56
2018-02-07,1,8,59
2018-02-08,1,8,63
2018-02-09,1,8,66
2018-02-10,1,8,69
2018-02-11,1,8,72
2018-02-12,1,8,53
2018-02-13,1,8,56
2018-02-14,1,8,59
2018-02-15,1,8,62
2018-02-16,1,8,65
2018-02-17,1,8,69
2018-02-18,1,8,72
2018-02-19,1,8,52
2018-02-20,1,8,56
2018-02-21,1,8,59
2018-02-22,1,8,62
2018-02-23,1,8,65
2018-02-24,1,8,68
2018-02-25,1,8,71
2018-02-26,1,8,52
2018-02-27,1,8,55
2018-02-28,1,8,59
2018-03-01,1,8,64
2018-03-02,1,8,67
2018-03-03,1,8,70
2018-03-04,1,8,73
2018-03-05,1,8,54
2018-03-06,1,8,57
2018-03-07,1,8,60
2018-03-08,1,8,63
2018-03-09,1,8,67
2018-03-10,1,8,70
2018-03-11,1,8,73
2018-03-12,1,8,54
2018-03-13,1,8,57
2018-03-14,1,8,60
2018-03-15,1,8,63
2018-03-16,1,8,66
2018-03-17,1,8,69
2018-03-18,1,8,73
2018-03-19,1,8,53
2018-03-20,1,8,56
2018-03-21,1,8,60
2018-03-22,1,8,63
2018-03-23,1,8,66
2018-03-24,1,8,69
2018-03-25,1,8,72
2018-03-26,1,8,53
2018-03-27,1,8,56
2018-03-28,1,8,59
2018-03-29,1,8,63
2018-03-30,1,8,66
2018-03-31,1,8,69
2018-01-01,2,8,52
2018-01-02,2,8,56
2018-01-03,2,8,59
2018-01-04,2,8,62
2018-01-05,2,8,65
2018-01-06,2,8,68
2018-01-07,2,8,71
2018-01-08,2,8,52
2018-01-09,2,8,55
2018-01-10,2,8,58
2018-01-11,2,8,62
2018-01-12,2,8,65
2018-01-13,2,8,68
2018-01-14,2,8,71
2018-01-15,2,8,52
2018-01-16,2,8,55
2018-01-17,2,8,58
2018-01-18,2,8,61
2018-01-19,2,8,65
2018-01-20,2,8,68
2018-01-21,2,8,71
2018-01-22,2,8,52
2018-01-23,2,8,55
2018-01-24,2,8,58
2018-01-25,2,8,61
2018-01-26,2,8,64
2018-01-27,2,8,67
2018-01-28,2,8,71
2018-01-29,2,8,51
2018-01-30,2,8,54
2018-01-31,2,8,58
2018-02-01,2,8,63
2018-02-02,2,8,66
2018-02-03,2,8,69
2018-02-04,2,8,72
2018-02-05,2,8,53
2018-02-06,2,8,56
2018-02-07,2,8,59
2018-02-08,2,8,62
2018-02-09,2,8,66
2018-02-10,2,8,69
2018-02-11,2,8,72
2018-02-12,2,8,53
2018-02-13,2,8,56
2018-02-14,2,8,59
2018-02-15,2,8,62
2018-02-16,2,8,65
2018-02-17,2,8,69
2018-02-18,2,8,72
2018-02-19,2,8,52
2018-02-20,2,8,56
2018-02-21,2,8,59
2018-02-22,2,8,62
2018-02-23,2,8,65
2018-02-24,2,8,68
2018-02-25,2,8,71
2018-02-26,2,8,52
2018-02-27,2,8,55
2018-02-28,2,8,58
2018-03-01,2,8,64
2018-03-02,2,8,67
2018-03-03,2,8,70
2018-03-04,2,8,73
2018-03-05,2,8,54
2018-03-06,2,8,57
2018-03-07,2,8,60
2018-03-08,2,8,63
2018-03-09,2,8,66
2018-03-10,2,8,70
2018-03-11,2,8,73
2018-03-12,2,8,54
2018-03-13,2,8,57
2018-03-14,2,8,60
2018-03-15,2,8,63
2018-03-16,2,8,66
2018-03-17,2,8,69
2018-03-18,2,8,73
2018-03-19,2,8,53
2018-03-20,2,8,56
2018-03-21,2,8,60
2018-03-22,2,8,63
2018-03-23,2,8,66
2018-03-24,2,8,69
2018-03-25,2,8,72
2018-03-26,2,8,53
2018-03-27,2,8,56
2018-03-28,2,8,59
2018-03-29,2,8,62
2018-03-30,2,8,66
2018-03-31,2,8,69
2018-01-01,3,8,52
2018-01-02,3,8,55
2018-01-03,3,8,59
2018-01-04,3,8,62
2018-01-05,3,8,65
2018-01-06,3,8,68
2018-01-07,3,8,71
2018-01-08,3,8,52
2018-01-09,3,8,55
2018-01-10,3,8,58
2018-01-11,3,8,62
2018-01-12,3,8,65
2018-01-13,3,8,68
2018-01-14,3,8,71
2018-01-15,3,8,52
2018-01-16,3,8,55
2018-01-17,3,8,58
2018-01-18,3,8,61
2018-01-19,3,8,64
2018-01-20,3,8,68
2018-01-21,3,8,71
2018-01-22,3,8,52
2018-01-23,3,8,55
2018-01-24,3,8,58
2018-01-25,3,8,61
2018-01-26,3,8,64
2018-01-27,3,8,67
2018-01-28,3,8,71
2018-01-29,3,8,51
2018-01-30,3,8,54
2018-01-31,3,8,58
2018-02-01,3,8,63
2018-02-02,3,8,66
2018-02-03,3,8,69
2018-02-04,3,8,72
2018-02-05,3,8,53
2018-02-06,3,8,56
2018-02-07,3,8,59
2018-02-08,3,8,62
2018-02-09,3,8,66
2018-02-10,3,8,69
2018-02-11,3,8,72
2018-02-12,3,8,53
2018-02-13,3,8,56
2018-02-14,3,8,59
2018-02-15,3,8,62
2018-02-16,3,8,65
2018-02-17,3,8,68
2018-02-18,3,8,72
2018-02-19,3,8,52
2018-02-20,3,8,56
2018-02-21,3,8,59
2018-02-22,3,8,62
2018-02-23,3,8,65
2018-02-24,3,8,68
2018-02-25,3,8,71
2018-02-26,3,8,52
2018-02-27,3,8,55
2018-02-28,3,8,58
2018-03-01,3,8,63
2018-03-02,3,8,67
2018-03-03,3,8,70
2018-03-04,3,8,73
2018-03-05,3,8,54
2018-03-06,3,8,57
2018-03-07,3,8,60
2018-03-08,3,8,63
2018-03-09,3,8,66
2018-03-10,3,8,70
2018-03-11,3,8,73
2018-03-12,3,8,53
2018-03-13,3,8,57
2018-03-14,3,8,60
2018-03-15,3,8,63
2018-03-16,3,8,66
2018-03-17,3,8,69
2018-03-18,3,8,72
2018-03-19,3,8,53
2018-03-20,3,8,56
2018-03-21,3,8,59
2018-03-22,3,8,63
2018-03-23,3,8,66
2018-03-24,3,8,69
2018-03-25,3,8,72
2018-03-26,3,8,53
2018-03-27,3,8,56
2018-03-28,3,8,59
2018-03-29,3,8,62
2018-03-30,3,8,66
2018-03-31,3,8,69
2018-01-01,4,8,52
2018-01-02,4,8,55
2018-01-03,4,8,59
2018-01-04,4,8,62
2018-01-05,4,8,65
2018-01-06,4,8,68
2018-01-07,4,8,71
2018-01-08,4,8,52
2018-01-09,4,8,55
2018-01-10,4,8,58
2018-01-11,4,8,61
2018-01-12,4,8,65
2018-01-13,4,8,68
2018-01-14,4,8,71
2018-01-15,4,8,52
2018-01-16,4,8,55
2018-01-17,4,8,58
2018-01-18,4,8,61
2018-01-19,4,8,64
2018-01-20,4,8,68
2018-01-21,4,8,71
2018-01-22,4,8,51
2018-01-23,4,8,55
2018-01-24,4,8,58
2018-01-25,4,8,61
2018-01-26,4,8,64
2018-01-27,4,8,67
2018-01-28,4,8,70
2018-01-29,4,8,51
2018-01-30,4,8,54
2018-01-31,4,8,57
2018-02-01,4,8,63
2018-02-02,4,8,66
2018-02-03,4,8,69
2018-02-04,4,8,72
2018-02-05,4,8,53
2018-02-06,4,8,56
2018-02-07,4,8,59
2018-02-08,4,8,62
2018-02-09,4,8,65
2018-02-10,4,8,69
2018-02-11,4,8,72
2018-02-12,4,8,53
2018-02-13,4,8,56
2018-02-14,4,8,59
2018-02-15,4,8,62
2018-02-16,4,8,65
2018-02-17,4,8,68
2018-02-18,4,8,72
2018-02-19,4,8,52
2018-02-20,4,8,55
2018-02-21,4,8,59
2018-02-22,4,8,62
2018-02-23,4,8,65
2018-02-24,4,8,68
2018-02-25,4,8,71
2018-02-26,4,8,52
2018-02-27,4,8,55
2018-02-28,4,8,58
2018-03-01,4,8,63
2018-03-02,4,8,67
2018-03-03,4,8,70
2018-03-04,4,8,73
2018-03-05,4,8,54
2018-03-06,4,8,57
2018-03-07,4,8,60
2018-03-08,4,8,63
2018-03-09,4,8,66
2018-03-10,4,8,69
2018-03-11,4,8,73
2018-03-12,4,8,53
2018-03-13,4,8,57
2018-03-14,4,8,60
2018-03-15,4,8,63
2018-03-16,4,8,66
2018-03-17,4,8,69
2018-03-18,4,8,72
2018-03-19,4,8,53
2018-03-20,4,8,56
2018-03-21,4,8,59
2018-03-22,4,8,63
2018-03-23,4,8,66
2018-03-24,4,8,69
2018-03-25,4,8,72
2018-03-26,4,8,53
2018-03-27,4,8,56
2018-03-28,4,8,59
2018-03-29,4,8,62
2018-03-30,4,8,65
2018-03-31,4,8,69
2018-01-01,5,8,52
2018-01-02,5,8,55
2018-01-03,5,8,58
2018-01-04,5,8,62
2018-01-05,5,8,65
2018-01-06,5,8,68
2018-01-07,5,8,71
2018-01-08,5,8,52
2018-01-09,5,8,55
2018-01-10,5,8,58
2018-01-11,5,8,61
2018-01-12,5,8,65
2018-01-13,5,8,68
2018-01-14,5,8,71
2018-01-15,5,8,52
2018-01-16,5,8,55
2018-01-17,5,8,58
2018-01-18,5,8,61
2018-01-19,5,8,64
2018-01-20,5,8,67
2018-01-21,5,8,71
2018-01-22,5,8,51
2018-01-23,5,8,55
2018-01-24,5,8,58
2018-01-25,5,8,61
2018-01-26,5,8,64
2018-01-27,5,8,67
2018-01-28,5,8,70
2018-01-29,5,8,51
2018-01-30,5,8,54
2018-01-31,5,8,57
2018-02-01,5,8,62
2018-02-02,5,8,66
2018-02-03,5,8,69
2018-02-04,5,8,72
2018-02-05,5,8,53
2018-02-06,5,8,56
2018-02-07,5,8,59
2018-02-08,5,8,62
2018-02-09,5,8,65
2018-02-10,5,8,69
2018-02-11,5,8,72
2018-02-12,5,8,52
2018-02-13,5,8,56
2018-02-14,5,8,59
2018-02-15,5,8,62
2018-02-16,5,8,65
2018-02-17,5,8,68
2018-02-18,5,8,71
2018-02-19,5,8,52
2018-02-20,5,8,55
2018-02-21,5,8,59
2018-02-22,5,8,62
2018-02-23,5,8,65
2018-02-24,5,8,68
2018-02-25,5,8,71
2018-02-26,5,8,52
2018-02-27,5,8,55
2018-02-28,5,8,58
2018-03-01,5,8,63
2018-03-02,5,8,66
2018-03-03,5,8,70
2018-03-04,5,8,73
2018-03-05,5,8,54
2018-03-06,5,8,57
2018-03-07,5,8,60
2018-03-08,5,8,63
2018-03-09,5,8,66
2018-03-10,5,8,69
2018-03-11,5,8,73
2018-03-12,5,8,53
2018-03-13,5,8,56
2018-03-14,5,8,60
2018-03-15,5,8,63
2018-03-16,5,8,66
2018-03-17,5,8,69
2018-03-18,5,8,72
2018-03-19,5,8,53
2018-03-20,5,8,56
2018-03-21,5,8,59
2018-03-22,5,8,63
2018-03-23,5,8,66
2018-03-24,5,8,69
2018-03-25,5,8,72
2018-03-26,5,8,53
2018-03-27,5,8,56
2018-03-28,5,8,59
2018-03-29,5,8,62
2018-03-30,5,8,65
2018-03-31,5,8,69
2018-01-01,6,8,52
2018-01-02,6,8,55
2018-01-03,6,8,58
2018-01-04,6,8,62
2018-01-05,6,8,65
2018-01-06,6,8,68
2018-01-07,6,8,71
2018-01-08,6,8,52
2018-01-09,6,8,55
2018-01-10,6,8,58
2018-01-11,6,8,61
2018-01-12,6,8,64
2018-01-13,6,8,68
2018-01-14,6,8,71
2018-01-15,6,8,52
2018-01-16,6,8,55
2018-01-17,6,8,58
2018-01-18,6,8,61
2018-01-19,6,8,64
2018-01-20,6,8,67
2018-01-21,6,8,71
2018-01-22,6,8,51
2018-01-23,6,8,54
2018-01-24,6,8,58
2018-01-25,6,8,61
2018-01-26,6,8,64
2018-01-27,6,8,67
2018-01-28,6,8,70
2018-01-29,6,8,51
2018-01-30,6,8,54
2018-01-31,6,8,57
2018-02-01,6,8,62
2018-02-02,6,8,66
2018-02-03,6,8,69
2018-02-04,6,8,72
2018-02-05,6,8,53
2018-02-06,6,8,56
2018-02-07,6,8,59
2018-02-08,6,8,62
2018-02-09,6,8,65
2018-02-10,6,8,68
2018-02-11,6,8,72
2018-02-12,6,8,52
2018-02-13,6,8,56
2018-02-14,6,8,59
2018-02-15,6,8,62
2018-02-16,6,8,65
2018-02-17,6,8,68
2018-02-18,6,8,71
2018-02-19,6,8,52
2018-02-20,6,8,55
2018-02-21,6,8,58
2018-02-22,6,8,62
2018-02-23,6,8,65
2018-02-24,6,8,68
2018-02-25,6,8,71
2018-02-26,6,8,52
2018-02-27,6,8,55
2018-02-28,6,8,58
2018-03-01,6,8,63
2018-03-02,6,8,66
2018-03-03,6,8,70
2018-03-04,6,8,73
2018-03-05,6,8,53
2018-03-06,6,8,57
2018-03-07,6,8,60
2018-03-08,6,8,63
2018-03-09,6,8,66
2018-03-10,6,8,69
2018-03-11,6,8,72
2018-03-12,6,8,53
2018-03-13,6,8,56
2018-03-14,6,8,60
2018-03-15,6,8,63
2018-03-16,6,8,66
2018-03-17,6,8,69
2018-03-18,6,8,72
2018-03-19,6,8,53
2018-03-20,6,8,56
2018-03-21,6,8,59
2018-03-22,6,8,62
2018-03-23,6,8,66
2018-03-24,6,8,69
2018-03-25,6,8,72
2018-03-26,6,8,53
2018-03-27,6,8,56
2018-03-28,6,8,59
2018-03-29,6,8,62
2018-03-30,6,8,65
2018-03-31,6,8,68
2018-01-01,7,8,52
2018-01-02,7,8,55
2018-01-03,7,8,58
2018-01-04,7,8,62
2018-01-05,7,8,65
2018-01-06,7,8,68
2018-01-07,7,8,71
2018-01-08,7,8,52
2018-01-09,7,8,55
2018-01-10,7,8,58
2018-01-11,7,8,61
2018-01-12,7,8,64
2018-01-13,7,8,68
2018-01-14,7,8,71
2018-01-15,7,8,51
2018-01-16,7,8,55
2018-01-17,7,8,58
2018-01-18,7,8,61
2018-01-19,7,8,64
2018-01-20,7,8,67
2018-01-21,7,8,70
2018-01-22,7,8,51
2018-01-23,7,8,54
2018-01-24,7,8,58
2018-01-25,7,8,61
2018-01-26,7,8,64
2018-01-27,7,8,67
2018-01-28,7,8,70
2018-01-29,7,8,51
2018-01-30,7,8,54
2018-01-31,7,8,57
2018-02-01,7,8,62
2018-02-02,7,8,66
2018-02-03,7,8,69
2018-02-04,7,8,72
2018-02-05,7,8,53
2018-02-06,7,8,56
2018-02-07,7,8,59
2018-02-08,7,8,62
2018-02-09,7,8,65
2018-02-10,7,8,68
2018-02-11,7,8,72
2018-02-12,7,8,52
2018-02-13,7,8,55
2018-02-14,7,8,59
2018-02-15,7,8,62
2018-02-16,7,8,65
2018-02-17,7,8,68
2018-02-18,7,8,71
2018-02-19,7,8,52
2018-02-20,7,8,55
2018-02-21,7,8,58
2018-02-22,7,8,62
2018-02-23,7,8,65
2018-02-24,7,8,68
2018-02-25,7,8,71
2018-02-26,7,8,52
2018-02-27,7,8,55
2018-02-28,7,8,58
2018-03-01,7,8,63
2018-03-02,7,8,66
2018-03-03,7,8,70
2018-03-04,7,8,73
2018-03-05,7,8,53
2018-03-06,7,8,57
2018-03-07,7,8,60
2018-03-08,7,8,63
2018-03-09,7,8,66
2018-03-10,7,8,69
2018-03-11,7,8,72
2018-03-12,7,8,53
2018-03-13,7,8,56
2018-03-14,7,8,59
2018-03-15,7,8,63
2018-03-16,7,8,66
2018-03-17,7,8,69
2018-03-18,7,8,72
2018-03-19,7,8,53
2018-03-20,7,8,56
2018-03-21,7,8,59
2018-03-22,7,8,62
2018-03-23,7,8,66
2018-03-24,7,8,69
2018-03-25,7,8,72
2018-03-26,7,8,53
2018-03-27,7,8,56
2018-03-28,7,8,59
2018-03-29,7,8,62
2018-03-30,7,8,65
2018-03-31,7,8,68
2018-01-01,8,8,52
2018-01-02,8,8,55
2018-01-03,8,8,58
2018-01-04,8,8,61
2018-01-05,8,8,65
2018-01-06,8,8,68
2018-01-07,8,8,71
2018-01-08,8,8,52
2018-01-09,8,8,55
2018-01-10,8,8,58
2018-01-11,8,8,61
2018-01-12,8,8,64
2018-01-13,8,8,67
2018-01-14,8,8,71
2018-01-15,8,8,51
2018-01-16,8,8,55
2018-01-17,8,8,58
2018-01-18,8,8,61
2018-01-19,8,8,64
2018-01-20,8,8,67
2018-01-21,8,8,70
2018-01-22,8,8,51
2018-01-23,8,8,54
2018-01-24,8,8,57
2018-01-25,8,8,61
2018-01-26,8,8,64
2018-01-27,8,8,67
2018-01-28,8,8,70
2018-01-29,8,8,51
2018-01-30,8,8,54
2018-01-31,8,8,57
2018-02-01,8,8,62
2018-02-02,8,8,65
2018-02-03,8,8,69
2018-02-04,8,8,72
2018-02-05,8,8,52
2018-02-06,8,8,56
2018-02-07,8,8,59
2018-02-08,8,8,62
2018-02-09,8,8,65
2018-02-10,8,8,68
2018-02-11,8,8,71
2018-02-12,8,8,52
2018-02-13,8,8,55
2018-02-14,8,8,59
2018-02-15,8,8,62
2018-02-16,8,8,65
2018-02-17,8,8,68
2018-02-18,8,8,71
2018-02-19,8,8,52
2018-02-20,8,8,55
2018-02-21,8,8,58
2018-02-22,8,8,61
2018-02-23,8,8,65
2018-02-24,8,8,68
2018-02-25,8,8,71
2018-02-26,8,8,52
2018-02-27,8,8,55
2018-02-28,8,8,58
2018-03-01,8,8,63
2018-03-02,8,8,66
2018-03-03,8,8,69
2018-03-04,8,8,73
2018-03-05,8,8,53
2018-03-06,8,8,56
2018-03-07,8,8,60
2018-03-08,8,8,63
2018-03-09,8,8,66
2018-03-10,8,8,69
2018-03-11,8,8,72
2018-03-12,8,8,53
2018-03-13,8,8,56
2018-03-14,8,8,59
2018-03-15,8,8,63
2018-03-16,8,8,66
2018-03-17,8,8,69
2018-03-18,8,8,72
2018-03-19,8,8,53
2018-03-20,8,8,56
2018-03-21,8,8,59
2018-03-22,8,8,62
2018-03-23,8,8,65
2018-03-24,8,8,69
2018-03-25,8,8,72
2018-03-26,8,8,53
2018-03-27,8,8,56
2018-03-28,8,8,59
2018-03-29,8,8,62
2018-03-30,8,8,65
2018-03-31,8,8,68
2018-01-01,9,8,52
2018-01-02,9,8,55
2018-01-03,9,8,58
2018-01-04,9,8,61
2018-01-05,9,8,65
2018-01-06,9,8,68
2018-01-07,9,8,71
2018-01-08,9,8,52
2018-01-09,9,8,55
2018-01-10,9,8,58
2018-01-11,9,8,61
2018-01-12,9,8,64
2018-01-13,9,8,67
2018-01-14,9,8,71
2018-01-15,9,8,51
2018-01-16,9,8,54
2018-01-17,9,8,58
2018-01-18,9,8,61
2018-01-19,9,8,64
2018-01-20,9,8,67
2018-01-21,9,8,70
2018-01-22,9,8,51
2018-01-23,9,8,54
2018-01-24,9,8,57
2018-01-25,9,8,61
2018-01-26,9,8,64
2018-01-27,9,8,67
2018-01-28,9,8,70
2018-01-29,9,8,51
2018-01-30,9,8,54
2018-01-31,9,8,57
2018-02-01,9,8,62
2018-02-02,9,8,65
2018-02-03,9,8,69
2018-02-04,9,8,72
2018-02-05,9,8,52
2018-02-06,9,8,56
2018-02-07,9,8,59
2018-02-08,9,8,62
2018-02-09,9,8,65
2018-02-10,9,8,68
2018-02-11,9,8,71
2018-02-12,9,8,52
2018-02-13,9,8,55
2018-02-14,9,8,58
2018-02-15,9,8,62
2018-02-16,9,8,65
2018-02-17,9,8,68
2018-02-18,9,8,71
2018-02-19,9,8,52
2018-02-20,9,8,55
2018-02-21,9,8,58
2018-02-22,9,8,61
2018-02-23,9,8,65
2018-02-24,9,8,68
2018-02-25,9,8,71
2018-02-26,9,8,52
2018-02-27,9,8,55
2018-02-28,9,8,58
2018-03-01,9,8,63
2018-03-02,9,8,66
2018-03-03,9,8,69
2018-03-04,9,8,73
2018-03-05,9,8,53
2018-03-06,9,8,56
2018-03-07,9,8,60
2018-03-08,9,8,63
2018-03-09,9,8,66
2018-03-10,9,8,69
2018-03-11,9,8,72
2018-03-12,9,8,53
2018-03-13,9,8,56
2018-03-14,9,8,59
2018-03-15,9,8,62
2018-03-16,9,8,66
2018-03-17,9,8,69
2018-03-18,9,8,72
2018-03-19,9,8,53
2018-03-20,9,8,56
2018-03-21,9,8,59
2018-03-22,9,8,62
2018-03-23,9,8,65
2018-03-24,9,8,69
2018-03-25,9,8,72
2018-03-26,9,8,52
2018-03-27,9,8,56
2018-03-28,9,8,59
2018-03-29,9,8,62
2018-03-30,9,8,65
2018-03-31,9,8,68
2018-01-01,10,8,52
2018-01-02,10,8,55
2018-01-03,10,8,58
2018-01-04,10,8,61
2018-01-05,10,8,64
2018-01-06,10,8,68
2018-01-07,10,8,71
2018-01-08,10,8,52
2018-01-09,10,8,55
2018-01-10,10,8,58
2018-01-11,10,8,61
2018-01-12,10,8,64
2018-01-13,10,8,67
2018-01-14,10,8,71
2018-01-15,10,8,51
2018-01-16,10,8,54
2018-01-17,10,8,58
2018-01-18,10,8,61
2018-01-19,10,8,64
2018-01-20,10,8,67
2018-01-21,10,8,70
2018-01-22,10,8,51
2018-01-23,10,8,54
2018-01-24,10,8,57
2018-01-25,10,8,60
2018-01-26,10,8,64
2018-01-27,10,8,67
2018-01-28,10,8,70
2018-01-29,10,8,51
2018-01-30,10,8,54
2018-01-31,10,8,57
2018-02-01,10,8,62
2018-02-02,10,8,65
2018-02-03,10,8,68
2018-02-04,10,8,72
2018-02-05,10,8,52
2018-02-06,10,8,56
2018-02-07,10,8,59
2018-02-08,10,8,62
2018-02-09,10,8,65
2018-02-10,10,8,68
2018-02-11,10,8,71
2018-02-12,10,8,52
2018-02-13,10,8,55
2018-02-14,10,8,58
2018-02-15,10,8,62
2018-02-16,10,8,65
2018-02-17,10,8,68
2018-02-18,10,8,71
2018-02-19,10,8,52
2018-02-20,10,8,55
2018-02-21,10,8,58
2018-02-22,10,8,61
2018-02-23,10,8,64
2018-02-24,10,8,68
2018-02-25,10,8,71
2018-02-26,10,8,52
2018-02-27,10,8,55
2018-02-28,10,8,58
2018-03-01,10,8,63
2018-03-02,10,8,66
2018-03-03,10,8,69
2018-03-04,10,8,72
2018-03-05,10,8,53
2018-03-06,10,8,56
2018-03-07,10,8,60
2018-03-08,10,8,63
2018-03-09,10,8,66
2018-03-10,10,8,69
2018-03-11,10,8,72
2018-03-12,10,8,53
2018-03-13,10,8,56
2018-03-14,10,8,59
2018-03-15,10,8,62
2018-03-16,10,8,66
2018-03-17,10,8,69
2018-03-18,10,8,72
2018-03-19,10,8,53
2018-03-20,10,8,56
2018-03-21,10,8,59
2018-03-22,10,8,62
2018-03-23,10,8,65
2018-03-24,10,8,68
2018-03-25,10,8,72
2018-03-26,10,8,52
2018-03-27,10,8,56
2018-03-28,10,8,59
2018-03-29,10,8,62
2018-03-30,10,8,65
2018-03-31,10,8,68
2018-01-01,1,9,52
2018-01-02,1,9,56
2018-01-03,1,9,59
2018-01-04,1,9,62
2018-01-05,1,9,65
2018-01-06,1,9,68
2018-01-07,1,9,71
2018-01-08,1,9,52
2018-01-09,1,9,55
2018-01-10,1,9,58
2018-01-11,1,9,62
2018-01-12,1,9,65
2018-01-13,1,9,68
2018-01-14,1,9,71
2018-01-15,1,9,52
2018-01-16,1,9,55
2018-01-17,1,9,58
2018-01-18,1,9,61
2018-01-19,1,9,64
2018-01-20,1,9,68
2018-01-21,1,9,71
2018-01-22,1,9,52
2018-01-23,1,9,55
2018-01-24,1,9,58
2018-01-25,1,9,61
2018-01-26,1,9,64
2018-01-27,1,9,67
2018-01-28,1,9,71
2018-01-29,1,9,51
2018-01-30,1,9,54
2018-01-31,1,9,58
2018-02-01,1,9,63
2018-02-02,1,9,66
2018-02-03,1,9,69
2018-02-04,1,9,72
2018-02-05,1,9,53
2018-02-06,1,9,56
2018-02-07,1,9,59
2018-02-08,1,9,62
2018-02-09,1,9,66
2018-02-10,1,9,69
2018-02-11,1,9,72
2018-02-12,1,9,53
2018-02-13,1,9,56
2018-02-14,1,9,59
2018-02-15,1,9,62
2018-02-16,1,9,65
2018-02-17,1,9,68
2018-02-18,1,9,72
2018-02-19,1,9,52
2018-02-20,1,9,56
2018-02-21,1,9,59
2018-02-22,1,9,62
2018-02-23,1,9,65
2018-02-24,1,9,68
2018-02-25,1,9,71
2018-02-26,1,9,52
2018-02-27,1,9,55
2018-02-28,1,9,58
2018-03-01,1,9,64
2018-03-02,1,9,67
2018-03-03,1,9,70
2018-03-04,1,9,73
2018-03-05,1,9,54
2018-03-06,1,9,57
2018-03-07,1,9,60
2018-03-08,1,9,63
2018-03-09,1,9,66
2018-03-10,1,9,70
2018-03-11,1,9,73
2018-03-12,1,9,53
2018-03-13,1,9,57
2018-03-14,1,9,60
2018-03-15,1,9,63
2018-03-16,1,9,66
2018-03-17,1,9,69
2018-03-18,1,9,72
2018-03-19,1,9,53
2018-03-20,1,9,56
2018-03-21,1,9,60
2018-03-22,1,9,63
2018-03-23,1,9,66
2018-03-24,1,9,69
2018-03-25,1,9,72
2018-03-26,1,9,53
2018-03-27,1,9,56
2018-03-28,1,9,59
2018-03-29,1,9,62
2018-03-30,1,9,66
2018-03-31,1,9,69
2018-01-01,2,9,52
2018-01-02,2,9,55
2018-01-03,2,9,59
2018-01-04,2,9,62
2018-01-05,2,9,65
2018-01-06,2,9,68
2018-01-07,2,9,71
2018-01-08,2,9,52
2018-01-09,2,9,55
2018-01-10,2,9,58
2018-01-11,2,9,62
2018-01-12,2,9,65
2018-01-13,2,9,68
2018-01-14,2,9,71
2018-01-15,2,9,52
2018-01-16,2,9,55
2018-01-17,2,9,58
2018-01-18,2,9,61
2018-01-19,2,9,64
2018-01-20,2,9,68
2018-01-21,2,9,71
2018-01-22,2,9,51
2018-01-23,2,9,55
2018-01-24,2,9,58
2018-01-25,2,9,61
2018-01-26,2,9,64
2018-01-27,2,9,67
2018-01-28,2,9,70
2018-01-29,2,9,51
2018-01-30,2,9,54
2018-01-31,2,9,58
2018-02-01,2,9,63
2018-02-02,2,9,66
2018-02-03,2,9,69
2018-02-04,2,9,72
2018-02-05,2,9,53
2018-02-06,2,9,56
2018-02-07,2,9,59
2018-02-08,2,9,62
2018-02-09,2,9,66
2018-02-10,2,9,69
2018-02-11,2,9,72
2018-02-12,2,9,53
2018-02-13,2,9,56
2018-02-14,2,9,59
2018-02-15,2,9,62
2018-02-16,2,9,65
2018-02-17,2,9,68
2018-02-18,2,9,72
2018-02-19,2,9,52
2018-02-20,2,9,55
2018-02-21,2,9,59
2018-02-22,2,9,62
2018-02-23,2,9,65
2018-02-24,2,9,68
2018-02-25,2,9,71
2018-02-26,2,9,52
2018-02-27,2,9,55
2018-02-28,2,9,58
2018-03-01,2,9,63
2018-03-02,2,9,67
2018-03-03,2,9,70
2018-03-04,2,9,73
2018-03-05,2,9,54
2018-03-06,2,9,57
2018-03-07,2,9,60
2018-03-08,2,9,63
2018-03-09,2,9,66
2018-03-10,2,9,70
2018-03-11,2,9,73
2018-03-12,2,9,53
2018-03-13,2,9,57
2018-03-14,2,9,60
2018-03-15,2,9,63
2018-03-16,2,9,66
2018-03-17,2,9,69
2018-03-18,2,9,72
2018-03-19,2,9,53
2018-03-20,2,9,56
2018-03-21,2,9,59
2018-03-22,2,9,63
2018-03-23,2,9,66
2018-03-24,2,9,69
2018-03-25,2,9,72
2018-03-26,2,9,53
2018-03-27,2,9,56
2018-03-28,2,9,59
2018-03-29,2,9,62
2018-03-30,2,9,66
2018-03-31,2,9,69
2018-01-01,3,9,52
2018-01-02,3,9,55
2018-01-03,3,9,59
2018-01-04,3,9,62
2018-01-05,3,9,65
2018-01-06,3,9,68
2018-01-07,3,9,71
2018-01-08,3,9,52
2018-01-09,3,9,55
2018-01-10,3,9,58
2018-01-11,3,9,61
2018-01-12,3,9,65
2018-01-13,3,9,68
2018-01-14,3,9,71
2018-01-15,3,9,52
2018-01-16,3,9,55
2018-01-17,3,9,58
2018-01-18,3,9,61
2018-01-19,3,9,64
2018-01-20,3,9,68
2018-01-21,3,9,71
2018-01-22,3,9,51
2018-01-23,3,9,55
2018-01-24,3,9,58
2018-01-25,3,9,61
2018-01-26,3,9,64
2018-01-27,3,9,67
2018-01-28,3,9,70
2018-01-29,3,9,51
2018-01-30,3,9,54
2018-01-31,3,9,57
2018-02-01,3,9,63
2018-02-02,3,9,66
2018-02-03,3,9,69
2018-02-04,3,9,72
2018-02-05,3,9,53
2018-02-06,3,9,56
2018-02-07,3,9,59
2018-02-08,3,9,62
2018-02-09,3,9,65
2018-02-10,3,9,69
2018-02-11,3,9,72
2018-02-12,3,9,52
2018-02-13,3,9,56
2018-02-14,3,9,59
2018-02-15,3,9,62
2018-02-16,3,9,65
2018-02-17,3,9,68
2018-02-18,3,9,71
2018-02-19,3,9,52
2018-02-20,3,9,55
2018-02-21,3,9,59
2018-02-22,3,9,62
2018-02-23,3,9,65
2018-02-24,3,9,68
2018-02-25,3,9,71
2018-02-26,3,9,52
2018-02-27,3,9,55
2018-02-28,3,9,58
2018-03-01,3,9,63
2018-03-02,3,9,67
2018-03-03,3,9,70
2018-03-04,3,9,73
2018-03-05,3,9,54
2018-03-06,3,9,57
2018-03-07,3,9,60
2018-03-08,3,9,63
2018-03-09,3,9,66
2018-03-10,3,9,69
2018-03-11,3,9,73
2018-03-12,3,9,53
2018-03-13,3,9,56
2018-03-14,3,9,60
2018-03-15,3,9,63
2018-03-16,3,9,66
2018-03-17,3,9,69
2018-03-18,3,9,72
2018-03-19,3,9,53
2018-03-20,3,9,56
2018-03-21,3,9,59
2018-03-22,3,9,63
2018-03-23,3,9,66
2018-03-24,3,9,69
2018-03-25,3,9,72
2018-03-26,3,9,53
2018-03-27,3,9,56
2018-03-28,3,9,59
2018-03-29,3,9,62
2018-03-30,3,9,65
2018-03-31,3,9,69
2018-01-01,4,9,52
2018-01-02,4,9,55
2018-01-03,4,9,58
2018-01-04,4,9,62
2018-01-05,4,9,65
2018-01-06,4,9,68
2018-01-07,4,9,71
2018-01-08,4,9,52
2018-01-09,4,9,55
2018-01-10,4,9,58
2018-01-11,4,9,61
2018-01-12,4,9,65
2018-01-13,4,9,68
2018-01-14,4,9,71
2018-01-15,4,9,52
2018-01-16,4,9,55
2018-01-17,4,9,58
2018-01-18,4,9,61
2018-01-19,4,9,64
2018-01-20,4,9,67
2018-01-21,4,9,71
2018-01-22,4,9,51
2018-01-23,4,9,54
2018-01-24,4,9,58
2018-01-25,4,9,61
2018-01-26,4,9,64
2018-01-27,4,9,67
2018-01-28,4,9,70
2018-01-29,4,9,51
2018-01-30,4,9,54
2018-01-31,4,9,57
2018-02-01,4,9,62
2018-02-02,4,9,66
2018-02-03,4,9,69
2018-02-04,4,9,72
2018-02-05,4,9,53
2018-02-06,4,9,56
2018-02-07,4,9,59
2018-02-08,4,9,62
2018-02-09,4,9,65
2018-02-10,4,9,69
2018-02-11,4,9,72
2018-02-12,4,9,52
2018-02-13,4,9,56
2018-02-14,4,9,59
2018-02-15,4,9,62
2018-02-16,4,9,65
2018-02-17,4,9,68
2018-02-18,4,9,71
2018-02-19,4,9,52
2018-02-20,4,9,55
2018-02-21,4,9,58
2018-02-22,4,9,62
2018-02-23,4,9,65
2018-02-24,4,9,68
2018-02-25,4,9,71
2018-02-26,4,9,52
2018-02-27,4,9,55
2018-02-28,4,9,58
2018-03-01,4,9,63
2018-03-02,4,9,66
2018-03-03,4,9,70
2018-03-04,4,9,73
2018-03-05,4,9,54
2018-03-06,4,9,57
2018-03-07,4,9,60
2018-03-08,4,9,63
2018-03-09,4,9,66
2018-03-10,4,9,69
2018-03-11,4,9,73
2018-03-12,4,9,53
2018-03-13,4,9,56
2018-03-14,4,9,60
2018-03-15,4,9,63
2018-03-16,4,9,66
2018-03-17,4,9,69
2018-03-18,4,9,72
2018-03-19,4,9,53
2018-03-20,4,9,56
2018-03-21,4,9,59
2018-03-22,4,9,62
2018-03-23,4,9,66
2018-03-24,4,9,69
2018-03-25,4,9,72
2018-03-26,4,9,53
2018-03-27,4,9,56
2018-03-28,4,9,59
2018-03-29,4,9,62
2018-03-30,4,9,65
2018-03-31,4,9,69
2018-01-01,5,9,52
2018-01-02,5,9,55
2018-01-03,5,9,58
2018-01-04,5,9,62
2018-01-05,5,9,65
2018-01-06,5,9,68
2018-01-07,5,9,71
2018-01-08,5,9,52
2018-01-09,5,9,55
2018-01-10,5,9,58
2018-01-11,5,9,61
2018-01-12,5,9,64
2018-01-13,5,9,68
2018-01-14,5,9,71
2018-01-15,5,9,52
2018-01-16,5,9,55
2018-01-17,5,9,58
2018-01-18,5,9,61
2018-01-19,5,9,64
2018-01-20,5,9,67
2018-01-21,5,9,71
2018-01-22,5,9,51
2018-01-23,5,9,54
2018-01-24,5,9,58
2018-01-25,5,9,61
2018-01-26,5,9,64
2018-01-27,5,9,67
2018-01-28,5,9,70
2018-01-29,5,9,51
2018-01-30,5,9,54
2018-01-31,5,9,57
2018-02-01,5,9,62
2018-02-02,5,9,66
2018-02-03,5,9,69
2018-02-04,5,9,72
2018-02-05,5,9,53
2018-02-06,5,9,56
2018-02-07,5,9,59
2018-02-08,5,9,62
2018-02-09,5,9,65
2018-02-10,5,9,68
2018-02-11,5,9,72
2018-02-12,5,9,52
2018-02-13,5,9,56
2018-02-14,5,9,59
2018-02-15,5,9,62
2018-02-16,5,9,65
2018-02-17,5,9,68
2018-02-18,5,9,71
2018-02-19,5,9,52
2018-02-20,5,9,55
2018-02-21,5,9,58
2018-02-22,5,9,62
2018-02-23,5,9,65
2018-02-24,5,9,68
2018-02-25,5,9,71
2018-02-26,5,9,52
2018-02-27,5,9,55
2018-02-28,5,9,58
2018-03-01,5,9,63
2018-03-02,5,9,66
2018-03-03,5,9,70
2018-03-04,5,9,73
2018-03-05,5,9,53
2018-03-06,5,9,57
2018-03-07,5,9,60
2018-03-08,5,9,63
2018-03-09,5,9,66
2018-03-10,5,9,69
2018-03-11,5,9,72
2018-03-12,5,9,53
2018-03-13,5,9,56
2018-03-14,5,9,60
2018-03-15,5,9,63
2018-03-16,5,9,66
2018-03-17,5,9,69
2018-03-18,5,9,72
2018-03-19,5,9,53
2018-03-20,5,9,56
2018-03-21,5,9,59
2018-03-22,5,9,62
2018-03-23,5,9,66
2018-03-24,5,9,69
2018-03-25,5,9,72
2018-03-26,5,9,53
2018-03-27,5,9,56
2018-03-28,5,9,59
2018-03-29,5,9,62
2018-03-30,5,9,65
2018-03-31,5,9,68
2018-01-01,6,9,52
2018-01-02,6,9,55
2018-01-03,6,9,58
2018-01-04,6,9,61
2018-01-05,6,9,65
2018-01-06,6,9,68
2018-01-07,6,9,71
2018-01-08,6,9,52
2018-01-09,6,9,55
2018-01-10,6,9,58
2018-01-11,6,9,61
2018-01-12,6,9,64
2018-01-13,6,9,68
2018-01-14,6,9,71
2018-01-15,6,9,51
2018-01-16,6,9,55
2018-01-17,6,9,58
2018-01-18,6,9,61
2018-01-19,6,9,64
2018-01-20,6,9,67
2018-01-21,6,9,70
2018-01-22,6,9,51
2018-01-23,6,9,54
2018-01-24,6,9,57
2018-01-25,6,9,61
2018-01-26,6,9,64
2018-01-27,6,9,67
2018-01-28,6,9,70
2018-01-29,6,9,51
2018-01-30,6,9,54
2018-01-31,6,9,57
2018-02-01,6,9,62
2018-02-02,6,9,65
2018-02-03,6,9,69
2018-02-04,6,9,72
2018-02-05,6,9,53
2018-02-06,6,9,56
2018-02-07,6,9,59
2018-02-08,6,9,62
2018-02-09,6,9,65
2018-02-10,6,9,68
2018-02-11,6,9,72
2018-02-12,6,9,52
2018-02-13,6,9,55
2018-02-14,6,9,59
2018-02-15,6,9,62
2018-02-16,6,9,65
2018-02-17,6,9,68
2018-02-18,6,9,71
2018-02-19,6,9,52
2018-02-20,6,9,55
2018-02-21,6,9,58
2018-02-22,6,9,61
2018-02-23,6,9,65
2018-02-24,6,9,68
2018-02-25,6,9,71
2018-02-26,6,9,52
2018-02-27,6,9,55
2018-02-28,6,9,58
2018-03-01,6,9,63
2018-03-02,6,9,66
2018-03-03,6,9,69
2018-03-04,6,9,73
2018-03-05,6,9,53
2018-03-06,6,9,57
2018-03-07,6,9,60
2018-03-08,6,9,63
2018-03-09,6,9,66
2018-03-10,6,9,69
2018-03-11,6,9,72
2018-03-12,6,9,53
2018-03-13,6,9,56
2018-03-14,6,9,59
2018-03-15,6,9,63
2018-03-16,6,9,66
2018-03-17,6,9,69
2018-03-18,6,9,72
2018-03-19,6,9,53
2018-03-20,6,9,56
2018-03-21,6,9,59
2018-03-22,6,9,62
2018-03-23,6,9,65
2018-03-24,6,9,69
2018-03-25,6,9,72
2018-03-26,6,9,53
2018-03-27,6,9,56
2018-03-28,6,9,59
2018-03-29,6,9,62
2018-03-30,6,9,65
2018-03-31,6,9,68
2018-01-01,7,9,52
2018-01-02,7,9,55
2018-01-03,7,9,58
2018-01-04,7,9,61
2018-01-05,7,9,65
2018-01-06,7,9,68
2018-01-07,7,9,71
2018-01-08,7,9,52
2018-01-09,7,9,55
2018-01-10,7,9,58
2018-01-11,7,9,61
2018-01-12,7,9,64
2018-01-13,7,9,67
2018-01-14,7,9,71
2018-01-15,7,9,51
2018-01-16,7,9,55
2018-01-17,7,9,58
2018-01-18,7,9,61
2018-01-19,7,9,64
2018-01-20,7,9,67
2018-01-21,7,9,70
2018-01-22,7,9,51
2018-01-23,7,9,54
2018-01-24,7,9,57
2018-01-25,7,9,61
2018-01-26,7,9,64
2018-01-27,7,9,67
2018-01-28,7,9,70
2018-01-29,7,9,51
2018-01-30,7,9,54
2018-01-31,7,9,57
2018-02-01,7,9,62
2018-02-02,7,9,65
2018-02-03,7,9,69
2018-02-04,7,9,72
2018-02-05,7,9,52
2018-02-06,7,9,56
2018-02-07,7,9,59
2018-02-08,7,9,62
2018-02-09,7,9,65
2018-02-10,7,9,68
2018-02-11,7,9,71
2018-02-12,7,9,52
2018-02-13,7,9,55
2018-02-14,7,9,59
2018-02-15,7,9,62
2018-02-16,7,9,65
2018-02-17,7,9,68
2018-02-18,7,9,71
2018-02-19,7,9,52
2018-02-20,7,9,55
2018-02-21,7,9,58
2018-02-22,7,9,61
2018-02-23,7,9,65
2018-02-24,7,9,68
2018-02-25,7,9,71
2018-02-26,7,9,52
2018-02-27,7,9,55
2018-02-28,7,9,58
2018-03-01,7,9,63
2018-03-02,7,9,66
2018-03-03,7,9,69
2018-03-04,7,9,73
2018-03-05,7,9,53
2018-03-06,7,9,56
2018-03-07,7,9,60
2018-03-08,7,9,63
2018-03-09,7,9,66
2018-03-10,7,9,69
2018-03-11,7,9,72
2018-03-12,7,9,53
2018-03-13,7,9,56
2018-03-14,7,9,59
2018-03-15,7,9,63
2018-03-16,7,9,66
2018-03-17,7,9,69
2018-03-18,7,9,72
2018-03-19,7,9,53
2018-03-20,7,9,56
2018-03-21,7,9,59
2018-03-22,7,9,62
2018-03-23,7,9,65
2018-03-24,7,9,69
2018-03-25,7,9,72
2018-03-26,7,9,52
2018-03-27,7,9,56
2018-03-28,7,9,59
2018-03-29,7,9,62
2018-03-30,7,9,65
2018-03-31,7,9,68
2018-01-01,8,9,52
2018-01-02,8,9,55
2018-01-03,8,9,58
2018-01-04,8,9,61
2018-01-05,8,9,64
2018-01-06,8,9,68
2018-01-07,8,9,71
2018-01-08,8,9,52
2018-01-09,8,9,55
2018-01-10,8,9,58
2018-01-11,8,9,61
2018-01-12,8,9,64
2018-01-13,8,9,67
2018-01-14,8,9,71
2018-01-15,8,9,51
2018-01-16,8,9,54
2018-01-17,8,9,58
2018-01-18,8,9,61
2018-01-19,8,9,64
2018-01-20,8,9,67
2018-01-21,8,9,70
2018-01-22,8,9,51
2018-01-23,8,9,54
2018-01-24,8,9,57
2018-01-25,8,9,61
2018-01-26,8,9,64
2018-01-27,8,9,67
2018-01-28,8,9,70
2018-01-29,8,9,51
2018-01-30,8,9,54
2018-01-31,8,9,57
2018-02-01,8,9,62
2018-02-02,8,9,65
2018-02-03,8,9,68
2018-02-04,8,9,72
2018-02-05,8,9,52
2018-02-06,8,9,56
2018-02-07,8,9,59
2018-02-08,8,9,62
2018-02-09,8,9,65
2018-02-10,8,9,68
2018-02-11,8,9,71
2018-02-12,8,9,52
2018-02-13,8,9,55
2018-02-14,8,9,58
2018-02-15,8,9,62
2018-02-16,8,9,65
2018-02-17,8,9,68
2018-02-18,8,9,71
2018-02-19,8,9,52
2018-02-20,8,9,55
2018-02-21,8,9,58
2018-02-22,8,9,61
2018-02-23,8,9,65
2018-02-24,8,9,68
2018-02-25,8,9,71
2018-02-26,8,9,52
2018-02-27,8,9,55
2018-02-28,8,9,58
2018-03-01,8,9,63
2018-03-02,8,9,66
2018-03-03,8,9,69
2018-03-04,8,9,72
2018-03-05,8,9,53
2018-03-06,8,9,56
2018-03-07,8,9,60
2018-03-08,8,9,63
2018-03-09,8,9,66
2018-03-10,8,9,69
2018-03-11,8,9,72
2018-03-12,8,9,53
2018-03-13,8,9,56
2018-03-14,8,9,59
2018-03-15,8,9,62
2018-03-16,8,9,66
2018-03-17,8,9,69
2018-03-18,8,9,72
2018-03-19,8,9,53
2018-03-20,8,9,56
2018-03-21,8,9,59
2018-03-22,8,9,62
2018-03-23,8,9,65
2018-03-24,8,9,69
2018-03-25,8,9,72
2018-03-26,8,9,52
2018-03-27,8,9,56
2018-03-28,8,9,59
2018-03-29,8,9,62
2018-03-30,8,9,65
2018-03-31,8,9,68
2018-01-01,9,9,52
2018-01-02,9,9,55
2018-01-03,9,9,58
2018-01-04,9,9,61
2018-01-05,9,9,64
2018-01-06,9,9,68
2018-01-07,9,9,71
2018-01-08,9,9,51
2018-01-09,9,9,55
2018-01-10,9,9,58
2018-01-11,9,9,61
2018-01-12,9,9,64
2018-01-13,9,9,67
2018-01-14,9,9,70
2018-01-15,9,9,51
2018-01-16,9,9,54
2018-01-17,9,9,58
2018-01-18,9,9,61
2018-01-19,9,9,64
2018-01-20,9,9,67
2018-01-21,9,9,70
2018-01-22,9,9,51
2018-01-23,9,9,54
2018-01-24,9,9,57
2018-01-25,9,9,60
2018-01-26,9,9,64
2018-01-27,9,9,67
2018-01-28,9,9,70
2018-01-29,9,9,51
2018-01-30,9,9,54
2018-01-31,9,9,57
2018-02-01,9,9,62
2018-02-02,9,9,65
2018-02-03,9,9,68
2018-02-04,9,9,72
2018-02-05,9,9,52
2018-02-06,9,9,55
2018-02-07,9,9,59
2018-02-08,9,9,62
2018-02-09,9,9,65
2018-02-10,9,9,68
2018-02-11,9,9,71
2018-02-12,9,9,52
2018-02-13,9,9,55
2018-02-14,9,9,58
2018-02-15,9,9,62
2018-02-16,9,9,65
2018-02-17,9,9,68
2018-02-18,9,9,71
2018-02-19,9,9,52
2018-02-20,9,9,55
2018-02-21,9,9,58
2018-02-22,9,9,61
2018-02-23,9,9,64
2018-02-24,9,9,68
2018-02-25,9,9,71
2018-02-26,9,9,51
2018-02-27,9,9,55
2018-02-28,9,9,58
2018-03-01,9,9,63
2018-03-02,9,9,66
2018-03-03,9,9,69
2018-03-04,9,9,72
2018-03-05,9,9,53
2018-03-06,9,9,56
2018-03-07,9,9,59
2018-03-08,9,9,63
2018-03-09,9,9,66
2018-03-10,9,9,69
2018-03-11,9,9,72
2018-03-12,9,9,53
2018-03-13,9,9,56
2018-03-14,9,9,59
2018-03-15,9,9,62
2018-03-16,9,9,66
2018-03-17,9,9,69
2018-03-18,9,9,72
2018-03-19,9,9,53
2018-03-20,9,9,56
2018-03-21,9,9,59
2018-03-22,9,9,62
2018-03-23,9,9,65
2018-03-24,9,9,68
2018-03-25,9,9,72
2018-03-26,9,9,52
2018-03-27,9,9,55
2018-03-28,9,9,59
2018-03-29,9,9,62
2018-03-30,9,9,65
2018-03-31,9,9,68
2018-01-01,10,9,52
2018-01-02,10,9,55
2018-01-03,10,9,58
2018-01-04,10,9,61
2018-01-05,10,9,64
2018-01-06,10,9,68
2018-01-07,10,9,71
2018-01-08,10,9,51
2018-01-09,10,9,55
2018-01-10,10,9,58
2018-01-11,10,9,61
2018-01-12,10,9,64
2018-01-13,10,9,67
2018-01-14,10,9,70
2018-01-15,10,9,51
2018-01-16,10,9,54
2018-01-17,10,9,57
2018-01-18,10,9,61
2018-01-19,10,9,64
2018-01-20,10,9,67
2018-01-21,10,9,70
2018-01-22,10,9,51
2018-01-23,10,9,54
2018-01-24,10,9,57
2018-01-25,10,9,60
2018-01-26,10,9,64
2018-01-27,10,9,67
2018-01-28,10,9,70
2018-01-29,10,9,51
2018-01-30,10,9,54
2018-01-31,10,9,57
2018-02-01,10,9,62
2018-02-02,10,9,65
2018-02-03,10,9,68
2018-02-04,10,9,71
2018-02-05,10,9,52
2018-02-06,10,9,55
2018-02-07,10,9,59
2018-02-08,10,9,62
2018-02-09,10,9,65
2018-02-10,10,9,68
2018-02-11,10,9,71
2018-02-12,10,9,52
2018-02-13,10,9,55
2018-02-14,10,9,58
2018-02-15,10,9,61
2018-02-16,10,9,65
2018-02-17,10,9,68
2018-02-18,10,9,71
2018-02-19,10,9,52
2018-02-20,10,9,55
2018-02-21,10,9,58
2018-02-22,10,9,61
2018-02-23,10,9,64
2018-02-24,10,9,68
2018-02-25,10,9,71
2018-02-26,10,9,51
2018-02-27,10,9,55
2018-02-28,10,9,58
2018-03-01,10,9,63
2018-03-02,10,9,66
2018-03-03,10,9,69
2018-03-04,10,9,72
2018-03-05,10,9,53
2018-03-06,10,9,56
2018-03-07,10,9,59
2018-03-08,10,9,63
2018-03-09,10,9,66
2018-03-10,10,9,69
2018-03-11,10,9,72
2018-03-12,10,9,53
2018-03-13,10,9,56
2018-03-14,10,9,59
2018-03-15,10,9,62
2018-03-16,10,9,65
2018-03-17,10,9,69
2018-03-18,10,9,72
2018-03-19,10,9,53
2018-03-20,10,9,56
2018-03-21,10,9,59
2018-03-22,10,9,62
2018-03-23,10,9,65
2018-03-24,10,9,68
2018-03-25,10,9,72
2018-03-26,10,9,52
2018-03-27,10,9,55
2018-03-28,10,9,59
2018-03-29,10,9,62
2018-03-30,10,9,65
2018-03-31,10,9,68
2018-01-01,1,10,52
2018-01-02,1,10,55
2018-01-03,1,10,59
2018-01-04,1,10,62
2018-01-05,1,10,65
2018-01-06,1,10,68
2018-01-07,1,10,71
2018-01-08,1,10,52
2018-01-09,1,10,55
2018-01-10,1,10,58
2018-01-11,1,10,61
2018-01-12,1,10,65
2018-01-13,1,10,68
2018-01-14,1,10,71
2018-01-15,1,10,52
2018-01-16,1,10,55
2018-01-17,1,10,58
2018-01-18,1,10,61
2018-01-19,1,10,64
2018-01-20,1,10,68
2018-01-21,1,10,71
2018-01-22,1,10,51
2018-01-23,1,10,55
2018-01-24,1,10,58
2018-01-25,1,10,61
2018-01-26,1,10,64
2018-01-27,1,10,67
2018-01-28,1,10,70
2018-01-29,1,10,51
2018-01-30,1,10,54
2018-01-31,1,10,58
2018-02-01,1,10,63
2018-02-02,1,10,66
2018-02-03,1,10,69
2018-02-04,1,10,72
2018-02-05,1,10,53
2018-02-06,1,10,56
2018-02-07,1,10,59
2018-02-08,1,10,62
2018-02-09,1,10,65
2018-02-10,1,10,69
2018-02-11,1,10,72
2018-02-12,1,10,53
2018-02-13,1,10,56
2018-02-14,1,10,59
2018-02-15,1,10,62
2018-02-16,1,10,65
2018-02-17,1,10,68
2018-02-18,1,10,72
2018-02-19,1,10,52
2018-02-20,1,10,55
2018-02-21,1,10,59
2018-02-22,1,10,62
2018-02-23,1,10,65
2018-02-24,1,10,68
2018-02-25,1,10,71
2018-02-26,1,10,52
2018-02-27,1,10,55
2018-02-28,1,10,58
2018-03-01,1,10,63
2018-03-02,1,10,67
2018-03-03,1,10,70
2018-03-04,1,10,73
2018-03-05,1,10,54
2018-03-06,1,10,57
2018-03-07,1,10,60
2018-03-08,1,10,63
2018-03-09,1,10,66
2018-03-10,1,10,69
2018-03-11,1,10,73
2018-03-12,1,10,53
2018-03-13,1,10,57
2018-03-14,1,10,60
2018-03-15,1,10,63
2018-03-16,1,10,66
2018-03-17,1,10,69
2018-03-18,1,10,72
2018-03-19,1,10,53
2018-03-20,1,10,56
2018-03-21,1,10,59
2018-03-22,1,10,63
2018-03-23,1,10,66
2018-03-24,1,10,69
2018-03-25,1,10,72
2018-03-26,1,10,53
2018-03-27,1,10,56
2018-03-28,1,10,59
2018-03-29,1,10,62
2018-03-30,1,10,65
2018-03-31,1,10,69
2018-01-01,2,10,52
2018-01-02,2,10,55
2018-01-03,2,10,59
2018-01-04,2,10,62
2018-01-05,2,10,65
2018-01-06,2,10,68
2018-01-07,2,10,71
2018-01-08,2,10,52
2018-01-09,2,10,55
2018-01-10,2,10,58
2018-01-11,2,10,61
2018-01-12,2,10,65
2018-01-13,2,10,68
2018-01-14,2,10,71
2018-01-15,2,10,52
2018-01-16,2,10,55
2018-01-17,2,10,58
2018-01-18,2,10,61
2018-01-19,2,10,64
2018-01-20,2,10,67
2018-01-21,2,10,71
2018-01-22,2,10,51
2018-01-23,2,10,55
2018-01-24,2,10,58
2018-01-25,2,10,61
2018-01-26,2,10,64
2018-01-27,2,10,67
2018-01-28,2,10,70
2018-01-29,2,10,51
2018-01-30,2,10,54
2018-01-31,2,10,57
2018-02-01,2,10,63
2018-02-02,2,10,66
2018-02-03,2,10,69
2018-02-04,2,10,72
2018-02-05,2,10,53
2018-02-06,2,10,56
2018-02-07,2,10,59
2018-02-08,2,10,62
2018-02-09,2,10,65
2018-02-10,2,10,69
2018-02-11,2,10,72
2018-02-12,2,10,52
2018-02-13,2,10,56
2018-02-14,2,10,59
2018-02-15,2,10,62
2018-02-16,2,10,65
2018-02-17,2,10,68
2018-02-18,2,10,71
2018-02-19,2,10,52
2018-02-20,2,10,55
2018-02-21,2,10,59
2018-02-22,2,10,62
2018-02-23,2,10,65
2018-02-24,2,10,68
2018-02-25,2,10,71
2018-02-26,2,10,52
2018-02-27,2,10,55
2018-02-28,2,10,58
2018-03-01,2,10,63
2018-03-02,2,10,67
2018-03-03,2,10,70
2018-03-04,2,10,73
2018-03-05,2,10,54
2018-03-06,2,10,57
2018-03-07,2,10,60
2018-03-08,2,10,63
2018-03-09,2,10,66
2018-03-10,2,10,69
2018-03-11,2,10,73
2018-03-12,2,10,53
2018-03-13,2,10,56
2018-03-14,2,10,60
2018-03-15,2,10,63
2018-03-16,2,10,66
2018-03-17,2,10,69
2018-03-18,2,10,72
2018-03-19,2,10,53
2018-03-20,2,10,56
2018-03-21,2,10,59
2018-03-22,2,10,63
2018-03-23,2,10,66
2018-03-24,2,10,69
2018-03-25,2,10,72
2018-03-26,2,10,53
2018-03-27,2,10,56
2018-03-28,2,10,59
2018-03-29,2,10,62
2018-03-30,2,10,65
2018-03-31,2,10,69
2018-01-01,3,10,52
2018-01-02,3,10,55
2018-01-03,3,10,58
2018-01-04,3,10,62
2018-01-05,3,10,65
2018-01-06,3,10,68
2018-01-07,3,10,71
2018-01-08,3,10,52
2018-01-09,3,10,55
2018-01-10,3,10,58
2018-01-11,3,10,61
2018-01-12,3,10,64
2018-01-13,3,10,68
2018-01-14,3,10,71
2018-01-15,3,10,52
2018-01-16,3,10,55
2018-01-17,3,10,58
2018-01-18,3,10,61
2018-01-19,3,10,64
2018-01-20,3,10,67
2018-01-21,3,10,71
2018-01-22,3,10,51
2018-01-23,3,10,54
2018-01-24,3,10,58
2018-01-25,3,10,61
2018-01-26,3,10,64
2018-01-27,3,10,67
2018-01-28,3,10,70
2018-01-29,3,10,51
2018-01-30,3,10,54
2018-01-31,3,10,57
2018-02-01,3,10,62
2018-02-02,3,10,66
2018-02-03,3,10,69
2018-02-04,3,10,72
2018-02-05,3,10,53
2018-02-06,3,10,56
2018-02-07,3,10,59
2018-02-08,3,10,62
2018-02-09,3,10,65
2018-02-10,3,10,68
2018-02-11,3,10,72
2018-02-12,3,10,52
2018-02-13,3,10,56
2018-02-14,3,10,59
2018-02-15,3,10,62
2018-02-16,3,10,65
2018-02-17,3,10,68
2018-02-18,3,10,71
2018-02-19,3,10,52
2018-02-20,3,10,55
2018-02-21,3,10,58
2018-02-22,3,10,62
2018-02-23,3,10,65
2018-02-24,3,10,68
2018-02-25,3,10,71
2018-02-26,3,10,52
2018-02-27,3,10,55
2018-02-28,3,10,58
2018-03-01,3,10,63
2018-03-02,3,10,66
2018-03-03,3,10,70
2018-03-04,3,10,73
2018-03-05,3,10,53
2018-03-06,3,10,57
2018-03-07,3,10,60
2018-03-08,3,10,63
2018-03-09,3,10,66
2018-03-10,3,10,69
2018-03-11,3,10,72
2018-03-12,3,10,53
2018-03-13,3,10,56
2018-03-14,3,10,60
2018-03-15,3,10,63
2018-03-16,3,10,66
2018-03-17,3,10,69
2018-03-18,3,10,72
2018-03-19,3,10,53
2018-03-20,3,10,56
2018-03-21,3,10,59
2018-03-22,3,10,62
2018-03-23,3,10,66
2018-03-24,3,10,69
2018-03-25,3,10,72
2018-03-26,3,10,53
2018-03-27,3,10,56
2018-03-28,3,10,59
2018-03-29,3,10,62
2018-03-30,3,10,65
2018-03-31,3,10,69
2018-01-01,4,10,52
2018-01-02,4,10,55
2018-01-03,4,10,58
2018-01-04,4,10,62
2018-01-05,4,10,65
2018-01-06,4,10,68
2018-01-07,4,10,71
2018-01-08,4,10,52
2018-01-09,4,10,55
2018-01-10,4,10,58
2018-01-11,4,10,61
2018-01-12,4,10,64
2018-01-13,4,10,68
2018-01-14,4,10,71
2018-01-15,4,10,51
2018-01-16,4,10,55
2018-01-17,4,10,58
2018-01-18,4,10,61
2018-01-19,4,10,64
2018-01-20,4,10,67
2018-01-21,4,10,70
2018-01-22,4,10,51
2018-01-23,4,10,54
2018-01-24,4,10,58
2018-01-25,4,10,61
2018-01-26,4,10,64
2018-01-27,4,10,67
2018-01-28,4,10,70
2018-01-29,4,10,51
2018-01-30,4,10,54
2018-01-31,4,10,57
2018-02-01,4,10,62
2018-02-02,4,10,66
2018-02-03,4,10,69
2018-02-04,4,10,72
2018-02-05,4,10,53
2018-02-06,4,10,56
2018-02-07,4,10,59
2018-02-08,4,10,62
2018-02-09,4,10,65
2018-02-10,4,10,68
2018-02-11,4,10,72
2018-02-12,4,10,52
2018-02-13,4,10,55
2018-02-14,4,10,59
2018-02-15,4,10,62
2018-02-16,4,10,65
2018-02-17,4,10,68
2018-02-18,4,10,71
2018-02-19,4,10,52
2018-02-20,4,10,55
2018-02-21,4,10,58
2018-02-22,4,10,62
2018-02-23,4,10,65
2018-02-24,4,10,68
2018-02-25,4,10,71
2018-02-26,4,10,52
2018-02-27,4,10,55
2018-02-28,4,10,58
2018-03-01,4,10,63
2018-03-02,4,10,66
2018-03-03,4,10,70
2018-03-04,4,10,73
2018-03-05,4,10,53
2018-03-06,4,10,57
2018-03-07,4,10,60
2018-03-08,4,10,63
2018-03-09,4,10,66
2018-03-10,4,10,69
2018-03-11,4,10,72
2018-03-12,4,10,53
2018-03-13,4,10,56
2018-03-14,4,10,59
2018-03-15,4,10,63
2018-03-16,4,10,66
2018-03-17,4,10,69
2018-03-18,4,10,72
2018-03-19,4,10,53
2018-03-20,4,10,56
2018-03-21,4,10,59
2018-03-22,4,10,62
2018-03-23,4,10,66
2018-03-24,4,10,69
2018-03-25,4,10,72
2018-03-26,4,10,53
2018-03-27,4,10,56
2018-03-28,4,10,59
2018-03-29,4,10,62
2018-03-30,4,10,65
2018-03-31,4,10,68
2018-01-01,5,10,52
2018-01-02,5,10,55
2018-01-03,5,10,58
2018-01-04,5,10,61
2018-01-05,5,10,65
2018-01-06,5,10,68
2018-01-07,5,10,71
2018-01-08,5,10,52
2018-01-09,5,10,55
2018-01-10,5,10,58
2018-01-11,5,10,61
2018-01-12,5,10,64
2018-01-13,5,10,68
2018-01-14,5,10,71
2018-01-15,5,10,51
2018-01-16,5,10,55
2018-01-17,5,10,58
2018-01-18,5,10,61
2018-01-19,5,10,64
2018-01-20,5,10,67
2018-01-21,5,10,70
2018-01-22,5,10,51
2018-01-23,5,10,54
2018-01-24,5,10,57
2018-01-25,5,10,61
2018-01-26,5,10,64
2018-01-27,5,10,67
2018-01-28,5,10,70
2018-01-29,5,10,51
2018-01-30,5,10,54
2018-01-31,5,10,57
2018-02-01,5,10,62
2018-02-02,5,10,65
2018-02-03,5,10,69
2018-02-04,5,10,72
2018-02-05,5,10,53
2018-02-06,5,10,56
2018-02-07,5,10,59
2018-02-08,5,10,62
2018-02-09,5,10,65
2018-02-10,5,10,68
2018-02-11,5,10,72
2018-02-12,5,10,52
2018-02-13,5,10,55
2018-02-14,5,10,59
2018-02-15,5,10,62
2018-02-16,5,10,65
2018-02-17,5,10,68
2018-02-18,5,10,71
2018-02-19,5,10,52
2018-02-20,5,10,55
2018-02-21,5,10,58
2018-02-22,5,10,61
2018-02-23,5,10,65
2018-02-24,5,10,68
2018-02-25,5,10,71
2018-02-26,5,10,52
2018-02-27,5,10,55
2018-02-28,5,10,58
2018-03-01,5,10,63
2018-03-02,5,10,66
2018-03-03,5,10,69
2018-03-04,5,10,73
2018-03-05,5,10,53
2018-03-06,5,10,56
2018-03-07,5,10,60
2018-03-08,5,10,63
2018-03-09,5,10,66
2018-03-10,5,10,69
2018-03-11,5,10,72
2018-03-12,5,10,53
2018-03-13,5,10,56
2018-03-14,5,10,59
2018-03-15,5,10,63
2018-03-16,5,10,66
2018-03-17,5,10,69
2018-03-18,5,10,72
2018-03-19,5,10,53
2018-03-20,5,10,56
2018-03-21,5,10,59
2018-03-22,5,10,62
2018-03-23,5,10,65
2018-03-24,5,10,69
2018-03-25,5,10,72
2018-03-26,5,10,53
2018-03-27,5,10,56
2018-03-28,5,10,59
2018-03-29,5,10,62
2018-03-30,5,10,65
2018-03-31,5,10,68
2018-01-01,6,10,52
2018-01-02,6,10,55
2018-01-03,6,10,58
2018-01-04,6,10,61
2018-01-05,6,10,65
2018-01-06,6,10,68
2018-01-07,6,10,71
2018-01-08,6,10,52
2018-01-09,6,10,55
2018-01-10,6,10,58
2018-01-11,6,10,61
2018-01-12,6,10,64
2018-01-13,6,10,67
2018-01-14,6,10,71
2018-01-15,6,10,51
2018-01-16,6,10,54
2018-01-17,6,10,58
2018-01-18,6,10,61
2018-01-19,6,10,64
2018-01-20,6,10,67
2018-01-21,6,10,70
2018-01-22,6,10,51
2018-01-23,6,10,54
2018-01-24,6,10,57
2018-01-25,6,10,61
2018-01-26,6,10,64
2018-01-27,6,10,67
2018-01-28,6,10,70
2018-01-29,6,10,51
2018-01-30,6,10,54
2018-01-31,6,10,57
2018-02-01,6,10,62
2018-02-02,6,10,65
2018-02-03,6,10,69
2018-02-04,6,10,72
2018-02-05,6,10,52
2018-02-06,6,10,56
2018-02-07,6,10,59
2018-02-08,6,10,62
2018-02-09,6,10,65
2018-02-10,6,10,68
2018-02-11,6,10,71
2018-02-12,6,10,52
2018-02-13,6,10,55
2018-02-14,6,10,58
2018-02-15,6,10,62
2018-02-16,6,10,65
2018-02-17,6,10,68
2018-02-18,6,10,71
2018-02-19,6,10,52
2018-02-20,6,10,55
2018-02-21,6,10,58
2018-02-22,6,10,61
2018-02-23,6,10,65
2018-02-24,6,10,68
2018-02-25,6,10,71
2018-02-26,6,10,52
2018-02-27,6,10,55
2018-02-28,6,10,58
2018-03-01,6,10,63
2018-03-02,6,10,66
2018-03-03,6,10,69
2018-03-04,6,10,73
2018-03-05,6,10,53
2018-03-06,6,10,56
2018-03-07,6,10,60
2018-03-08,6,10,63
2018-03-09,6,10,66
2018-03-10,6,10,69
2018-03-11,6,10,72
2018-03-12,6,10,53
2018-03-13,6,10,56
2018-03-14,6,10,59
2018-03-15,6,10,62
2018-03-16,6,10,66
2018-03-17,6,10,69
2018-03-18,6,10,72
2018-03-19,6,10,53
2018-03-20,6,10,56
2018-03-21,6,10,59
2018-03-22,6,10,62
2018-03-23,6,10,65
2018-03-24,6,10,69
2018-03-25,6,10,72
2018-03-26,6,10,52
2018-03-27,6,10,56
2018-03-28,6,10,59
2018-03-29,6,10,62
2018-03-30,6,10,65
2018-03-31,6,10,68
2018-01-01,7,10,52
2018-01-02,7,10,55
2018-01-03,7,10,58
2018-01-04,7,10,61
2018-01-05,7,10,64
2018-01-06,7,10,68
2018-01-07,7,10,71
2018-01-08,7,10,52
2018-01-09,7,10,55
2018-01-10,7,10,58
2018-01-11,7,10,61
2018-01-12,7,10,64
2018-01-13,7,10,67
2018-01-14,7,10,71
2018-01-15,7,10,51
2018-01-16,7,10,54
2018-01-17,7,10,58
2018-01-18,7,10,61
2018-01-19,7,10,64
2018-01-20,7,10,67
2018-01-21,7,10,70
2018-01-22,7,10,51
2018-01-23,7,10,54
2018-01-24,7,10,57
2018-01-25,7,10,60
2018-01-26,7,10,64
2018-01-27,7,10,67
2018-01-28,7,10,70
2018-01-29,7,10,51
2018-01-30,7,10,54
2018-01-31,7,10,57
2018-02-01,7,10,62
2018-02-02,7,10,65
2018-02-03,7,10,68
2018-02-04,7,10,72
2018-02-05,7,10,52
2018-02-06,7,10,56
2018-02-07,7,10,59
2018-02-08,7,10,62
2018-02-09,7,10,65
2018-02-10,7,10,68
2018-02-11,7,10,71
2018-02-12,7,10,52
2018-02-13,7,10,55
2018-02-14,7,10,58
2018-02-15,7,10,62
2018-02-16,7,10,65
2018-02-17,7,10,68
2018-02-18,7,10,71
2018-02-19,7,10,52
2018-02-20,7,10,55
2018-02-21,7,10,58
2018-02-22,7,10,61
2018-02-23,7,10,64
2018-02-24,7,10,68
2018-02-25,7,10,71
2018-02-26,7,10,52
2018-02-27,7,10,55
2018-02-28,7,10,58
2018-03-01,7,10,63
2018-03-02,7,10,66
2018-03-03,7,10,69
2018-03-04,7,10,72
2018-03-05,7,10,53
2018-03-06,7,10,56
2018-03-07,7,10,60
2018-03-08,7,10,63
2018-03-09,7,10,66
2018-03-10,7,10,69
2018-03-11,7,10,72
2018-03-12,7,10,53
2018-03-13,7,10,56
2018-03-14,7,10,59
2018-03-15,7,10,62
2018-03-16,7,10,66
2018-03-17,7,10,69
2018-03-18,7,10,72
2018-03-19,7,10,53
2018-03-20,7,10,56
2018-03-21,7,10,59
2018-03-22,7,10,62
2018-03-23,7,10,65
2018-03-24,7,10,68
2018-03-25,7,10,72
2018-03-26,7,10,52
2018-03-27,7,10,56
2018-03-28,7,10,59
2018-03-29,7,10,62
2018-03-30,7,10,65
2018-03-31,7,10,68
2018-01-01,8,10,52
2018-01-02,8,10,55
2018-01-03,8,10,58
2018-01-04,8,10,61
2018-01-05,8,10,64
2018-01-06,8,10,68
2018-01-07,8,10,71
2018-01-08,8,10,51
2018-01-09,8,10,55
2018-01-10,8,10,58
2018-01-11,8,10,61
2018-01-12,8,10,64
2018-01-13,8,10,67
2018-01-14,8,10,70
2018-01-15,8,10,51
2018-01-16,8,10,54
2018-01-17,8,10,58
2018-01-18,8,10,61
2018-01-19,8,10,64
2018-01-20,8,10,67
2018-01-21,8,10,70
2018-01-22,8,10,51
2018-01-23,8,10,54
2018-01-24,8,10,57
2018-01-25,8,10,60
2018-01-26,8,10,64
2018-01-27,8,10,67
2018-01-28,8,10,70
2018-01-29,8,10,51
2018-01-30,8,10,54
2018-01-31,8,10,57
2018-02-01,8,10,62
2018-02-02,8,10,65
2018-02-03,8,10,68
2018-02-04,8,10,72
2018-02-05,8,10,52
2018-02-06,8,10,55
2018-02-07,8,10,59
2018-02-08,8,10,62
2018-02-09,8,10,65
2018-02-10,8,10,68
2018-02-11,8,10,71
2018-02-12,8,10,52
2018-02-13,8,10,55
2018-02-14,8,10,58
2018-02-15,8,10,61
2018-02-16,8,10,65
2018-02-17,8,10,68
2018-02-18,8,10,71
2018-02-19,8,10,52
2018-02-20,8,10,55
2018-02-21,8,10,58
2018-02-22,8,10,61
2018-02-23,8,10,64
2018-02-24,8,10,68
2018-02-25,8,10,71
2018-02-26,8,10,51
2018-02-27,8,10,55
2018-02-28,8,10,58
2018-03-01,8,10,63
2018-03-02,8,10,66
2018-03-03,8,10,69
2018-03-04,8,10,72
2018-03-05,8,10,53
2018-03-06,8,10,56
2018-03-07,8,10,59
2018-03-08,8,10,63
2018-03-09,8,10,66
2018-03-10,8,10,69
2018-03-11,8,10,72
2018-03-12,8,10,53
2018-03-13,8,10,56
2018-03-14,8,10,59
2018-03-15,8,10,62
2018-03-16,8,10,65
2018-03-17,8,10,69
2018-03-18,8,10,72
2018-03-19,8,10,53
2018-03-20,8,10,56
2018-03-21,8,10,59
2018-03-22,8,10,62
2018-03-23,8,10,65
2018-03-24,8,10,68
2018-03-25,8,10,72
2018-03-26,8,10,52
2018-03-27,8,10,55
2018-03-28,8,10,59
2018-03-29,8,10,62
2018-03-30,8,10,65
2018-03-31,8,10,68
2018-01-01,9,10,52
2018-01-02,9,10,55
2018-01-03,9,10,58
2018-01-04,9,10,61
2018-01-05,9,10,64
2018-01-06,9,10,67
2018-01-07,9,10,71
2018-01-08,9,10,51
2018-01-09,9,10,55
2018-01-10,9,10,58
2018-01-11,9,10,61
2018-01-12,9,10,64
2018-01-13,9,10,67
2018-01-14,9,10,70
2018-01-15,9,10,51
2018-01-16,9,10,54
2018-01-17,9,10,57
2018-01-18,9,10,61
2018-01-19,9,10,64
2018-01-20,9,10,67
2018-01-21,9,10,70
2018-01-22,9,10,51
2018-01-23,9,10,54
2018-01-24,9,10,57
2018-01-25,9,10,60
2018-01-26,9,10,63
2018-01-27,9,10,67
2018-01-28,9,10,70
2018-01-29,9,10,51
2018-01-30,9,10,54
2018-01-31,9,10,57
2018-02-01,9,10,62
2018-02-02,9,10,65
2018-02-03,9,10,68
2018-02-04,9,10,71
2018-02-05,9,10,52
2018-02-06,9,10,55
2018-02-07,9,10,59
2018-02-08,9,10,62
2018-02-09,9,10,65
2018-02-10,9,10,68
2018-02-11,9,10,71
2018-02-12,9,10,52
2018-02-13,9,10,55
2018-02-14,9,10,58
2018-02-15,9,10,61
2018-02-16,9,10,65
2018-02-17,9,10,68
2018-02-18,9,10,71
2018-02-19,9,10,52
2018-02-20,9,10,55
2018-02-21,9,10,58
2018-02-22,9,10,61
2018-02-23,9,10,64
2018-02-24,9,10,67
2018-02-25,9,10,71
2018-02-26,9,10,51
2018-02-27,9,10,55
2018-02-28,9,10,58
2018-03-01,9,10,63
2018-03-02,9,10,66
2018-03-03,9,10,69
2018-03-04,9,10,72
2018-03-05,9,10,53
2018-03-06,9,10,56
2018-03-07,9,10,59
2018-03-08,9,10,63
2018-03-09,9,10,66
2018-03-10,9,10,69
2018-03-11,9,10,72
2018-03-12,9,10,53
2018-03-13,9,10,56
2018-03-14,9,10,59
2018-03-15,9,10,62
2018-03-16,9,10,65
2018-03-17,9,10,69
2018-03-18,9,10,72
2018-03-19,9,10,52
2018-03-20,9,10,56
2018-03-21,9,10,59
2018-03-22,9,10,62
2018-03-23,9,10,65
2018-03-24,9,10,68
2018-03-25,9,10,71
2018-03-26,9,10,52
2018-03-27,9,10,55
2018-03-28,9,10,59
2018-03-29,9,10,62
2018-03-30,9,10,65
2018-03-31,9,10,68
2018-01-01,10,10,52
2018-01-02,10,10,55
2018-01-03,10,10,58
2018-01-04,10,10,61
2018-01-05,10,10,64
2018-01-06,10,10,67
2018-01-07,10,10,71
2018-01-08,10,10,51
2018-01-09,10,10,54
2018-01-10,10,10,58
2018-01-11,10,10,61
2018-01-12,10,10,64
2018-01-13,10,10,67
2018-01-14,10,10,70
2018-01-15,10,10,51
2018-01-16,10,10,54
2018-01-17,10,10,57
2018-01-18,10,10,61
2018-01-19,10,10,64
2018-01-20,10,10,67
2018-01-21,10,10,70
2018-01-22,10,10,51
2018-01-23,10,10,54
2018-01-24,10,10,57
2018-01-25,10,10,60
2018-01-26,10,10,63
2018-01-27,10,10,67
2018-01-28,10,10,70
2018-01-29,10,10,50
2018-01-30,10,10,54
2018-01-31,10,10,57
2018-02-01,10,10,62
2018-02-02,10,10,65
2018-02-03,10,10,68
2018-02-04,10,10,71
2018-02-05,10,10,52
2018-02-06,10,10,55
2018-02-07,10,10,58
2018-02-08,10,10,62
2018-02-09,10,10,65
2018-02-10,10,10,68
2018-02-11,10,10,71
2018-02-12,10,10,52
2018-02-13,10,10,55
2018-02-14,10,10,58
2018-02-15,10,10,61
2018-02-16,10,10,65
2018-02-17,10,10,68
2018-02-18,10,10,71
2018-02-19,10,10,52
2018-02-20,10,10,55
2018-02-21,10,10,58
2018-02-22,10,10,61
2018-02-23,10,10,64
2018-02-24,10,10,67
2018-02-25,10,10,71
2018-02-26,10,10,51
2018-02-27,10,10,54
2018-02-28,10,10,58
2018-03-01,10,10,63
2018-03-02,10,10,66
2018-03-03,10,10,69
2018-03-04,10,10,72
2018-03-05,10,10,53
2018-03-06,10,10,56
2018-03-07,10,10,59
2018-03-08,10,10,62
2018-03-09,10,10,66
2018-03-10,10,10,69
2018-03-11,10,10,72
2018-03-12,10,10,53
2018-03-13,10,10,56
2018-03-14,10,10,59
2018-03-15,10,10,62
2018-03-16,10,10,65
2018-03-17,10,10,69
2018-03-18,10,10,72
2018-03-19,10,10,52
2018-03-20,10,10,56
2018-03-21,10,10,59
2018-03-22,10,10,62
2018-03-23,10,10,65
2018-03-24,10,10,68
2018-03-25,10,10,71
2018-03-26,10,10,52
2018-03-27,10,10,55
2018-03-28,10,10,58
2018-03-29,10,10,62
2018-03-30,10,10,65
2018-03-31,10,10,68
2018-01-01,1,11,52
2018-01-02,1,11,55
2018-01-03,1,11,58
2018-01-04,1,11,62
2018-01-05,1,11,65
2018-01-06,1,11,68
2018-01-07,1,11,71
2018-01-08,1,11,52
2018-01-09,1,11,55
2018-01-10,1,11,58
2018-01-11,1,11,61
2018-01-12,1,11,65
2018-01-13,1,11,68
2018-01-14,1,11,71
2018-01-15,1,11,52
2018-01-16,1,11,55
2018-01-17,1,11,58
2018-01-18,1,11,61
2018-01-19,1,11,64
2018-01-20,1,11,67
2018-01-21,1,11,71
2018-01-22,1,11,51
2018-01-23,1,11,54
2018-01-24,1,11,58
2018-01-25,1,11,61
2018-01-26,1,11,64
2018-01-27,1,11,67
2018-01-28,1,11,70
2018-01-29,1,11,51
2018-01-30,1,11,54
2018-01-31,1,11,57
2018-02-01,1,11,62
2018-02-02,1,11,66
2018-02-03,1,11,69
2018-02-04,1,11,72
2018-02-05,1,11,53
2018-02-06,1,11,56
2018-02-07,1,11,59
2018-02-08,1,11,62
2018-02-09,1,11,65
2018-02-10,1,11,69
2018-02-11,1,11,72
2018-02-12,1,11,52
2018-02-13,1,11,56
2018-02-14,1,11,59
2018-02-15,1,11,62
2018-02-16,1,11,65
2018-02-17,1,11,68
2018-02-18,1,11,71
2018-02-19,1,11,52
2018-02-20,1,11,55
2018-02-21,1,11,58
2018-02-22,1,11,62
2018-02-23,1,11,65
2018-02-24,1,11,68
2018-02-25,1,11,71
2018-02-26,1,11,52
2018-02-27,1,11,55
2018-02-28,1,11,58
2018-03-01,1,11,63
2018-03-02,1,11,66
2018-03-03,1,11,70
2018-03-04,1,11,73
2018-03-05,1,11,54
2018-03-06,1,11,57
2018-03-07,1,11,60
2018-03-08,1,11,63
2018-03-09,1,11,66
2018-03-10,1,11,69
2018-03-11,1,11,73
2018-03-12,1,11,53
2018-03-13,1,11,56
2018-03-14,1,11,60
2018-03-15,1,11,63
2018-03-16,1,11,66
2018-03-17,1,11,69
2018-03-18,1,11,72
2018-03-19,1,11,53
2018-03-20,1,11,56
2018-03-21,1,11,59
2018-03-22,1,11,62
2018-03-23,1,11,66
2018-03-24,1,11,69
2018-03-25,1,11,72
2018-03-26,1,11,53
2018-03-27,1,11,56
2018-03-28,1,11,59
2018-03-29,1,11,62
2018-03-30,1,11,65
2018-03-31,1,11,69
2018-01-01,2,11,52
2018-01-02,2,11,55
2018-01-03,2,11,58
2018-01-04,2,11,62
2018-01-05,2,11,65
2018-01-06,2,11,68
2018-01-07,2,11,71
2018-01-08,2,11,52
2018-01-09,2,11,55
2018-01-10,2,11,58
2018-01-11,2,11,61
2018-01-12,2,11,64
2018-01-13,2,11,68
2018-01-14,2,11,71
2018-01-15,2,11,52
2018-01-16,2,11,55
2018-01-17,2,11,58
2018-01-18,2,11,61
2018-01-19,2,11,64
2018-01-20,2,11,67
2018-01-21,2,11,71
2018-01-22,2,11,51
2018-01-23,2,11,54
2018-01-24,2,11,58
2018-01-25,2,11,61
2018-01-26,2,11,64
2018-01-27,2,11,67
2018-01-28,2,11,70
2018-01-29,2,11,51
2018-01-30,2,11,54
2018-01-31,2,11,57
2018-02-01,2,11,62
2018-02-02,2,11,66
2018-02-03,2,11,69
2018-02-04,2,11,72
2018-02-05,2,11,53
2018-02-06,2,11,56
2018-02-07,2,11,59
2018-02-08,2,11,62
2018-02-09,2,11,65
2018-02-10,2,11,68
2018-02-11,2,11,72
2018-02-12,2,11,52
2018-02-13,2,11,56
2018-02-14,2,11,59
2018-02-15,2,11,62
2018-02-16,2,11,65
2018-02-17,2,11,68
2018-02-18,2,11,71
2018-02-19,2,11,52
2018-02-20,2,11,55
2018-02-21,2,11,58
2018-02-22,2,11,62
2018-02-23,2,11,65
2018-02-24,2,11,68
2018-02-25,2,11,71
2018-02-26,2,11,52
2018-02-27,2,11,55
2018-02-28,2,11,58
2018-03-01,2,11,63
2018-03-02,2,11,66
2018-03-03,2,11,70
2018-03-04,2,11,73
2018-03-05,2,11,53
2018-03-06,2,11,57
2018-03-07,2,11,60
2018-03-08,2,11,63
2018-03-09,2,11,66
2018-03-10,2,11,69
2018-03-11,2,11,72
2018-03-12,2,11,53
2018-03-13,2,11,56
2018-03-14,2,11,60
2018-03-15,2,11,63
2018-03-16,2,11,66
2018-03-17,2,11,69
2018-03-18,2,11,72
2018-03-19,2,11,53
2018-03-20,2,11,56
2018-03-21,2,11,59
2018-03-22,2,11,62
2018-03-23,2,11,66
2018-03-24,2,11,69
2018-03-25,2,11,72
2018-03-26,2,11,53
2018-03-27,2,11,56
2018-03-28,2,11,59
2018-03-29,2,11,62
2018-03-30,2,11,65
2018-03-31,2,11,68
2018-01-01,3,11,52
2018-01-02,3,11,55
2018-01-03,3,11,58
2018-01-04,3,11,61
2018-01-05,3,11,65
2018-01-06,3,11,68
2018-01-07,3,11,71
2018-01-08,3,11,52
2018-01-09,3,11,55
2018-01-10,3,11,58
2018-01-11,3,11,61
2018-01-12,3,11,64
2018-01-13,3,11,68
2018-01-14,3,11,71
2018-01-15,3,11,51
2018-01-16,3,11,55
2018-01-17,3,11,58
2018-01-18,3,11,61
2018-01-19,3,11,64
2018-01-20,3,11,67
2018-01-21,3,11,70
2018-01-22,3,11,51
2018-01-23,3,11,54
2018-01-24,3,11,58
2018-01-25,3,11,61
2018-01-26,3,11,64
2018-01-27,3,11,67
2018-01-28,3,11,70
2018-01-29,3,11,51
2018-01-30,3,11,54
2018-01-31,3,11,57
2018-02-01,3,11,62
2018-02-02,3,11,65
2018-02-03,3,11,69
2018-02-04,3,11,72
2018-02-05,3,11,53
2018-02-06,3,11,56
2018-02-07,3,11,59
2018-02-08,3,11,62
2018-02-09,3,11,65
2018-02-10,3,11,68
2018-02-11,3,11,72
2018-02-12,3,11,52
2018-02-13,3,11,55
2018-02-14,3,11,59
2018-02-15,3,11,62
2018-02-16,3,11,65
2018-02-17,3,11,68
2018-02-18,3,11,71
2018-02-19,3,11,52
2018-02-20,3,11,55
2018-02-21,3,11,58
2018-02-22,3,11,62
2018-02-23,3,11,65
2018-02-24,3,11,68
2018-02-25,3,11,71
2018-02-26,3,11,52
2018-02-27,3,11,55
2018-02-28,3,11,58
2018-03-01,3,11,63
2018-03-02,3,11,66
2018-03-03,3,11,69
2018-03-04,3,11,73
2018-03-05,3,11,53
2018-03-06,3,11,57
2018-03-07,3,11,60
2018-03-08,3,11,63
2018-03-09,3,11,66
2018-03-10,3,11,69
2018-03-11,3,11,72
2018-03-12,3,11,53
2018-03-13,3,11,56
2018-03-14,3,11,59
2018-03-15,3,11,63
2018-03-16,3,11,66
2018-03-17,3,11,69
2018-03-18,3,11,72
2018-03-19,3,11,53
2018-03-20,3,11,56
2018-03-21,3,11,59
2018-03-22,3,11,62
2018-03-23,3,11,66
2018-03-24,3,11,69
2018-03-25,3,11,72
2018-03-26,3,11,53
2018-03-27,3,11,56
2018-03-28,3,11,59
2018-03-29,3,11,62
2018-03-30,3,11,65
2018-03-31,3,11,68
2018-01-01,4,11,52
2018-01-02,4,11,55
2018-01-03,4,11,58
2018-01-04,4,11,61
2018-01-05,4,11,65
2018-01-06,4,11,68
2018-01-07,4,11,71
2018-01-08,4,11,52
2018-01-09,4,11,55
2018-01-10,4,11,58
2018-01-11,4,11,61
2018-01-12,4,11,64
2018-01-13,4,11,67
2018-01-14,4,11,71
2018-01-15,4,11,51
2018-01-16,4,11,55
2018-01-17,4,11,58
2018-01-18,4,11,61
2018-01-19,4,11,64
2018-01-20,4,11,67
2018-01-21,4,11,70
2018-01-22,4,11,51
2018-01-23,4,11,54
2018-01-24,4,11,57
2018-01-25,4,11,61
2018-01-26,4,11,64
2018-01-27,4,11,67
2018-01-28,4,11,70
2018-01-29,4,11,51
2018-01-30,4,11,54
2018-01-31,4,11,57
2018-02-01,4,11,62
2018-02-02,4,11,65
2018-02-03,4,11,69
2018-02-04,4,11,72
2018-02-05,4,11,52
2018-02-06,4,11,56
2018-02-07,4,11,59
2018-02-08,4,11,62
2018-02-09,4,11,65
2018-02-10,4,11,68
2018-02-11,4,11,71
2018-02-12,4,11,52
2018-02-13,4,11,55
2018-02-14,4,11,59
2018-02-15,4,11,62
2018-02-16,4,11,65
2018-02-17,4,11,68
2018-02-18,4,11,71
2018-02-19,4,11,52
2018-02-20,4,11,55
2018-02-21,4,11,58
2018-02-22,4,11,61
2018-02-23,4,11,65
2018-02-24,4,11,68
2018-02-25,4,11,71
2018-02-26,4,11,52
2018-02-27,4,11,55
2018-02-28,4,11,58
2018-03-01,4,11,63
2018-03-02,4,11,66
2018-03-03,4,11,69
2018-03-04,4,11,73
2018-03-05,4,11,53
2018-03-06,4,11,56
2018-03-07,4,11,60
2018-03-08,4,11,63
2018-03-09,4,11,66
2018-03-10,4,11,69
2018-03-11,4,11,72
2018-03-12,4,11,53
2018-03-13,4,11,56
2018-03-14,4,11,59
2018-03-15,4,11,63
2018-03-16,4,11,66
2018-03-17,4,11,69
2018-03-18,4,11,72
2018-03-19,4,11,53
2018-03-20,4,11,56
2018-03-21,4,11,59
2018-03-22,4,11,62
2018-03-23,4,11,65
2018-03-24,4,11,69
2018-03-25,4,11,72
2018-03-26,4,11,52
2018-03-27,4,11,56
2018-03-28,4,11,59
2018-03-29,4,11,62
2018-03-30,4,11,65
2018-03-31,4,11,68
2018-01-01,5,11,52
2018-01-02,5,11,55
2018-01-03,5,11,58
2018-01-04,5,11,61
2018-01-05,5,11,64
2018-01-06,5,11,68
2018-01-07,5,11,71
2018-01-08,5,11,52
2018-01-09,5,11,55
2018-01-10,5,11,58
2018-01-11,5,11,61
2018-01-12,5,11,64
2018-01-13,5,11,67
2018-01-14,5,11,71
2018-01-15,5,11,51
2018-01-16,5,11,54
2018-01-17,5,11,58
2018-01-18,5,11,61
2018-01-19,5,11,64
2018-01-20,5,11,67
2018-01-21,5,11,70
2018-01-22,5,11,51
2018-01-23,5,11,54
2018-01-24,5,11,57
2018-01-25,5,11,61
2018-01-26,5,11,64
2018-01-27,5,11,67
2018-01-28,5,11,70
2018-01-29,5,11,51
2018-01-30,5,11,54
2018-01-31,5,11,57
2018-02-01,5,11,62
2018-02-02,5,11,65
2018-02-03,5,11,68
2018-02-04,5,11,72
2018-02-05,5,11,52
2018-02-06,5,11,56
2018-02-07,5,11,59
2018-02-08,5,11,62
2018-02-09,5,11,65
2018-02-10,5,11,68
2018-02-11,5,11,71
2018-02-12,5,11,52
2018-02-13,5,11,55
2018-02-14,5,11,58
2018-02-15,5,11,62
2018-02-16,5,11,65
2018-02-17,5,11,68
2018-02-18,5,11,71
2018-02-19,5,11,52
2018-02-20,5,11,55
2018-02-21,5,11,58
2018-02-22,5,11,61
2018-02-23,5,11,65
2018-02-24,5,11,68
2018-02-25,5,11,71
2018-02-26,5,11,52
2018-02-27,5,11,55
2018-02-28,5,11,58
2018-03-01,5,11,63
2018-03-02,5,11,66
2018-03-03,5,11,69
2018-03-04,5,11,72
2018-03-05,5,11,53
2018-03-06,5,11,56
2018-03-07,5,11,60
2018-03-08,5,11,63
2018-03-09,5,11,66
2018-03-10,5,11,69
2018-03-11,5,11,72
2018-03-12,5,11,53
2018-03-13,5,11,56
2018-03-14,5,11,59
2018-03-15,5,11,62
2018-03-16,5,11,66
2018-03-17,5,11,69
2018-03-18,5,11,72
2018-03-19,5,11,53
2018-03-20,5,11,56
2018-03-21,5,11,59
2018-03-22,5,11,62
2018-03-23,5,11,65
2018-03-24,5,11,69
2018-03-25,5,11,72
2018-03-26,5,11,52
2018-03-27,5,11,56
2018-03-28,5,11,59
2018-03-29,5,11,62
2018-03-30,5,11,65
2018-03-31,5,11,68
2018-01-01,6,11,52
2018-01-02,6,11,55
2018-01-03,6,11,58
2018-01-04,6,11,61
2018-01-05,6,11,64
2018-01-06,6,11,68
2018-01-07,6,11,71
2018-01-08,6,11,51
2018-01-09,6,11,55
2018-01-10,6,11,58
2018-01-11,6,11,61
2018-01-12,6,11,64
2018-01-13,6,11,67
2018-01-14,6,11,70
2018-01-15,6,11,51
2018-01-16,6,11,54
2018-01-17,6,11,58
2018-01-18,6,11,61
2018-01-19,6,11,64
2018-01-20,6,11,67
2018-01-21,6,11,70
2018-01-22,6,11,51
2018-01-23,6,11,54
2018-01-24,6,11,57
2018-01-25,6,11,60
2018-01-26,6,11,64
2018-01-27,6,11,67
2018-01-28,6,11,70
2018-01-29,6,11,51
2018-01-30,6,11,54
2018-01-31,6,11,57
2018-02-01,6,11,62
2018-02-02,6,11,65
2018-02-03,6,11,68
2018-02-04,6,11,72
2018-02-05,6,11,52
2018-02-06,6,11,55
2018-02-07,6,11,59
2018-02-08,6,11,62
2018-02-09,6,11,65
2018-02-10,6,11,68
2018-02-11,6,11,71
2018-02-12,6,11,52
2018-02-13,6,11,55
2018-02-14,6,11,58
2018-02-15,6,11,62
2018-02-16,6,11,65
2018-02-17,6,11,68
2018-02-18,6,11,71
2018-02-19,6,11,52
2018-02-20,6,11,55
2018-02-21,6,11,58
2018-02-22,6,11,61
2018-02-23,6,11,64
2018-02-24,6,11,68
2018-02-25,6,11,71
2018-02-26,6,11,52
2018-02-27,6,11,55
2018-02-28,6,11,58
2018-03-01,6,11,63
2018-03-02,6,11,66
2018-03-03,6,11,69
2018-03-04,6,11,72
2018-03-05,6,11,53
2018-03-06,6,11,56
2018-03-07,6,11,59
2018-03-08,6,11,63
2018-03-09,6,11,66
2018-03-10,6,11,69
2018-03-11,6,11,72
2018-03-12,6,11,53
2018-03-13,6,11,56
2018-03-14,6,11,59
2018-03-15,6,11,62
2018-03-16,6,11,66
2018-03-17,6,11,69
2018-03-18,6,11,72
2018-03-19,6,11,53
2018-03-20,6,11,56
2018-03-21,6,11,59
2018-03-22,6,11,62
2018-03-23,6,11,65
2018-03-24,6,11,68
2018-03-25,6,11,72
2018-03-26,6,11,52
2018-03-27,6,11,55
2018-03-28,6,11,59
2018-03-29,6,11,62
2018-03-30,6,11,65
2018-03-31,6,11,68
2018-01-01,7,11,52
2018-01-02,7,11,55
2018-01-03,7,11,58
2018-01-04,7,11,61
2018-01-05,7,11,64
2018-01-06,7,11,68
2018-01-07,7,11,71
2018-01-08,7,11,51
2018-01-09,7,11,55
2018-01-10,7,11,58
2018-01-11,7,11,61
2018-01-12,7,11,64
2018-01-13,7,11,67
2018-01-14,7,11,70
2018-01-15,7,11,51
2018-01-16,7,11,54
2018-01-17,7,11,57
2018-01-18,7,11,61
2018-01-19,7,11,64
2018-01-20,7,11,67
2018-01-21,7,11,70
2018-01-22,7,11,51
2018-01-23,7,11,54
2018-01-24,7,11,57
2018-01-25,7,11,60
2018-01-26,7,11,64
2018-01-27,7,11,67
2018-01-28,7,11,70
2018-01-29,7,11,51
2018-01-30,7,11,54
2018-01-31,7,11,57
2018-02-01,7,11,62
2018-02-02,7,11,65
2018-02-03,7,11,68
2018-02-04,7,11,72
2018-02-05,7,11,52
2018-02-06,7,11,55
2018-02-07,7,11,59
2018-02-08,7,11,62
2018-02-09,7,11,65
2018-02-10,7,11,68
2018-02-11,7,11,71
2018-02-12,7,11,52
2018-02-13,7,11,55
2018-02-14,7,11,58
2018-02-15,7,11,61
2018-02-16,7,11,65
2018-02-17,7,11,68
2018-02-18,7,11,71
2018-02-19,7,11,52
2018-02-20,7,11,55
2018-02-21,7,11,58
2018-02-22,7,11,61
2018-02-23,7,11,64
2018-02-24,7,11,68
2018-02-25,7,11,71
2018-02-26,7,11,51
2018-02-27,7,11,55
2018-02-28,7,11,58
2018-03-01,7,11,63
2018-03-02,7,11,66
2018-03-03,7,11,69
2018-03-04,7,11,72
2018-03-05,7,11,53
2018-03-06,7,11,56
2018-03-07,7,11,59
2018-03-08,7,11,63
2018-03-09,7,11,66
2018-03-10,7,11,69
2018-03-11,7,11,72
2018-03-12,7,11,53
2018-03-13,7,11,56
2018-03-14,7,11,59
2018-03-15,7,11,62
2018-03-16,7,11,65
2018-03-17,7,11,69
2018-03-18,7,11,72
2018-03-19,7,11,53
2018-03-20,7,11,56
2018-03-21,7,11,59
2018-03-22,7,11,62
2018-03-23,7,11,65
2018-03-24,7,11,68
2018-03-25,7,11,72
2018-03-26,7,11,52
2018-03-27,7,11,55
2018-03-28,7,11,59
2018-03-29,7,11,62
2018-03-30,7,11,65
2018-03-31,7,11,68
2018-01-01,8,11,52
2018-01-02,8,11,55
2018-01-03,8,11,58
2018-01-04,8,11,61
2018-01-05,8,11,64
2018-01-06,8,11,67
2018-01-07,8,11,71
2018-01-08,8,11,51
2018-01-09,8,11,54
2018-01-10,8,11,58
2018-01-11,8,11,61
2018-01-12,8,11,64
2018-01-13,8,11,67
2018-01-14,8,11,70
2018-01-15,8,11,51
2018-01-16,8,11,54
2018-01-17,8,11,57
2018-01-18,8,11,61
2018-01-19,8,11,64
2018-01-20,8,11,67
2018-01-21,8,11,70
2018-01-22,8,11,51
2018-01-23,8,11,54
2018-01-24,8,11,57
2018-01-25,8,11,60
2018-01-26,8,11,63
2018-01-27,8,11,67
2018-01-28,8,11,70
2018-01-29,8,11,51
2018-01-30,8,11,54
2018-01-31,8,11,57
2018-02-01,8,11,62
2018-02-02,8,11,65
2018-02-03,8,11,68
2018-02-04,8,11,71
2018-02-05,8,11,52
2018-02-06,8,11,55
2018-02-07,8,11,58
2018-02-08,8,11,62
2018-02-09,8,11,65
2018-02-10,8,11,68
2018-02-11,8,11,71
2018-02-12,8,11,52
2018-02-13,8,11,55
2018-02-14,8,11,58
2018-02-15,8,11,61
2018-02-16,8,11,65
2018-02-17,8,11,68
2018-02-18,8,11,71
2018-02-19,8,11,52
2018-02-20,8,11,55
2018-02-21,8,11,58
2018-02-22,8,11,61
2018-02-23,8,11,64
2018-02-24,8,11,67
2018-02-25,8,11,71
2018-02-26,8,11,51
2018-02-27,8,11,55
2018-02-28,8,11,58
2018-03-01,8,11,63
2018-03-02,8,11,66
2018-03-03,8,11,69
2018-03-04,8,11,72
2018-03-05,8,11,53
2018-03-06,8,11,56
2018-03-07,8,11,59
2018-03-08,8,11,62
2018-03-09,8,11,66
2018-03-10,8,11,69
2018-03-11,8,11,72
2018-03-12,8,11,53
2018-03-13,8,11,56
2018-03-14,8,11,59
2018-03-15,8,11,62
2018-03-16,8,11,65
2018-03-17,8,11,69
2018-03-18,8,11,72
2018-03-19,8,11,52
2018-03-20,8,11,56
2018-03-21,8,11,59
2018-03-22,8,11,62
2018-03-23,8,11,65
2018-03-24,8,11,68
2018-03-25,8,11,71
2018-03-26,8,11,52
2018-03-27,8,11,55
2018-03-28,8,11,59
2018-03-29,8,11,62
2018-03-30,8,11,65
2018-03-31,8,11,68
2018-01-01,9,11,52
2018-01-02,9,11,55
2018-01-03,9,11,58
2018-01-04,9,11,61
2018-01-05,9,11,64
2018-01-06,9,11,67
2018-01-07,9,11,71
2018-01-08,9,11,51
2018-01-09,9,11,54
2018-01-10,9,11,58
2018-01-11,9,11,61
2018-01-12,9,11,64
2018-01-13,9,11,67
2018-01-14,9,11,70
2018-01-15,9,11,51
2018-01-16,9,11,54
2018-01-17,9,11,57
2018-01-18,9,11,60
2018-01-19,9,11,64
2018-01-20,9,11,67
2018-01-21,9,11,70
2018-01-22,9,11,51
2018-01-23,9,11,54
2018-01-24,9,11,57
2018-01-25,9,11,60
2018-01-26,9,11,63
2018-01-27,9,11,67
2018-01-28,9,11,70
2018-01-29,9,11,50
2018-01-30,9,11,54
2018-01-31,9,11,57
2018-02-01,9,11,62
2018-02-02,9,11,65
2018-02-03,9,11,68
2018-02-04,9,11,71
2018-02-05,9,11,52
2018-02-06,9,11,55
2018-02-07,9,11,58
2018-02-08,9,11,62
2018-02-09,9,11,65
2018-02-10,9,11,68
2018-02-11,9,11,71
2018-02-12,9,11,52
2018-02-13,9,11,55
2018-02-14,9,11,58
2018-02-15,9,11,61
2018-02-16,9,11,64
2018-02-17,9,11,68
2018-02-18,9,11,71
2018-02-19,9,11,52
2018-02-20,9,11,55
2018-02-21,9,11,58
2018-02-22,9,11,61
2018-02-23,9,11,64
2018-02-24,9,11,67
2018-02-25,9,11,71
2018-02-26,9,11,51
2018-02-27,9,11,54
2018-02-28,9,11,58
2018-03-01,9,11,63
2018-03-02,9,11,66
2018-03-03,9,11,69
2018-03-04,9,11,72
2018-03-05,9,11,53
2018-03-06,9,11,56
2018-03-07,9,11,59
2018-03-08,9,11,62
2018-03-09,9,11,66
2018-03-10,9,11,69
2018-03-11,9,11,72
2018-03-12,9,11,53
2018-03-13,9,11,56
2018-03-14,9,11,59
2018-03-15,9,11,62
2018-03-16,9,11,65
2018-03-17,9,11,68
2018-03-18,9,11,72
2018-03-19,9,11,52
2018-03-20,9,11,56
2018-03-21,9,11,59
2018-03-22,9,11,62
2018-03-23,9,11,65
2018-03-24,9,11,68
2018-03-25,9,11,71
2018-03-26,9,11,52
2018-03-27,9,11,55
2018-03-28,9,11,58
2018-03-29,9,11,62
2018-03-30,9,11,65
2018-03-31,9,11,68
2018-01-01,10,11,51
2018-01-02,10,11,55
2018-01-03,10,11,58
2018-01-04,10,11,61
2018-01-05,10,11,64
2018-01-06,10,11,67
2018-01-07,10,11,70
2018-01-08,10,11,51
2018-01-09,10,11,54
2018-01-10,10,11,58
2018-01-11,10,11,61
2018-01-12,10,11,64
2018-01-13,10,11,67
2018-01-14,10,11,70
2018-01-15,10,11,51
2018-01-16,10,11,54
2018-01-17,10,11,57
2018-01-18,10,11,60
2018-01-19,10,11,64
2018-01-20,10,11,67
2018-01-21,10,11,70
2018-01-22,10,11,51
2018-01-23,10,11,54
2018-01-24,10,11,57
2018-01-25,10,11,60
2018-01-26,10,11,63
2018-01-27,10,11,66
2018-01-28,10,11,70
2018-01-29,10,11,50
2018-01-30,10,11,54
2018-01-31,10,11,57
2018-02-01,10,11,62
2018-02-02,10,11,65
2018-02-03,10,11,68
2018-02-04,10,11,71
2018-02-05,10,11,52
2018-02-06,10,11,55
2018-02-07,10,11,58
2018-02-08,10,11,62
2018-02-09,10,11,65
2018-02-10,10,11,68
2018-02-11,10,11,71
2018-02-12,10,11,52
2018-02-13,10,11,55
2018-02-14,10,11,58
2018-02-15,10,11,61
2018-02-16,10,11,64
2018-02-17,10,11,68
2018-02-18,10,11,71
2018-02-19,10,11,51
2018-02-20,10,11,55
2018-02-21,10,11,58
2018-02-22,10,11,61
2018-02-23,10,11,64
2018-02-24,10,11,67
2018-02-25,10,11,70
2018-02-26,10,11,51
2018-02-27,10,11,54
2018-02-28,10,11,58
2018-03-01,10,11,63
2018-03-02,10,11,66
2018-03-03,10,11,69
2018-03-04,10,11,72
2018-03-05,10,11,53
2018-03-06,10,11,56
2018-03-07,10,11,59
2018-03-08,10,11,62
2018-03-09,10,11,66
2018-03-10,10,11,69
2018-03-11,10,11,72
2018-03-12,10,11,53
2018-03-13,10,11,56
2018-03-14,10,11,59
2018-03-15,10,11,62
2018-03-16,10,11,65
2018-03-17,10,11,68
2018-03-18,10,11,72
2018-03-19,10,11,52
2018-03-20,10,11,55
2018-03-21,10,11,59
2018-03-22,10,11,62
2018-03-23,10,11,65
2018-03-24,10,11,68
2018-03-25,10,11,71
2018-03-26,10,11,52
2018-03-27,10,11,55
2018-03-28,10,11,58
2018-03-29,10,11,62
2018-03-30,10,11,65
2018-03-31,10,11,68
2018-01-01,1,12,52
2018-01-02,1,12,55
2018-01-03,1,12,58
2018-01-04,1,12,62
2018-01-05,1,12,65
2018-01-06,1,12,68
2018-01-07,1,12,71
2018-01-08,1,12,52
2018-01-09,1,12,55
2018-01-10,1,12,58
2018-01-11,1,12,61
2018-01-12,1,12,64
2018-01-13,1,12,68
2018-01-14,1,12,71
2018-01-15,1,12,51
2018-01-16,1,12,55
2018-01-17,1,12,58
2018-01-18,1,12,61
2018-01-19,1,12,64
2018-01-20,1,12,67
2018-01-21,1,12,70
2018-01-22,1,12,51
2018-01-23,1,12,54
2018-01-24,1,12,58
2018-01-25,1,12,61
2018-01-26,1,12,64
2018-01-27,1,12,67
2018-01-28,1,12,70
2018-01-29,1,12,51
2018-01-30,1,12,54
2018-01-31,1,12,57
2018-02-01,1,12,62
2018-02-02,1,12,66
2018-02-03,1,12,69
2018-02-04,1,12,72
2018-02-05,1,12,53
2018-02-06,1,12,56
2018-02-07,1,12,59
2018-02-08,1,12,62
2018-02-09,1,12,65
2018-02-10,1,12,68
2018-02-11,1,12,72
2018-02-12,1,12,52
2018-02-13,1,12,55
2018-02-14,1,12,59
2018-02-15,1,12,62
2018-02-16,1,12,65
2018-02-17,1,12,68
2018-02-18,1,12,71
2018-02-19,1,12,52
2018-02-20,1,12,55
2018-02-21,1,12,58
2018-02-22,1,12,62
2018-02-23,1,12,65
2018-02-24,1,12,68
2018-02-25,1,12,71
2018-02-26,1,12,52
2018-02-27,1,12,55
2018-02-28,1,12,58
2018-03-01,1,12,63
2018-03-02,1,12,66
2018-03-03,1,12,70
2018-03-04,1,12,73
2018-03-05,1,12,53
2018-03-06,1,12,57
2018-03-07,1,12,60
2018-03-08,1,12,63
2018-03-09,1,12,66
2018-03-10,1,12,69
2018-03-11,1,12,72
2018-03-12,1,12,53
2018-03-13,1,12,56
2018-03-14,1,12,59
2018-03-15,1,12,63
2018-03-16,1,12,66
2018-03-17,1,12,69
2018-03-18,1,12,72
2018-03-19,1,12,53
2018-03-20,1,12,56
2018-03-21,1,12,59
2018-03-22,1,12,62
2018-03-23,1,12,66
2018-03-24,1,12,69
2018-03-25,1,12,72
2018-03-26,1,12,53
2018-03-27,1,12,56
2018-03-28,1,12,59
2018-03-29,1,12,62
2018-03-30,1,12,65
2018-03-31,1,12,68
2018-01-01,2,12,52
2018-01-02,2,12,55
2018-01-03,2,12,58
2018-01-04,2,12,61
2018-01-05,2,12,65
2018-01-06,2,12,68
2018-01-07,2,12,71
2018-01-08,2,12,52
2018-01-09,2,12,55
2018-01-10,2,12,58
2018-01-11,2,12,61
2018-01-12,2,12,64
2018-01-13,2,12,68
2018-01-14,2,12,71
2018-01-15,2,12,51
2018-01-16,2,12,55
2018-01-17,2,12,58
2018-01-18,2,12,61
2018-01-19,2,12,64
2018-01-20,2,12,67
2018-01-21,2,12,70
2018-01-22,2,12,51
2018-01-23,2,12,54
2018-01-24,2,12,57
2018-01-25,2,12,61
2018-01-26,2,12,64
2018-01-27,2,12,67
2018-01-28,2,12,70
2018-01-29,2,12,51
2018-01-30,2,12,54
2018-01-31,2,12,57
2018-02-01,2,12,62
2018-02-02,2,12,65
2018-02-03,2,12,69
2018-02-04,2,12,72
2018-02-05,2,12,53
2018-02-06,2,12,56
2018-02-07,2,12,59
2018-02-08,2,12,62
2018-02-09,2,12,65
2018-02-10,2,12,68
2018-02-11,2,12,72
2018-02-12,2,12,52
2018-02-13,2,12,55
2018-02-14,2,12,59
2018-02-15,2,12,62
2018-02-16,2,12,65
2018-02-17,2,12,68
2018-02-18,2,12,71
2018-02-19,2,12,52
2018-02-20,2,12,55
2018-02-21,2,12,58
2018-02-22,2,12,61
2018-02-23,2,12,65
2018-02-24,2,12,68
2018-02-25,2,12,71
2018-02-26,2,12,52
2018-02-27,2,12,55
2018-02-28,2,12,58
2018-03-01,2,12,63
2018-03-02,2,12,66
2018-03-03,2,12,69
2018-03-04,2,12,73
2018-03-05,2,12,53
2018-03-06,2,12,57
2018-03-07,2,12,60
2018-03-08,2,12,63
2018-03-09,2,12,66
2018-03-10,2,12,69
2018-03-11,2,12,72
2018-03-12,2,12,53
2018-03-13,2,12,56
2018-03-14,2,12,59
2018-03-15,2,12,63
2018-03-16,2,12,66
2018-03-17,2,12,69
2018-03-18,2,12,72
2018-03-19,2,12,53
2018-03-20,2,12,56
2018-03-21,2,12,59
2018-03-22,2,12,62
2018-03-23,2,12,65
2018-03-24,2,12,69
2018-03-25,2,12,72
2018-03-26,2,12,53
2018-03-27,2,12,56
2018-03-28,2,12,59
2018-03-29,2,12,62
2018-03-30,2,12,65
2018-03-31,2,12,68
2018-01-01,3,12,52
2018-01-02,3,12,55
2018-01-03,3,12,58
2018-01-04,3,12,61
2018-01-05,3,12,65
2018-01-06,3,12,68
2018-01-07,3,12,71
2018-01-08,3,12,52
2018-01-09,3,12,55
2018-01-10,3,12,58
2018-01-11,3,12,61
2018-01-12,3,12,64
2018-01-13,3,12,67
2018-01-14,3,12,71
2018-01-15,3,12,51
2018-01-16,3,12,55
2018-01-17,3,12,58
2018-01-18,3,12,61
2018-01-19,3,12,64
2018-01-20,3,12,67
2018-01-21,3,12,70
2018-01-22,3,12,51
2018-01-23,3,12,54
2018-01-24,3,12,57
2018-01-25,3,12,61
2018-01-26,3,12,64
2018-01-27,3,12,67
2018-01-28,3,12,70
2018-01-29,3,12,51
2018-01-30,3,12,54
2018-01-31,3,12,57
2018-02-01,3,12,62
2018-02-02,3,12,65
2018-02-03,3,12,69
2018-02-04,3,12,72
2018-02-05,3,12,52
2018-02-06,3,12,56
2018-02-07,3,12,59
2018-02-08,3,12,62
2018-02-09,3,12,65
2018-02-10,3,12,68
2018-02-11,3,12,71
2018-02-12,3,12,52
2018-02-13,3,12,55
2018-02-14,3,12,58
2018-02-15,3,12,62
2018-02-16,3,12,65
2018-02-17,3,12,68
2018-02-18,3,12,71
2018-02-19,3,12,52
2018-02-20,3,12,55
2018-02-21,3,12,58
2018-02-22,3,12,61
2018-02-23,3,12,65
2018-02-24,3,12,68
2018-02-25,3,12,71
2018-02-26,3,12,52
2018-02-27,3,12,55
2018-02-28,3,12,58
2018-03-01,3,12,63
2018-03-02,3,12,66
2018-03-03,3,12,69
2018-03-04,3,12,73
2018-03-05,3,12,53
2018-03-06,3,12,56
2018-03-07,3,12,60
2018-03-08,3,12,63
2018-03-09,3,12,66
2018-03-10,3,12,69
2018-03-11,3,12,72
2018-03-12,3,12,53
2018-03-13,3,12,56
2018-03-14,3,12,59
2018-03-15,3,12,62
2018-03-16,3,12,66
2018-03-17,3,12,69
2018-03-18,3,12,72
2018-03-19,3,12,53
2018-03-20,3,12,56
2018-03-21,3,12,59
2018-03-22,3,12,62
2018-03-23,3,12,65
2018-03-24,3,12,69
2018-03-25,3,12,72
2018-03-26,3,12,52
2018-03-27,3,12,56
2018-03-28,3,12,59
2018-03-29,3,12,62
2018-03-30,3,12,65
2018-03-31,3,12,68
2018-01-01,4,12,52
2018-01-02,4,12,55
2018-01-03,4,12,58
2018-01-04,4,12,61
2018-01-05,4,12,64
2018-01-06,4,12,68
2018-01-07,4,12,71
2018-01-08,4,12,52
2018-01-09,4,12,55
2018-01-10,4,12,58
2018-01-11,4,12,61
2018-01-12,4,12,64
2018-01-13,4,12,67
2018-01-14,4,12,71
2018-01-15,4,12,51
2018-01-16,4,12,54
2018-01-17,4,12,58
2018-01-18,4,12,61
2018-01-19,4,12,64
2018-01-20,4,12,67
2018-01-21,4,12,70
2018-01-22,4,12,51
2018-01-23,4,12,54
2018-01-24,4,12,57
2018-01-25,4,12,60
2018-01-26,4,12,64
2018-01-27,4,12,67
2018-01-28,4,12,70
2018-01-29,4,12,51
2018-01-30,4,12,54
2018-01-31,4,12,57
2018-02-01,4,12,62
2018-02-02,4,12,65
2018-02-03,4,12,68
2018-02-04,4,12,72
2018-02-05,4,12,52
2018-02-06,4,12,56
2018-02-07,4,12,59
2018-02-08,4,12,62
2018-02-09,4,12,65
2018-02-10,4,12,68
2018-02-11,4,12,71
2018-02-12,4,12,52
2018-02-13,4,12,55
2018-02-14,4,12,58
2018-02-15,4,12,62
2018-02-16,4,12,65
2018-02-17,4,12,68
2018-02-18,4,12,71
2018-02-19,4,12,52
2018-02-20,4,12,55
2018-02-21,4,12,58
2018-02-22,4,12,61
2018-02-23,4,12,64
2018-02-24,4,12,68
2018-02-25,4,12,71
2018-02-26,4,12,52
2018-02-27,4,12,55
2018-02-28,4,12,58
2018-03-01,4,12,63
2018-03-02,4,12,66
2018-03-03,4,12,69
2018-03-04,4,12,72
2018-03-05,4,12,53
2018-03-06,4,12,56
2018-03-07,4,12,60
2018-03-08,4,12,63
2018-03-09,4,12,66
2018-03-10,4,12,69
2018-03-11,4,12,72
2018-03-12,4,12,53
2018-03-13,4,12,56
2018-03-14,4,12,59
2018-03-15,4,12,62
2018-03-16,4,12,66
2018-03-17,4,12,69
2018-03-18,4,12,72
2018-03-19,4,12,53
2018-03-20,4,12,56
2018-03-21,4,12,59
2018-03-22,4,12,62
2018-03-23,4,12,65
2018-03-24,4,12,68
2018-03-25,4,12,72
2018-03-26,4,12,52
2018-03-27,4,12,56
2018-03-28,4,12,59
2018-03-29,4,12,62
2018-03-30,4,12,65
2018-03-31,4,12,68
2018-01-01,5,12,52
2018-01-02,5,12,55
2018-01-03,5,12,58
2018-01-04,5,12,61
2018-01-05,5,12,64
2018-01-06,5,12,68
2018-01-07,5,12,71
2018-01-08,5,12,51
2018-01-09,5,12,55
2018-01-10,5,12,58
2018-01-11,5,12,61
2018-01-12,5,12,64
2018-01-13,5,12,67
2018-01-14,5,12,70
2018-01-15,5,12,51
2018-01-16,5,12,54
2018-01-17,5,12,58
2018-01-18,5,12,61
2018-01-19,5,12,64
2018-01-20,5,12,67
2018-01-21,5,12,70
2018-01-22,5,12,51
2018-01-23,5,12,54
2018-01-24,5,12,57
2018-01-25,5,12,60
2018-01-26,5,12,64
2018-01-27,5,12,67
2018-01-28,5,12,70
2018-01-29,5,12,51
2018-01-30,5,12,54
2018-01-31,5,12,57
2018-02-01,5,12,62
2018-02-02,5,12,65
2018-02-03,5,12,68
2018-02-04,5,12,72
2018-02-05,5,12,52
2018-02-06,5,12,55
2018-02-07,5,12,59
2018-02-08,5,12,62
2018-02-09,5,12,65
2018-02-10,5,12,68
2018-02-11,5,12,71
2018-02-12,5,12,52
2018-02-13,5,12,55
2018-02-14,5,12,58
2018-02-15,5,12,62
2018-02-16,5,12,65
2018-02-17,5,12,68
2018-02-18,5,12,71
2018-02-19,5,12,52
2018-02-20,5,12,55
2018-02-21,5,12,58
2018-02-22,5,12,61
2018-02-23,5,12,64
2018-02-24,5,12,68
2018-02-25,5,12,71
2018-02-26,5,12,51
2018-02-27,5,12,55
2018-02-28,5,12,58
2018-03-01,5,12,63
2018-03-02,5,12,66
2018-03-03,5,12,69
2018-03-04,5,12,72
2018-03-05,5,12,53
2018-03-06,5,12,56
2018-03-07,5,12,59
2018-03-08,5,12,63
2018-03-09,5,12,66
2018-03-10,5,12,69
2018-03-11,5,12,72
2018-03-12,5,12,53
2018-03-13,5,12,56
2018-03-14,5,12,59
2018-03-15,5,12,62
2018-03-16,5,12,66
2018-03-17,5,12,69
2018-03-18,5,12,72
2018-03-19,5,12,53
2018-03-20,5,12,56
2018-03-21,5,12,59
2018-03-22,5,12,62
2018-03-23,5,12,65
2018-03-24,5,12,68
2018-03-25,5,12,72
2018-03-26,5,12,52
2018-03-27,5,12,55
2018-03-28,5,12,59
2018-03-29,5,12,62
2018-03-30,5,12,65
2018-03-31,5,12,68
2018-01-01,6,12,52
2018-01-02,6,12,55
2018-01-03,6,12,58
2018-01-04,6,12,61
2018-01-05,6,12,64
2018-01-06,6,12,67
2018-01-07,6,12,71
2018-01-08,6,12,51
2018-01-09,6,12,55
2018-01-10,6,12,58
2018-01-11,6,12,61
2018-01-12,6,12,64
2018-01-13,6,12,67
2018-01-14,6,12,70
2018-01-15,6,12,51
2018-01-16,6,12,54
2018-01-17,6,12,57
2018-01-18,6,12,61
2018-01-19,6,12,64
2018-01-20,6,12,67
2018-01-21,6,12,70
2018-01-22,6,12,51
2018-01-23,6,12,54
2018-01-24,6,12,57
2018-01-25,6,12,60
2018-01-26,6,12,63
2018-01-27,6,12,67
2018-01-28,6,12,70
2018-01-29,6,12,51
2018-01-30,6,12,54
2018-01-31,6,12,57
2018-02-01,6,12,62
2018-02-02,6,12,65
2018-02-03,6,12,68
2018-02-04,6,12,71
2018-02-05,6,12,52
2018-02-06,6,12,55
2018-02-07,6,12,59
2018-02-08,6,12,62
2018-02-09,6,12,65
2018-02-10,6,12,68
2018-02-11,6,12,71
2018-02-12,6,12,52
2018-02-13,6,12,55
2018-02-14,6,12,58
2018-02-15,6,12,61
2018-02-16,6,12,65
2018-02-17,6,12,68
2018-02-18,6,12,71
2018-02-19,6,12,52
2018-02-20,6,12,55
2018-02-21,6,12,58
2018-02-22,6,12,61
2018-02-23,6,12,64
2018-02-24,6,12,67
2018-02-25,6,12,71
2018-02-26,6,12,51
2018-02-27,6,12,55
2018-02-28,6,12,58
2018-03-01,6,12,63
2018-03-02,6,12,66
2018-03-03,6,12,69
2018-03-04,6,12,72
2018-03-05,6,12,53
2018-03-06,6,12,56
2018-03-07,6,12,59
2018-03-08,6,12,63
2018-03-09,6,12,66
2018-03-10,6,12,69
2018-03-11,6,12,72
2018-03-12,6,12,53
2018-03-13,6,12,56
2018-03-14,6,12,59
2018-03-15,6,12,62
2018-03-16,6,12,65
2018-03-17,6,12,69
2018-03-18,6,12,72
2018-03-19,6,12,52
2018-03-20,6,12,56
2018-03-21,6,12,59
2018-03-22,6,12,62
2018-03-23,6,12,65
2018-03-24,6,12,68
2018-03-25,6,12,71
2018-03-26,6,12,52
2018-03-27,6,12,55
2018-03-28,6,12,59
2018-03-29,6,12,62
2018-03-30,6,12,65
2018-03-31,6,12,68
2018-01-01,7,12,52
2018-01-02,7,12,55
2018-01-03,7,12,58
2018-01-04,7,12,61
2018-01-05,7,12,64
2018-01-06,7,12,67
2018-01-07,7,12,71
2018-01-08,7,12,51
2018-01-09,7,12,54
2018-01-10,7,12,58
2018-01-11,7,12,61
2018-01-12,7,12,64
2018-01-13,7,12,67
2018-01-14,7,12,70
2018-01-15,7,12,51
2018-01-16,7,12,54
2018-01-17,7,12,57
2018-01-18,7,12,61
2018-01-19,7,12,64
2018-01-20,7,12,67
2018-01-21,7,12,70
2018-01-22,7,12,51
2018-01-23,7,12,54
2018-01-24,7,12,57
2018-01-25,7,12,60
2018-01-26,7,12,63
2018-01-27,7,12,67
2018-01-28,7,12,70
2018-01-29,7,12,50
2018-01-30,7,12,54
2018-01-31,7,12,57
2018-02-01,7,12,62
2018-02-02,7,12,65
2018-02-03,7,12,68
2018-02-04,7,12,71
2018-02-05,7,12,52
2018-02-06,7,12,55
2018-02-07,7,12,58
2018-02-08,7,12,62
2018-02-09,7,12,65
2018-02-10,7,12,68
2018-02-11,7,12,71
2018-02-12,7,12,52
2018-02-13,7,12,55
2018-02-14,7,12,58
2018-02-15,7,12,61
2018-02-16,7,12,65
2018-02-17,7,12,68
2018-02-18,7,12,71
2018-02-19,7,12,52
2018-02-20,7,12,55
2018-02-21,7,12,58
2018-02-22,7,12,61
2018-02-23,7,12,64
2018-02-24,7,12,67
2018-02-25,7,12,71
2018-02-26,7,12,51
2018-02-27,7,12,54
2018-02-28,7,12,58
2018-03-01,7,12,63
2018-03-02,7,12,66
2018-03-03,7,12,69
2018-03-04,7,12,72
2018-03-05,7,12,53
2018-03-06,7,12,56
2018-03-07,7,12,59
2018-03-08,7,12,62
2018-03-09,7,12,66
2018-03-10,7,12,69
2018-03-11,7,12,72
2018-03-12,7,12,53
2018-03-13,7,12,56
2018-03-14,7,12,59
2018-03-15,7,12,62
2018-03-16,7,12,65
2018-03-17,7,12,69
2018-03-18,7,12,72
2018-03-19,7,12,52
2018-03-20,7,12,56
2018-03-21,7,12,59
2018-03-22,7,12,62
2018-03-23,7,12,65
2018-03-24,7,12,68
2018-03-25,7,12,71
2018-03-26,7,12,52
2018-03-27,7,12,55
2018-03-28,7,12,58
2018-03-29,7,12,62
2018-03-30,7,12,65
2018-03-31,7,12,68
2018-01-01,8,12,51
2018-01-02,8,12,55
2018-01-03,8,12,58
2018-01-04,8,12,61
2018-01-05,8,12,64
2018-01-06,8,12,67
2018-01-07,8,12,70
2018-01-08,8,12,51
2018-01-09,8,12,54
2018-01-10,8,12,58
2018-01-11,8,12,61
2018-01-12,8,12,64
2018-01-13,8,12,67
2018-01-14,8,12,70
2018-01-15,8,12,51
2018-01-16,8,12,54
2018-01-17,8,12,57
2018-01-18,8,12,60
2018-01-19,8,12,64
2018-01-20,8,12,67
2018-01-21,8,12,70
2018-01-22,8,12,51
2018-01-23,8,12,54
2018-01-24,8,12,57
2018-01-25,8,12,60
2018-01-26,8,12,63
2018-01-27,8,12,67
2018-01-28,8,12,70
2018-01-29,8,12,50
2018-01-30,8,12,54
2018-01-31,8,12,57
2018-02-01,8,12,62
2018-02-02,8,12,65
2018-02-03,8,12,68
2018-02-04,8,12,71
2018-02-05,8,12,52
2018-02-06,8,12,55
2018-02-07,8,12,58
2018-02-08,8,12,62
2018-02-09,8,12,65
2018-02-10,8,12,68
2018-02-11,8,12,71
2018-02-12,8,12,52
2018-02-13,8,12,55
2018-02-14,8,12,58
2018-02-15,8,12,61
2018-02-16,8,12,64
2018-02-17,8,12,68
2018-02-18,8,12,71
2018-02-19,8,12,52
2018-02-20,8,12,55
2018-02-21,8,12,58
2018-02-22,8,12,61
2018-02-23,8,12,64
2018-02-24,8,12,67
2018-02-25,8,12,71
2018-02-26,8,12,51
2018-02-27,8,12,54
2018-02-28,8,12,58
2018-03-01,8,12,63
2018-03-02,8,12,66
2018-03-03,8,12,69
2018-03-04,8,12,72
2018-03-05,8,12,53
2018-03-06,8,12,56
2018-03-07,8,12,59
2018-03-08,8,12,62
2018-03-09,8,12,66
2018-03-10,8,12,69
2018-03-11,8,12,72
2018-03-12,8,12,53
2018-03-13,8,12,56
2018-03-14,8,12,59
2018-03-15,8,12,62
2018-03-16,8,12,65
2018-03-17,8,12,68
2018-03-18,8,12,72
2018-03-19,8,12,52
2018-03-20,8,12,56
2018-03-21,8,12,59
2018-03-22,8,12,62
2018-03-23,8,12,65
2018-03-24,8,12,68
2018-03-25,8,12,71
2018-03-26,8,12,52
2018-03-27,8,12,55
2018-03-28,8,12,58
2018-03-29,8,12,62
2018-03-30,8,12,65
2018-03-31,8,12,68
2018-01-01,9,12,51
2018-01-02,9,12,55
2018-01-03,9,12,58
2018-01-04,9,12,61
2018-01-05,9,12,64
2018-01-06,9,12,67
2018-01-07,9,12,70
2018-01-08,9,12,51
2018-01-09,9,12,54
2018-01-10,9,12,57
2018-01-11,9,12,61
2018-01-12,9,12,64
2018-01-13,9,12,67
2018-01-14,9,12,70
2018-01-15,9,12,51
2018-01-16,9,12,54
2018-01-17,9,12,57
2018-01-18,9,12,60
2018-01-19,9,12,64
2018-01-20,9,12,67
2018-01-21,9,12,70
2018-01-22,9,12,51
2018-01-23,9,12,54
2018-01-24,9,12,57
2018-01-25,9,12,60
2018-01-26,9,12,63
2018-01-27,9,12,66
2018-01-28,9,12,70
2018-01-29,9,12,50
2018-01-30,9,12,53
2018-01-31,9,12,57
2018-02-01,9,12,62
2018-02-02,9,12,65
2018-02-03,9,12,68
2018-02-04,9,12,71
2018-02-05,9,12,52
2018-02-06,9,12,55
2018-02-07,9,12,58
2018-02-08,9,12,61
2018-02-09,9,12,65
2018-02-10,9,12,68
2018-02-11,9,12,71
2018-02-12,9,12,52
2018-02-13,9,12,55
2018-02-14,9,12,58
2018-02-15,9,12,61
2018-02-16,9,12,64
2018-02-17,9,12,68
2018-02-18,9,12,71
2018-02-19,9,12,51
2018-02-20,9,12,55
2018-02-21,9,12,58
2018-02-22,9,12,61
2018-02-23,9,12,64
2018-02-24,9,12,67
2018-02-25,9,12,70
2018-02-26,9,12,51
2018-02-27,9,12,54
2018-02-28,9,12,57
2018-03-01,9,12,63
2018-03-02,9,12,66
2018-03-03,9,12,69
2018-03-04,9,12,72
2018-03-05,9,12,53
2018-03-06,9,12,56
2018-03-07,9,12,59
2018-03-08,9,12,62
2018-03-09,9,12,65
2018-03-10,9,12,69
2018-03-11,9,12,72
2018-03-12,9,12,53
2018-03-13,9,12,56
2018-03-14,9,12,59
2018-03-15,9,12,62
2018-03-16,9,12,65
2018-03-17,9,12,68
2018-03-18,9,12,72
2018-03-19,9,12,52
2018-03-20,9,12,55
2018-03-21,9,12,59
2018-03-22,9,12,62
2018-03-23,9,12,65
2018-03-24,9,12,68
2018-03-25,9,12,71
2018-03-26,9,12,52
2018-03-27,9,12,55
2018-03-28,9,12,58
2018-03-29,9,12,61
2018-03-30,9,12,65
2018-03-31,9,12,68
2018-01-01,10,12,51
2018-01-02,10,12,55
2018-01-03,10,12,58
2018-01-04,10,12,61
2018-01-05,10,12,64
2018-01-06,10,12,67
2018-01-07,10,12,70
2018-01-08,10,12,51
2018-01-09,10,12,54
2018-01-10,10,12,57
2018-01-11,10,12,61
2018-01-12,10,12,64
2018-01-13,10,12,67
2018-01-14,10,12,70
2018-01-15,10,12,51
2018-01-16,10,12,54
2018-01-17,10,12,57
2018-01-18,10,12,60
2018-01-19,10,12,63
2018-01-20,10,12,67
2018-01-21,10,12,70
2018-01-22,10,12,51
2018-01-23,10,12,54
2018-01-24,10,12,57
2018-01-25,10,12,60
2018-01-26,10,12,63
2018-01-27,10,12,66
2018-01-28,10,12,70
2018-01-29,10,12,50
2018-01-30,10,12,53
2018-01-31,10,12,57
2018-02-01,10,12,62
2018-02-02,10,12,65
2018-02-03,10,12,68
2018-02-04,10,12,71
2018-02-05,10,12,52
2018-02-06,10,12,55
2018-02-07,10,12,58
2018-02-08,10,12,61
2018-02-09,10,12,65
2018-02-10,10,12,68
2018-02-11,10,12,71
2018-02-12,10,12,52
2018-02-13,10,12,55
2018-02-14,10,12,58
2018-02-15,10,12,61
2018-02-16,10,12,64
2018-02-17,10,12,67
2018-02-18,10,12,71
2018-02-19,10,12,51
2018-02-20,10,12,55
2018-02-21,10,12,58
2018-02-22,10,12,61
2018-02-23,10,12,64
2018-02-24,10,12,67
2018-02-25,10,12,70
2018-02-26,10,12,51
2018-02-27,10,12,54
2018-02-28,10,12,57
2018-03-01,10,12,62
2018-03-02,10,12,66
2018-03-03,10,12,69
2018-03-04,10,12,72
2018-03-05,10,12,53
2018-03-06,10,12,56
2018-03-07,10,12,59
2018-03-08,10,12,62
2018-03-09,10,12,65
2018-03-10,10,12,69
2018-03-11,10,12,72
2018-03-12,10,12,52
2018-03-13,10,12,56
2018-03-14,10,12,59
2018-03-15,10,12,62
2018-03-16,10,12,65
2018-03-17,10,12,68
2018-03-18,10,12,71
2018-03-19,10,12,52
2018-03-20,10,12,55
2018-03-21,10,12,59
2018-03-22,10,12,62
2018-03-23,10,12,65
2018-03-24,10,12,68
2018-03-25,10,12,71
2018-03-26,10,12,52
2018-03-27,10,12,55
2018-03-28,10,12,58
2018-03-29,10,12,61
2018-03-30,10,12,65
2018-03-31,10,12,68
2018-01-01,1,13,52
2018-01-02,1,13,55
2018-01-03,1,13,58
2018-01-04,1,13,61
2018-01-05,1,13,65
2018-01-06,1,13,68
2018-01-07,1,13,71
2018-01-08,1,13,52
2018-01-09,1,13,55
2018-01-10,1,13,58
2018-01-11,1,13,61
2018-01-12,1,13,64
2018-01-13,1,13,67
2018-01-14,1,13,71
2018-01-15,1,13,51
2018-01-16,1,13,55
2018-01-17,1,13,58
2018-01-18,1,13,61
2018-01-19,1,13,64
2018-01-20,1,13,67
2018-01-21,1,13,70
2018-01-22,1,13,51
2018-01-23,1,13,54
2018-01-24,1,13,57
2018-01-25,1,13,61
2018-01-26,1,13,64
2018-01-27,1,13,67
2018-01-28,1,13,70
2018-01-29,1,13,51
2018-01-30,1,13,54
2018-01-31,1,13,57
2018-02-01,1,13,62
2018-02-02,1,13,65
2018-02-03,1,13,69
2018-02-04,1,13,72
2018-02-05,1,13,52
2018-02-06,1,13,56
2018-02-07,1,13,59
2018-02-08,1,13,62
2018-02-09,1,13,65
2018-02-10,1,13,68
2018-02-11,1,13,71
2018-02-12,1,13,52
2018-02-13,1,13,55
2018-02-14,1,13,59
2018-02-15,1,13,62
2018-02-16,1,13,65
2018-02-17,1,13,68
2018-02-18,1,13,71
2018-02-19,1,13,52
2018-02-20,1,13,55
2018-02-21,1,13,58
2018-02-22,1,13,61
2018-02-23,1,13,65
2018-02-24,1,13,68
2018-02-25,1,13,71
2018-02-26,1,13,52
2018-02-27,1,13,55
2018-02-28,1,13,58
2018-03-01,1,13,63
2018-03-02,1,13,66
2018-03-03,1,13,69
2018-03-04,1,13,73
2018-03-05,1,13,53
2018-03-06,1,13,56
2018-03-07,1,13,60
2018-03-08,1,13,63
2018-03-09,1,13,66
2018-03-10,1,13,69
2018-03-11,1,13,72
2018-03-12,1,13,53
2018-03-13,1,13,56
2018-03-14,1,13,59
2018-03-15,1,13,63
2018-03-16,1,13,66
2018-03-17,1,13,69
2018-03-18,1,13,72
2018-03-19,1,13,53
2018-03-20,1,13,56
2018-03-21,1,13,59
2018-03-22,1,13,62
2018-03-23,1,13,65
2018-03-24,1,13,69
2018-03-25,1,13,72
2018-03-26,1,13,52
2018-03-27,1,13,56
2018-03-28,1,13,59
2018-03-29,1,13,62
2018-03-30,1,13,65
2018-03-31,1,13,68
2018-01-01,2,13,52
2018-01-02,2,13,55
2018-01-03,2,13,58
2018-01-04,2,13,61
2018-01-05,2,13,65
2018-01-06,2,13,68
2018-01-07,2,13,71
2018-01-08,2,13,52
2018-01-09,2,13,55
2018-01-10,2,13,58
2018-01-11,2,13,61
2018-01-12,2,13,64
2018-01-13,2,13,67
2018-01-14,2,13,71
2018-01-15,2,13,51
2018-01-16,2,13,54
2018-01-17,2,13,58
2018-01-18,2,13,61
2018-01-19,2,13,64
2018-01-20,2,13,67
2018-01-21,2,13,70
2018-01-22,2,13,51
2018-01-23,2,13,54
2018-01-24,2,13,57
2018-01-25,2,13,61
2018-01-26,2,13,64
2018-01-27,2,13,67
2018-01-28,2,13,70
2018-01-29,2,13,51
2018-01-30,2,13,54
2018-01-31,2,13,57
2018-02-01,2,13,62
2018-02-02,2,13,65
2018-02-03,2,13,69
2018-02-04,2,13,72
2018-02-05,2,13,52
2018-02-06,2,13,56
2018-02-07,2,13,59
2018-02-08,2,13,62
2018-02-09,2,13,65
2018-02-10,2,13,68
2018-02-11,2,13,71
2018-02-12,2,13,52
2018-02-13,2,13,55
2018-02-14,2,13,58
2018-02-15,2,13,62
2018-02-16,2,13,65
2018-02-17,2,13,68
2018-02-18,2,13,71
2018-02-19,2,13,52
2018-02-20,2,13,55
2018-02-21,2,13,58
2018-02-22,2,13,61
2018-02-23,2,13,65
2018-02-24,2,13,68
2018-02-25,2,13,71
2018-02-26,2,13,52
2018-02-27,2,13,55
2018-02-28,2,13,58
2018-03-01,2,13,63
2018-03-02,2,13,66
2018-03-03,2,13,69
2018-03-04,2,13,73
2018-03-05,2,13,53
2018-03-06,2,13,56
2018-03-07,2,13,60
2018-03-08,2,13,63
2018-03-09,2,13,66
2018-03-10,2,13,69
2018-03-11,2,13,72
2018-03-12,2,13,53
2018-03-13,2,13,56
2018-03-14,2,13,59
2018-03-15,2,13,62
2018-03-16,2,13,66
2018-03-17,2,13,69
2018-03-18,2,13,72
2018-03-19,2,13,53
2018-03-20,2,13,56
2018-03-21,2,13,59
2018-03-22,2,13,62
2018-03-23,2,13,65
2018-03-24,2,13,69
2018-03-25,2,13,72
2018-03-26,2,13,52
2018-03-27,2,13,56
2018-03-28,2,13,59
2018-03-29,2,13,62
2018-03-30,2,13,65
2018-03-31,2,13,68
2018-01-01,3,13,52
2018-01-02,3,13,55
2018-01-03,3,13,58
2018-01-04,3,13,61
2018-01-05,3,13,64
2018-01-06,3,13,68
2018-01-07,3,13,71
2018-01-08,3,13,51
2018-01-09,3,13,55
2018-01-10,3,13,58
2018-01-11,3,13,61
2018-01-12,3,13,64
2018-01-13,3,13,67
2018-01-14,3,13,70
2018-01-15,3,13,51
2018-01-16,3,13,54
2018-01-17,3,13,58
2018-01-18,3,13,61
2018-01-19,3,13,64
2018-01-20,3,13,67
2018-01-21,3,13,70
2018-01-22,3,13,51
2018-01-23,3,13,54
2018-01-24,3,13,57
2018-01-25,3,13,60
2018-01-26,3,13,64
2018-01-27,3,13,67
2018-01-28,3,13,70
2018-01-29,3,13,51
2018-01-30,3,13,54
2018-01-31,3,13,57
2018-02-01,3,13,62
2018-02-02,3,13,65
2018-02-03,3,13,68
2018-02-04,3,13,72
2018-02-05,3,13,52
2018-02-06,3,13,55
2018-02-07,3,13,59
2018-02-08,3,13,62
2018-02-09,3,13,65
2018-02-10,3,13,68
2018-02-11,3,13,71
2018-02-12,3,13,52
2018-02-13,3,13,55
2018-02-14,3,13,58
2018-02-15,3,13,62
2018-02-16,3,13,65
2018-02-17,3,13,68
2018-02-18,3,13,71
2018-02-19,3,13,52
2018-02-20,3,13,55
2018-02-21,3,13,58
2018-02-22,3,13,61
2018-02-23,3,13,64
2018-02-24,3,13,68
2018-02-25,3,13,71
2018-02-26,3,13,52
2018-02-27,3,13,55
2018-02-28,3,13,58
2018-03-01,3,13,63
2018-03-02,3,13,66
2018-03-03,3,13,69
2018-03-04,3,13,72
2018-03-05,3,13,53
2018-03-06,3,13,56
2018-03-07,3,13,59
2018-03-08,3,13,63
2018-03-09,3,13,66
2018-03-10,3,13,69
2018-03-11,3,13,72
2018-03-12,3,13,53
2018-03-13,3,13,56
2018-03-14,3,13,59
2018-03-15,3,13,62
2018-03-16,3,13,66
2018-03-17,3,13,69
2018-03-18,3,13,72
2018-03-19,3,13,53
2018-03-20,3,13,56
2018-03-21,3,13,59
2018-03-22,3,13,62
2018-03-23,3,13,65
2018-03-24,3,13,68
2018-03-25,3,13,72
2018-03-26,3,13,52
2018-03-27,3,13,56
2018-03-28,3,13,59
2018-03-29,3,13,62
2018-03-30,3,13,65
2018-03-31,3,13,68
2018-01-01,4,13,52
2018-01-02,4,13,55
2018-01-03,4,13,58
2018-01-04,4,13,61
2018-01-05,4,13,64
2018-01-06,4,13,68
2018-01-07,4,13,71
2018-01-08,4,13,51
2018-01-09,4,13,55
2018-01-10,4,13,58
2018-01-11,4,13,61
2018-01-12,4,13,64
2018-01-13,4,13,67
2018-01-14,4,13,70
2018-01-15,4,13,51
2018-01-16,4,13,54
2018-01-17,4,13,57
2018-01-18,4,13,61
2018-01-19,4,13,64
2018-01-20,4,13,67
2018-01-21,4,13,70
2018-01-22,4,13,51
2018-01-23,4,13,54
2018-01-24,4,13,57
2018-01-25,4,13,60
2018-01-26,4,13,64
2018-01-27,4,13,67
2018-01-28,4,13,70
2018-01-29,4,13,51
2018-01-30,4,13,54
2018-01-31,4,13,57
2018-02-01,4,13,62
2018-02-02,4,13,65
2018-02-03,4,13,68
2018-02-04,4,13,72
2018-02-05,4,13,52
2018-02-06,4,13,55
2018-02-07,4,13,59
2018-02-08,4,13,62
2018-02-09,4,13,65
2018-02-10,4,13,68
2018-02-11,4,13,71
2018-02-12,4,13,52
2018-02-13,4,13,55
2018-02-14,4,13,58
2018-02-15,4,13,61
2018-02-16,4,13,65
2018-02-17,4,13,68
2018-02-18,4,13,71
2018-02-19,4,13,52
2018-02-20,4,13,55
2018-02-21,4,13,58
2018-02-22,4,13,61
2018-02-23,4,13,64
2018-02-24,4,13,68
2018-02-25,4,13,71
2018-02-26,4,13,51
2018-02-27,4,13,55
2018-02-28,4,13,58
2018-03-01,4,13,63
2018-03-02,4,13,66
2018-03-03,4,13,69
2018-03-04,4,13,72
2018-03-05,4,13,53
2018-03-06,4,13,56
2018-03-07,4,13,59
2018-03-08,4,13,63
2018-03-09,4,13,66
2018-03-10,4,13,69
2018-03-11,4,13,72
2018-03-12,4,13,53
2018-03-13,4,13,56
2018-03-14,4,13,59
2018-03-15,4,13,62
2018-03-16,4,13,65
2018-03-17,4,13,69
2018-03-18,4,13,72
2018-03-19,4,13,53
2018-03-20,4,13,56
2018-03-21,4,13,59
2018-03-22,4,13,62
2018-03-23,4,13,65
2018-03-24,4,13,68
2018-03-25,4,13,72
2018-03-26,4,13,52
2018-03-27,4,13,55
2018-03-28,4,13,59
2018-03-29,4,13,62
2018-03-30,4,13,65
2018-03-31,4,13,68
2018-01-01,5,13,52
2018-01-02,5,13,55
2018-01-03,5,13,58
2018-01-04,5,13,61
2018-01-05,5,13,64
2018-01-06,5,13,67
2018-01-07,5,13,71
2018-01-08,5,13,51
2018-01-09,5,13,55
2018-01-10,5,13,58
2018-01-11,5,13,61
2018-01-12,5,13,64
2018-01-13,5,13,67
2018-01-14,5,13,70
2018-01-15,5,13,51
2018-01-16,5,13,54
2018-01-17,5,13,57
2018-01-18,5,13,61
2018-01-19,5,13,64
2018-01-20,5,13,67
2018-01-21,5,13,70
2018-01-22,5,13,51
2018-01-23,5,13,54
2018-01-24,5,13,57
2018-01-25,5,13,60
2018-01-26,5,13,63
2018-01-27,5,13,67
2018-01-28,5,13,70
2018-01-29,5,13,51
2018-01-30,5,13,54
2018-01-31,5,13,57
2018-02-01,5,13,62
2018-02-02,5,13,65
2018-02-03,5,13,68
2018-02-04,5,13,71
2018-02-05,5,13,52
2018-02-06,5,13,55
2018-02-07,5,13,59
2018-02-08,5,13,62
2018-02-09,5,13,65
2018-02-10,5,13,68
2018-02-11,5,13,71
2018-02-12,5,13,52
2018-02-13,5,13,55
2018-02-14,5,13,58
2018-02-15,5,13,61
2018-02-16,5,13,65
2018-02-17,5,13,68
2018-02-18,5,13,71
2018-02-19,5,13,52
2018-02-20,5,13,55
2018-02-21,5,13,58
2018-02-22,5,13,61
2018-02-23,5,13,64
2018-02-24,5,13,67
2018-02-25,5,13,71
2018-02-26,5,13,51
2018-02-27,5,13,55
2018-02-28,5,13,58
2018-03-01,5,13,63
2018-03-02,5,13,66
2018-03-03,5,13,69
2018-03-04,5,13,72
2018-03-05,5,13,53
2018-03-06,5,13,56
2018-03-07,5,13,59
2018-03-08,5,13,62
2018-03-09,5,13,66
2018-03-10,5,13,69
2018-03-11,5,13,72
2018-03-12,5,13,53
2018-03-13,5,13,56
2018-03-14,5,13,59
2018-03-15,5,13,62
2018-03-16,5,13,65
2018-03-17,5,13,69
2018-03-18,5,13,72
2018-03-19,5,13,52
2018-03-20,5,13,56
2018-03-21,5,13,59
2018-03-22,5,13,62
2018-03-23,5,13,65
2018-03-24,5,13,68
2018-03-25,5,13,71
2018-03-26,5,13,52
2018-03-27,5,13,55
2018-03-28,5,13,59
2018-03-29,5,13,62
2018-03-30,5,13,65
2018-03-31,5,13,68
2018-01-01,6,13,52
2018-01-02,6,13,55
2018-01-03,6,13,58
2018-01-04,6,13,61
2018-01-05,6,13,64
2018-01-06,6,13,67
2018-01-07,6,13,71
2018-01-08,6,13,51
2018-01-09,6,13,54
2018-01-10,6,13,58
2018-01-11,6,13,61
2018-01-12,6,13,64
2018-01-13,6,13,67
2018-01-14,6,13,70
2018-01-15,6,13,51
2018-01-16,6,13,54
2018-01-17,6,13,57
2018-01-18,6,13,60
2018-01-19,6,13,64
2018-01-20,6,13,67
2018-01-21,6,13,70
2018-01-22,6,13,51
2018-01-23,6,13,54
2018-01-24,6,13,57
2018-01-25,6,13,60
2018-01-26,6,13,63
2018-01-27,6,13,67
2018-01-28,6,13,70
2018-01-29,6,13,50
2018-01-30,6,13,54
2018-01-31,6,13,57
2018-02-01,6,13,62
2018-02-02,6,13,65
2018-02-03,6,13,68
2018-02-04,6,13,71
2018-02-05,6,13,52
2018-02-06,6,13,55
2018-02-07,6,13,58
2018-02-08,6,13,62
2018-02-09,6,13,65
2018-02-10,6,13,68
2018-02-11,6,13,71
2018-02-12,6,13,52
2018-02-13,6,13,55
2018-02-14,6,13,58
2018-02-15,6,13,61
2018-02-16,6,13,64
2018-02-17,6,13,68
2018-02-18,6,13,71
2018-02-19,6,13,52
2018-02-20,6,13,55
2018-02-21,6,13,58
2018-02-22,6,13,61
2018-02-23,6,13,64
2018-02-24,6,13,67
2018-02-25,6,13,71
2018-02-26,6,13,51
2018-02-27,6,13,54
2018-02-28,6,13,58
2018-03-01,6,13,63
2018-03-02,6,13,66
2018-03-03,6,13,69
2018-03-04,6,13,72
2018-03-05,6,13,53
2018-03-06,6,13,56
2018-03-07,6,13,59
2018-03-08,6,13,62
2018-03-09,6,13,66
2018-03-10,6,13,69
2018-03-11,6,13,72
2018-03-12,6,13,53
2018-03-13,6,13,56
2018-03-14,6,13,59
2018-03-15,6,13,62
2018-03-16,6,13,65
2018-03-17,6,13,68
2018-03-18,6,13,72
2018-03-19,6,13,52
2018-03-20,6,13,56
2018-03-21,6,13,59
2018-03-22,6,13,62
2018-03-23,6,13,65
2018-03-24,6,13,68
2018-03-25,6,13,71
2018-03-26,6,13,52
2018-03-27,6,13,55
2018-03-28,6,13,58
2018-03-29,6,13,62
2018-03-30,6,13,65
2018-03-31,6,13,68
2018-01-01,7,13,51
2018-01-02,7,13,55
2018-01-03,7,13,58
2018-01-04,7,13,61
2018-01-05,7,13,64
2018-01-06,7,13,67
2018-01-07,7,13,70
2018-01-08,7,13,51
2018-01-09,7,13,54
2018-01-10,7,13,58
2018-01-11,7,13,61
2018-01-12,7,13,64
2018-01-13,7,13,67
2018-01-14,7,13,70
2018-01-15,7,13,51
2018-01-16,7,13,54
2018-01-17,7,13,57
2018-01-18,7,13,60
2018-01-19,7,13,64
2018-01-20,7,13,67
2018-01-21,7,13,70
2018-01-22,7,13,51
2018-01-23,7,13,54
2018-01-24,7,13,57
2018-01-25,7,13,60
2018-01-26,7,13,63
2018-01-27,7,13,66
2018-01-28,7,13,70
2018-01-29,7,13,50
2018-01-30,7,13,54
2018-01-31,7,13,57
2018-02-01,7,13,62
2018-02-02,7,13,65
2018-02-03,7,13,68
2018-02-04,7,13,71
2018-02-05,7,13,52
2018-02-06,7,13,55
2018-02-07,7,13,58
2018-02-08,7,13,62
2018-02-09,7,13,65
2018-02-10,7,13,68
2018-02-11,7,13,71
2018-02-12,7,13,52
2018-02-13,7,13,55
2018-02-14,7,13,58
2018-02-15,7,13,61
2018-02-16,7,13,64
2018-02-17,7,13,68
2018-02-18,7,13,71
2018-02-19,7,13,51
2018-02-20,7,13,55
2018-02-21,7,13,58
2018-02-22,7,13,61
2018-02-23,7,13,64
2018-02-24,7,13,67
2018-02-25,7,13,70
2018-02-26,7,13,51
2018-02-27,7,13,54
2018-02-28,7,13,58
2018-03-01,7,13,63
2018-03-02,7,13,66
2018-03-03,7,13,69
2018-03-04,7,13,72
2018-03-05,7,13,53
2018-03-06,7,13,56
2018-03-07,7,13,59
2018-03-08,7,13,62
2018-03-09,7,13,66
2018-03-10,7,13,69
2018-03-11,7,13,72
2018-03-12,7,13,53
2018-03-13,7,13,56
2018-03-14,7,13,59
2018-03-15,7,13,62
2018-03-16,7,13,65
2018-03-17,7,13,68
2018-03-18,7,13,72
2018-03-19,7,13,52
2018-03-20,7,13,55
2018-03-21,7,13,59
2018-03-22,7,13,62
2018-03-23,7,13,65
2018-03-24,7,13,68
2018-03-25,7,13,71
2018-03-26,7,13,52
2018-03-27,7,13,55
2018-03-28,7,13,58
2018-03-29,7,13,62
2018-03-30,7,13,65
2018-03-31,7,13,68
2018-01-01,8,13,51
2018-01-02,8,13,55
2018-01-03,8,13,58
2018-01-04,8,13,61
2018-01-05,8,13,64
2018-01-06,8,13,67
2018-01-07,8,13,70
2018-01-08,8,13,51
2018-01-09,8,13,54
2018-01-10,8,13,57
2018-01-11,8,13,61
2018-01-12,8,13,64
2018-01-13,8,13,67
2018-01-14,8,13,70
2018-01-15,8,13,51
2018-01-16,8,13,54
2018-01-17,8,13,57
2018-01-18,8,13,60
2018-01-19,8,13,64
2018-01-20,8,13,67
2018-01-21,8,13,70
2018-01-22,8,13,51
2018-01-23,8,13,54
2018-01-24,8,13,57
2018-01-25,8,13,60
2018-01-26,8,13,63
2018-01-27,8,13,66
2018-01-28,8,13,70
2018-01-29,8,13,50
2018-01-30,8,13,53
2018-01-31,8,13,57
2018-02-01,8,13,62
2018-02-02,8,13,65
2018-02-03,8,13,68
2018-02-04,8,13,71
2018-02-05,8,13,52
2018-02-06,8,13,55
2018-02-07,8,13,58
2018-02-08,8,13,61
2018-02-09,8,13,65
2018-02-10,8,13,68
2018-02-11,8,13,71
2018-02-12,8,13,52
2018-02-13,8,13,55
2018-02-14,8,13,58
2018-02-15,8,13,61
2018-02-16,8,13,64
2018-02-17,8,13,68
2018-02-18,8,13,71
2018-02-19,8,13,51
2018-02-20,8,13,55
2018-02-21,8,13,58
2018-02-22,8,13,61
2018-02-23,8,13,64
2018-02-24,8,13,67
2018-02-25,8,13,70
2018-02-26,8,13,51
2018-02-27,8,13,54
2018-02-28,8,13,57
2018-03-01,8,13,63
2018-03-02,8,13,66
2018-03-03,8,13,69
2018-03-04,8,13,72
2018-03-05,8,13,53
2018-03-06,8,13,56
2018-03-07,8,13,59
2018-03-08,8,13,62
2018-03-09,8,13,65
2018-03-10,8,13,69
2018-03-11,8,13,72
2018-03-12,8,13,52
2018-03-13,8,13,56
2018-03-14,8,13,59
2018-03-15,8,13,62
2018-03-16,8,13,65
2018-03-17,8,13,68
2018-03-18,8,13,71
2018-03-19,8,13,52
2018-03-20,8,13,55
2018-03-21,8,13,59
2018-03-22,8,13,62
2018-03-23,8,13,65
2018-03-24,8,13,68
2018-03-25,8,13,71
2018-03-26,8,13,52
2018-03-27,8,13,55
2018-03-28,8,13,58
2018-03-29,8,13,61
2018-03-30,8,13,65
2018-03-31,8,13,68
2018-01-01,9,13,51
2018-01-02,9,13,54
2018-01-03,9,13,58
2018-01-04,9,13,61
2018-01-05,9,13,64
2018-01-06,9,13,67
2018-01-07,9,13,70
2018-01-08,9,13,51
2018-01-09,9,13,54
2018-01-10,9,13,57
2018-01-11,9,13,61
2018-01-12,9,13,64
2018-01-13,9,13,67
2018-01-14,9,13,70
2018-01-15,9,13,51
2018-01-16,9,13,54
2018-01-17,9,13,57
2018-01-18,9,13,60
2018-01-19,9,13,63
2018-01-20,9,13,67
2018-01-21,9,13,70
2018-01-22,9,13,50
2018-01-23,9,13,54
2018-01-24,9,13,57
2018-01-25,9,13,60
2018-01-26,9,13,63
2018-01-27,9,13,66
2018-01-28,9,13,69
2018-01-29,9,13,50
2018-01-30,9,13,53
2018-01-31,9,13,57
2018-02-01,9,13,62
2018-02-02,9,13,65
2018-02-03,9,13,68
2018-02-04,9,13,71
2018-02-05,9,13,52
2018-02-06,9,13,55
2018-02-07,9,13,58
2018-02-08,9,13,61
2018-02-09,9,13,65
2018-02-10,9,13,68
2018-02-11,9,13,71
2018-02-12,9,13,52
2018-02-13,9,13,55
2018-02-14,9,13,58
2018-02-15,9,13,61
2018-02-16,9,13,64
2018-02-17,9,13,67
2018-02-18,9,13,71
2018-02-19,9,13,51
2018-02-20,9,13,54
2018-02-21,9,13,58
2018-02-22,9,13,61
2018-02-23,9,13,64
2018-02-24,9,13,67
2018-02-25,9,13,70
2018-02-26,9,13,51
2018-02-27,9,13,54
2018-02-28,9,13,57
2018-03-01,9,13,62
2018-03-02,9,13,66
2018-03-03,9,13,69
2018-03-04,9,13,72
2018-03-05,9,13,53
2018-03-06,9,13,56
2018-03-07,9,13,59
2018-03-08,9,13,62
2018-03-09,9,13,65
2018-03-10,9,13,69
2018-03-11,9,13,72
2018-03-12,9,13,52
2018-03-13,9,13,56
2018-03-14,9,13,59
2018-03-15,9,13,62
2018-03-16,9,13,65
2018-03-17,9,13,68
2018-03-18,9,13,71
2018-03-19,9,13,52
2018-03-20,9,13,55
2018-03-21,9,13,58
2018-03-22,9,13,62
2018-03-23,9,13,65
2018-03-24,9,13,68
2018-03-25,9,13,71
2018-03-26,9,13,52
2018-03-27,9,13,55
2018-03-28,9,13,58
2018-03-29,9,13,61
2018-03-30,9,13,65
2018-03-31,9,13,68
2018-01-01,10,13,51
2018-01-02,10,13,54
2018-01-03,10,13,58
2018-01-04,10,13,61
2018-01-05,10,13,64
2018-01-06,10,13,67
2018-01-07,10,13,70
2018-01-08,10,13,51
2018-01-09,10,13,54
2018-01-10,10,13,57
2018-01-11,10,13,60
2018-01-12,10,13,64
2018-01-13,10,13,67
2018-01-14,10,13,70
2018-01-15,10,13,51
2018-01-16,10,13,54
2018-01-17,10,13,57
2018-01-18,10,13,60
2018-01-19,10,13,63
2018-01-20,10,13,67
2018-01-21,10,13,70
2018-01-22,10,13,50
2018-01-23,10,13,54
2018-01-24,10,13,57
2018-01-25,10,13,60
2018-01-26,10,13,63
2018-01-27,10,13,66
2018-01-28,10,13,69
2018-01-29,10,13,50
2018-01-30,10,13,53
2018-01-31,10,13,56
2018-02-01,10,13,62
2018-02-02,10,13,65
2018-02-03,10,13,68
2018-02-04,10,13,71
2018-02-05,10,13,52
2018-02-06,10,13,55
2018-02-07,10,13,58
2018-02-08,10,13,61
2018-02-09,10,13,64
2018-02-10,10,13,68
2018-02-11,10,13,71
2018-02-12,10,13,52
2018-02-13,10,13,55
2018-02-14,10,13,58
2018-02-15,10,13,61
2018-02-16,10,13,64
2018-02-17,10,13,67
2018-02-18,10,13,71
2018-02-19,10,13,51
2018-02-20,10,13,54
2018-02-21,10,13,58
2018-02-22,10,13,61
2018-02-23,10,13,64
2018-02-24,10,13,67
2018-02-25,10,13,70
2018-02-26,10,13,51
2018-02-27,10,13,54
2018-02-28,10,13,57
2018-03-01,10,13,62
2018-03-02,10,13,66
2018-03-03,10,13,69
2018-03-04,10,13,72
2018-03-05,10,13,53
2018-03-06,10,13,56
2018-03-07,10,13,59
2018-03-08,10,13,62
2018-03-09,10,13,65
2018-03-10,10,13,68
2018-03-11,10,13,72
2018-03-12,10,13,52
2018-03-13,10,13,56
2018-03-14,10,13,59
2018-03-15,10,13,62
2018-03-16,10,13,65
2018-03-17,10,13,68
2018-03-18,10,13,71
2018-03-19,10,13,52
2018-03-20,10,13,55
2018-03-21,10,13,58
2018-03-22,10,13,62
2018-03-23,10,13,65
2018-03-24,10,13,68
2018-03-25,10,13,71
2018-03-26,10,13,52
2018-03-27,10,13,55
2018-03-28,10,13,58
2018-03-29,10,13,61
2018-03-30,10,13,64
2018-03-31,10,13,68
2018-01-01,1,14,52
2018-01-02,1,14,55
2018-01-03,1,14,58
2018-01-04,1,14,61
2018-01-05,1,14,64
2018-01-06,1,14,68
2018-01-07,1,14,71
2018-01-08,1,14,52
2018-01-09,1,14,55
2018-01-10,1,14,58
2018-01-11,1,14,61
2018-01-12,1,14,64
2018-01-13,1,14,67
2018-01-14,1,14,71
2018-01-15,1,14,51
2018-01-16,1,14,54
2018-01-17,1,14,58
2018-01-18,1,14,61
2018-01-19,1,14,64
2018-01-20,1,14,67
2018-01-21,1,14,70
2018-01-22,1,14,51
2018-01-23,1,14,54
2018-01-24,1,14,57
2018-01-25,1,14,60
2018-01-26,1,14,64
2018-01-27,1,14,67
2018-01-28,1,14,70
2018-01-29,1,14,51
2018-01-30,1,14,54
2018-01-31,1,14,57
2018-02-01,1,14,62
2018-02-02,1,14,65
2018-02-03,1,14,68
2018-02-04,1,14,72
2018-02-05,1,14,52
2018-02-06,1,14,56
2018-02-07,1,14,59
2018-02-08,1,14,62
2018-02-09,1,14,65
2018-02-10,1,14,68
2018-02-11,1,14,71
2018-02-12,1,14,52
2018-02-13,1,14,55
2018-02-14,1,14,58
2018-02-15,1,14,62
2018-02-16,1,14,65
2018-02-17,1,14,68
2018-02-18,1,14,71
2018-02-19,1,14,52
2018-02-20,1,14,55
2018-02-21,1,14,58
2018-02-22,1,14,61
2018-02-23,1,14,64
2018-02-24,1,14,68
2018-02-25,1,14,71
2018-02-26,1,14,52
2018-02-27,1,14,55
2018-02-28,1,14,58
2018-03-01,1,14,63
2018-03-02,1,14,66
2018-03-03,1,14,69
2018-03-04,1,14,72
2018-03-05,1,14,53
2018-03-06,1,14,56
2018-03-07,1,14,60
2018-03-08,1,14,63
2018-03-09,1,14,66
2018-03-10,1,14,69
2018-03-11,1,14,72
2018-03-12,1,14,53
2018-03-13,1,14,56
2018-03-14,1,14,59
2018-03-15,1,14,62
2018-03-16,1,14,66
2018-03-17,1,14,69
2018-03-18,1,14,72
2018-03-19,1,14,53
2018-03-20,1,14,56
2018-03-21,1,14,59
2018-03-22,1,14,62
2018-03-23,1,14,65
2018-03-24,1,14,68
2018-03-25,1,14,72
2018-03-26,1,14,52
2018-03-27,1,14,56
2018-03-28,1,14,59
2018-03-29,1,14,62
2018-03-30,1,14,65
2018-03-31,1,14,68
2018-01-01,2,14,52
2018-01-02,2,14,55
2018-01-03,2,14,58
2018-01-04,2,14,61
2018-01-05,2,14,64
2018-01-06,2,14,68
2018-01-07,2,14,71
2018-01-08,2,14,51
2018-01-09,2,14,55
2018-01-10,2,14,58
2018-01-11,2,14,61
2018-01-12,2,14,64
2018-01-13,2,14,67
2018-01-14,2,14,70
2018-01-15,2,14,51
2018-01-16,2,14,54
2018-01-17,2,14,58
2018-01-18,2,14,61
2018-01-19,2,14,64
2018-01-20,2,14,67
2018-01-21,2,14,70
2018-01-22,2,14,51
2018-01-23,2,14,54
2018-01-24,2,14,57
2018-01-25,2,14,60
2018-01-26,2,14,64
2018-01-27,2,14,67
2018-01-28,2,14,70
2018-01-29,2,14,51
2018-01-30,2,14,54
2018-01-31,2,14,57
2018-02-01,2,14,62
2018-02-02,2,14,65
2018-02-03,2,14,68
2018-02-04,2,14,72
2018-02-05,2,14,52
2018-02-06,2,14,55
2018-02-07,2,14,59
2018-02-08,2,14,62
2018-02-09,2,14,65
2018-02-10,2,14,68
2018-02-11,2,14,71
2018-02-12,2,14,52
2018-02-13,2,14,55
2018-02-14,2,14,58
2018-02-15,2,14,62
2018-02-16,2,14,65
2018-02-17,2,14,68
2018-02-18,2,14,71
2018-02-19,2,14,52
2018-02-20,2,14,55
2018-02-21,2,14,58
2018-02-22,2,14,61
2018-02-23,2,14,64
2018-02-24,2,14,68
2018-02-25,2,14,71
2018-02-26,2,14,51
2018-02-27,2,14,55
2018-02-28,2,14,58
2018-03-01,2,14,63
2018-03-02,2,14,66
2018-03-03,2,14,69
2018-03-04,2,14,72
2018-03-05,2,14,53
2018-03-06,2,14,56
2018-03-07,2,14,59
2018-03-08,2,14,63
2018-03-09,2,14,66
2018-03-10,2,14,69
2018-03-11,2,14,72
2018-03-12,2,14,53
2018-03-13,2,14,56
2018-03-14,2,14,59
2018-03-15,2,14,62
2018-03-16,2,14,66
2018-03-17,2,14,69
2018-03-18,2,14,72
2018-03-19,2,14,53
2018-03-20,2,14,56
2018-03-21,2,14,59
2018-03-22,2,14,62
2018-03-23,2,14,65
2018-03-24,2,14,68
2018-03-25,2,14,72
2018-03-26,2,14,52
2018-03-27,2,14,55
2018-03-28,2,14,59
2018-03-29,2,14,62
2018-03-30,2,14,65
2018-03-31,2,14,68
2018-01-01,3,14,52
2018-01-02,3,14,55
2018-01-03,3,14,58
2018-01-04,3,14,61
2018-01-05,3,14,64
2018-01-06,3,14,67
2018-01-07,3,14,71
2018-01-08,3,14,51
2018-01-09,3,14,55
2018-01-10,3,14,58
2018-01-11,3,14,61
2018-01-12,3,14,64
2018-01-13,3,14,67
2018-01-14,3,14,70
2018-01-15,3,14,51
2018-01-16,3,14,54
2018-01-17,3,14,57
2018-01-18,3,14,61
2018-01-19,3,14,64
2018-01-20,3,14,67
2018-01-21,3,14,70
2018-01-22,3,14,51
2018-01-23,3,14,54
2018-01-24,3,14,57
2018-01-25,3,14,60
2018-01-26,3,14,64
2018-01-27,3,14,67
2018-01-28,3,14,70
2018-01-29,3,14,51
2018-01-30,3,14,54
2018-01-31,3,14,57
2018-02-01,3,14,62
2018-02-02,3,14,65
2018-02-03,3,14,68
2018-02-04,3,14,71
2018-02-05,3,14,52
2018-02-06,3,14,55
2018-02-07,3,14,59
2018-02-08,3,14,62
2018-02-09,3,14,65
2018-02-10,3,14,68
2018-02-11,3,14,71
2018-02-12,3,14,52
2018-02-13,3,14,55
2018-02-14,3,14,58
2018-02-15,3,14,61
2018-02-16,3,14,65
2018-02-17,3,14,68
2018-02-18,3,14,71
2018-02-19,3,14,52
2018-02-20,3,14,55
2018-02-21,3,14,58
2018-02-22,3,14,61
2018-02-23,3,14,64
2018-02-24,3,14,68
2018-02-25,3,14,71
2018-02-26,3,14,51
2018-02-27,3,14,55
2018-02-28,3,14,58
2018-03-01,3,14,63
2018-03-02,3,14,66
2018-03-03,3,14,69
2018-03-04,3,14,72
2018-03-05,3,14,53
2018-03-06,3,14,56
2018-03-07,3,14,59
2018-03-08,3,14,63
2018-03-09,3,14,66
2018-03-10,3,14,69
2018-03-11,3,14,72
2018-03-12,3,14,53
2018-03-13,3,14,56
2018-03-14,3,14,59
2018-03-15,3,14,62
2018-03-16,3,14,65
2018-03-17,3,14,69
2018-03-18,3,14,72
2018-03-19,3,14,53
2018-03-20,3,14,56
2018-03-21,3,14,59
2018-03-22,3,14,62
2018-03-23,3,14,65
2018-03-24,3,14,68
2018-03-25,3,14,72
2018-03-26,3,14,52
2018-03-27,3,14,55
2018-03-28,3,14,59
2018-03-29,3,14,62
2018-03-30,3,14,65
2018-03-31,3,14,68
2018-01-01,4,14,52
2018-01-02,4,14,55
2018-01-03,4,14,58
2018-01-04,4,14,61
2018-01-05,4,14,64
2018-01-06,4,14,67
2018-01-07,4,14,71
2018-01-08,4,14,51
2018-01-09,4,14,54
2018-01-10,4,14,58
2018-01-11,4,14,61
2018-01-12,4,14,64
2018-01-13,4,14,67
2018-01-14,4,14,70
2018-01-15,4,14,51
2018-01-16,4,14,54
2018-01-17,4,14,57
2018-01-18,4,14,61
2018-01-19,4,14,64
2018-01-20,4,14,67
2018-01-21,4,14,70
2018-01-22,4,14,51
2018-01-23,4,14,54
2018-01-24,4,14,57
2018-01-25,4,14,60
2018-01-26,4,14,63
2018-01-27,4,14,67
2018-01-28,4,14,70
2018-01-29,4,14,50
2018-01-30,4,14,54
2018-01-31,4,14,57
2018-02-01,4,14,62
2018-02-02,4,14,65
2018-02-03,4,14,68
2018-02-04,4,14,71
2018-02-05,4,14,52
2018-02-06,4,14,55
2018-02-07,4,14,58
2018-02-08,4,14,62
2018-02-09,4,14,65
2018-02-10,4,14,68
2018-02-11,4,14,71
2018-02-12,4,14,52
2018-02-13,4,14,55
2018-02-14,4,14,58
2018-02-15,4,14,61
2018-02-16,4,14,65
2018-02-17,4,14,68
2018-02-18,4,14,71
2018-02-19,4,14,52
2018-02-20,4,14,55
2018-02-21,4,14,58
2018-02-22,4,14,61
2018-02-23,4,14,64
2018-02-24,4,14,67
2018-02-25,4,14,71
2018-02-26,4,14,51
2018-02-27,4,14,54
2018-02-28,4,14,58
2018-03-01,4,14,63
2018-03-02,4,14,66
2018-03-03,4,14,69
2018-03-04,4,14,72
2018-03-05,4,14,53
2018-03-06,4,14,56
2018-03-07,4,14,59
2018-03-08,4,14,62
2018-03-09,4,14,66
2018-03-10,4,14,69
2018-03-11,4,14,72
2018-03-12,4,14,53
2018-03-13,4,14,56
2018-03-14,4,14,59
2018-03-15,4,14,62
2018-03-16,4,14,65
2018-03-17,4,14,69
2018-03-18,4,14,72
2018-03-19,4,14,52
2018-03-20,4,14,56
2018-03-21,4,14,59
2018-03-22,4,14,62
2018-03-23,4,14,65
2018-03-24,4,14,68
2018-03-25,4,14,71
2018-03-26,4,14,52
2018-03-27,4,14,55
2018-03-28,4,14,58
2018-03-29,4,14,62
2018-03-30,4,14,65
2018-03-31,4,14,68
2018-01-01,5,14,52
2018-01-02,5,14,55
2018-01-03,5,14,58
2018-01-04,5,14,61
2018-01-05,5,14,64
2018-01-06,5,14,67
2018-01-07,5,14,71
2018-01-08,5,14,51
2018-01-09,5,14,54
2018-01-10,5,14,58
2018-01-11,5,14,61
2018-01-12,5,14,64
2018-01-13,5,14,67
2018-01-14,5,14,70
2018-01-15,5,14,51
2018-01-16,5,14,54
2018-01-17,5,14,57
2018-01-18,5,14,60
2018-01-19,5,14,64
2018-01-20,5,14,67
2018-01-21,5,14,70
2018-01-22,5,14,51
2018-01-23,5,14,54
2018-01-24,5,14,57
2018-01-25,5,14,60
2018-01-26,5,14,63
2018-01-27,5,14,67
2018-01-28,5,14,70
2018-01-29,5,14,50
2018-01-30,5,14,54
2018-01-31,5,14,57
2018-02-01,5,14,62
2018-02-02,5,14,65
2018-02-03,5,14,68
2018-02-04,5,14,71
2018-02-05,5,14,52
2018-02-06,5,14,55
2018-02-07,5,14,58
2018-02-08,5,14,62
2018-02-09,5,14,65
2018-02-10,5,14,68
2018-02-11,5,14,71
2018-02-12,5,14,52
2018-02-13,5,14,55
2018-02-14,5,14,58
2018-02-15,5,14,61
2018-02-16,5,14,64
2018-02-17,5,14,68
2018-02-18,5,14,71
2018-02-19,5,14,52
2018-02-20,5,14,55
2018-02-21,5,14,58
2018-02-22,5,14,61
2018-02-23,5,14,64
2018-02-24,5,14,67
2018-02-25,5,14,71
2018-02-26,5,14,51
2018-02-27,5,14,54
2018-02-28,5,14,58
2018-03-01,5,14,63
2018-03-02,5,14,66
2018-03-03,5,14,69
2018-03-04,5,14,72
2018-03-05,5,14,53
2018-03-06,5,14,56
2018-03-07,5,14,59
2018-03-08,5,14,62
2018-03-09,5,14,66
2018-03-10,5,14,69
2018-03-11,5,14,72
2018-03-12,5,14,53
2018-03-13,5,14,56
2018-03-14,5,14,59
2018-03-15,5,14,62
2018-03-16,5,14,65
2018-03-17,5,14,68
2018-03-18,5,14,72
2018-03-19,5,14,52
2018-03-20,5,14,56
2018-03-21,5,14,59
2018-03-22,5,14,62
2018-03-23,5,14,65
2018-03-24,5,14,68
2018-03-25,5,14,71
2018-03-26,5,14,52
2018-03-27,5,14,55
2018-03-28,5,14,58
2018-03-29,5,14,62
2018-03-30,5,14,65
2018-03-31,5,14,68
2018-01-01,6,14,51
2018-01-02,6,14,55
2018-01-03,6,14,58
2018-01-04,6,14,61
2018-01-05,6,14,64
2018-01-06,6,14,67
2018-01-07,6,14,70
2018-01-08,6,14,51
2018-01-09,6,14,54
2018-01-10,6,14,57
2018-01-11,6,14,61
2018-01-12,6,14,64
2018-01-13,6,14,67
2018-01-14,6,14,70
2018-01-15,6,14,51
2018-01-16,6,14,54
2018-01-17,6,14,57
2018-01-18,6,14,60
2018-01-19,6,14,64
2018-01-20,6,14,67
2018-01-21,6,14,70
2018-01-22,6,14,51
2018-01-23,6,14,54
2018-01-24,6,14,57
2018-01-25,6,14,60
2018-01-26,6,14,63
2018-01-27,6,14,66
2018-01-28,6,14,70
2018-01-29,6,14,50
2018-01-30,6,14,54
2018-01-31,6,14,57
2018-02-01,6,14,62
2018-02-02,6,14,65
2018-02-03,6,14,68
2018-02-04,6,14,71
2018-02-05,6,14,52
2018-02-06,6,14,55
2018-02-07,6,14,58
2018-02-08,6,14,61
2018-02-09,6,14,65
2018-02-10,6,14,68
2018-02-11,6,14,71
2018-02-12,6,14,52
2018-02-13,6,14,55
2018-02-14,6,14,58
2018-02-15,6,14,61
2018-02-16,6,14,64
2018-02-17,6,14,68
2018-02-18,6,14,71
2018-02-19,6,14,51
2018-02-20,6,14,55
2018-02-21,6,14,58
2018-02-22,6,14,61
2018-02-23,6,14,64
2018-02-24,6,14,67
2018-02-25,6,14,70
2018-02-26,6,14,51
2018-02-27,6,14,54
2018-02-28,6,14,58
2018-03-01,6,14,63
2018-03-02,6,14,66
2018-03-03,6,14,69
2018-03-04,6,14,72
2018-03-05,6,14,53
2018-03-06,6,14,56
2018-03-07,6,14,59
2018-03-08,6,14,62
2018-03-09,6,14,65
2018-03-10,6,14,69
2018-03-11,6,14,72
2018-03-12,6,14,53
2018-03-13,6,14,56
2018-03-14,6,14,59
2018-03-15,6,14,62
2018-03-16,6,14,65
2018-03-17,6,14,68
2018-03-18,6,14,72
2018-03-19,6,14,52
2018-03-20,6,14,55
2018-03-21,6,14,59
2018-03-22,6,14,62
2018-03-23,6,14,65
2018-03-24,6,14,68
2018-03-25,6,14,71
2018-03-26,6,14,52
2018-03-27,6,14,55
2018-03-28,6,14,58
2018-03-29,6,14,61
2018-03-30,6,14,65
2018-03-31,6,14,68
2018-01-01,7,14,51
2018-01-02,7,14,55
2018-01-03,7,14,58
2018-01-04,7,14,61
2018-01-05,7,14,64
2018-01-06,7,14,67
2018-01-07,7,14,70
2018-01-08,7,14,51
2018-01-09,7,14,54
2018-01-10,7,14,57
2018-01-11,7,14,61
2018-01-12,7,14,64
2018-01-13,7,14,67
2018-01-14,7,14,70
2018-01-15,7,14,51
2018-01-16,7,14,54
2018-01-17,7,14,57
2018-01-18,7,14,60
2018-01-19,7,14,63
2018-01-20,7,14,67
2018-01-21,7,14,70
2018-01-22,7,14,51
2018-01-23,7,14,54
2018-01-24,7,14,57
2018-01-25,7,14,60
2018-01-26,7,14,63
2018-01-27,7,14,66
2018-01-28,7,14,70
2018-01-29,7,14,50
2018-01-30,7,14,53
2018-01-31,7,14,57
2018-02-01,7,14,62
2018-02-02,7,14,65
2018-02-03,7,14,68
2018-02-04,7,14,71
2018-02-05,7,14,52
2018-02-06,7,14,55
2018-02-07,7,14,58
2018-02-08,7,14,61
2018-02-09,7,14,65
2018-02-10,7,14,68
2018-02-11,7,14,71
2018-02-12,7,14,52
2018-02-13,7,14,55
2018-02-14,7,14,58
2018-02-15,7,14,61
2018-02-16,7,14,64
2018-02-17,7,14,67
2018-02-18,7,14,71
2018-02-19,7,14,51
2018-02-20,7,14,55
2018-02-21,7,14,58
2018-02-22,7,14,61
2018-02-23,7,14,64
2018-02-24,7,14,67
2018-02-25,7,14,70
2018-02-26,7,14,51
2018-02-27,7,14,54
2018-02-28,7,14,57
2018-03-01,7,14,63
2018-03-02,7,14,66
2018-03-03,7,14,69
2018-03-04,7,14,72
2018-03-05,7,14,53
2018-03-06,7,14,56
2018-03-07,7,14,59
2018-03-08,7,14,62
2018-03-09,7,14,65
2018-03-10,7,14,69
2018-03-11,7,14,72
2018-03-12,7,14,52
2018-03-13,7,14,56
2018-03-14,7,14,59
2018-03-15,7,14,62
2018-03-16,7,14,65
2018-03-17,7,14,68
2018-03-18,7,14,71
2018-03-19,7,14,52
2018-03-20,7,14,55
2018-03-21,7,14,59
2018-03-22,7,14,62
2018-03-23,7,14,65
2018-03-24,7,14,68
2018-03-25,7,14,71
2018-03-26,7,14,52
2018-03-27,7,14,55
2018-03-28,7,14,58
2018-03-29,7,14,61
2018-03-30,7,14,65
2018-03-31,7,14,68
2018-01-01,8,14,51
2018-01-02,8,14,54
2018-01-03,8,14,58
2018-01-04,8,14,61
2018-01-05,8,14,64
2018-01-06,8,14,67
2018-01-07,8,14,70
2018-01-08,8,14,51
2018-01-09,8,14,54
2018-01-10,8,14,57
2018-01-11,8,14,60
2018-01-12,8,14,64
2018-01-13,8,14,67
2018-01-14,8,14,70
2018-01-15,8,14,51
2018-01-16,8,14,54
2018-01-17,8,14,57
2018-01-18,8,14,60
2018-01-19,8,14,63
2018-01-20,8,14,67
2018-01-21,8,14,70
2018-01-22,8,14,50
2018-01-23,8,14,54
2018-01-24,8,14,57
2018-01-25,8,14,60
2018-01-26,8,14,63
2018-01-27,8,14,66
2018-01-28,8,14,69
2018-01-29,8,14,50
2018-01-30,8,14,53
2018-01-31,8,14,57
2018-02-01,8,14,62
2018-02-02,8,14,65
2018-02-03,8,14,68
2018-02-04,8,14,71
2018-02-05,8,14,52
2018-02-06,8,14,55
2018-02-07,8,14,58
2018-02-08,8,14,61
2018-02-09,8,14,64
2018-02-10,8,14,68
2018-02-11,8,14,71
2018-02-12,8,14,52
2018-02-13,8,14,55
2018-02-14,8,14,58
2018-02-15,8,14,61
2018-02-16,8,14,64
2018-02-17,8,14,67
2018-02-18,8,14,71
2018-02-19,8,14,51
2018-02-20,8,14,54
2018-02-21,8,14,58
2018-02-22,8,14,61
2018-02-23,8,14,64
2018-02-24,8,14,67
2018-02-25,8,14,70
2018-02-26,8,14,51
2018-02-27,8,14,54
2018-02-28,8,14,57
2018-03-01,8,14,62
2018-03-02,8,14,66
2018-03-03,8,14,69
2018-03-04,8,14,72
2018-03-05,8,14,53
2018-03-06,8,14,56
2018-03-07,8,14,59
2018-03-08,8,14,62
2018-03-09,8,14,65
2018-03-10,8,14,68
2018-03-11,8,14,72
2018-03-12,8,14,52
2018-03-13,8,14,56
2018-03-14,8,14,59
2018-03-15,8,14,62
2018-03-16,8,14,65
2018-03-17,8,14,68
2018-03-18,8,14,71
2018-03-19,8,14,52
2018-03-20,8,14,55
2018-03-21,8,14,58
2018-03-22,8,14,62
2018-03-23,8,14,65
2018-03-24,8,14,68
2018-03-25,8,14,71
2018-03-26,8,14,52
2018-03-27,8,14,55
2018-03-28,8,14,58
2018-03-29,8,14,61
2018-03-30,8,14,65
2018-03-31,8,14,68
2018-01-01,9,14,51
2018-01-02,9,14,54
2018-01-03,9,14,58
2018-01-04,9,14,61
2018-01-05,9,14,64
2018-01-06,9,14,67
2018-01-07,9,14,70
2018-01-08,9,14,51
2018-01-09,9,14,54
2018-01-10,9,14,57
2018-01-11,9,14,60
2018-01-12,9,14,64
2018-01-13,9,14,67
2018-01-14,9,14,70
2018-01-15,9,14,51
2018-01-16,9,14,54
2018-01-17,9,14,57
2018-01-18,9,14,60
2018-01-19,9,14,63
2018-01-20,9,14,66
2018-01-21,9,14,70
2018-01-22,9,14,50
2018-01-23,9,14,54
2018-01-24,9,14,57
2018-01-25,9,14,60
2018-01-26,9,14,63
2018-01-27,9,14,66
2018-01-28,9,14,69
2018-01-29,9,14,50
2018-01-30,9,14,53
2018-01-31,9,14,56
2018-02-01,9,14,62
2018-02-02,9,14,65
2018-02-03,9,14,68
2018-02-04,9,14,71
2018-02-05,9,14,52
2018-02-06,9,14,55
2018-02-07,9,14,58
2018-02-08,9,14,61
2018-02-09,9,14,64
2018-02-10,9,14,68
2018-02-11,9,14,71
2018-02-12,9,14,51
2018-02-13,9,14,55
2018-02-14,9,14,58
2018-02-15,9,14,61
2018-02-16,9,14,64
2018-02-17,9,14,67
2018-02-18,9,14,70
2018-02-19,9,14,51
2018-02-20,9,14,54
2018-02-21,9,14,58
2018-02-22,9,14,61
2018-02-23,9,14,64
2018-02-24,9,14,67
2018-02-25,9,14,70
2018-02-26,9,14,51
2018-02-27,9,14,54
2018-02-28,9,14,57
2018-03-01,9,14,62
2018-03-02,9,14,66
2018-03-03,9,14,69
2018-03-04,9,14,72
2018-03-05,9,14,53
2018-03-06,9,14,56
2018-03-07,9,14,59
2018-03-08,9,14,62
2018-03-09,9,14,65
2018-03-10,9,14,68
2018-03-11,9,14,72
2018-03-12,9,14,52
2018-03-13,9,14,55
2018-03-14,9,14,59
2018-03-15,9,14,62
2018-03-16,9,14,65
2018-03-17,9,14,68
2018-03-18,9,14,71
2018-03-19,9,14,52
2018-03-20,9,14,55
2018-03-21,9,14,58
2018-03-22,9,14,62
2018-03-23,9,14,65
2018-03-24,9,14,68
2018-03-25,9,14,71
2018-03-26,9,14,52
2018-03-27,9,14,55
2018-03-28,9,14,58
2018-03-29,9,14,61
2018-03-30,9,14,64
2018-03-31,9,14,68
2018-01-01,10,14,51
2018-01-02,10,14,54
2018-01-03,10,14,57
2018-01-04,10,14,61
2018-01-05,10,14,64
2018-01-06,10,14,67
2018-01-07,10,14,70
2018-01-08,10,14,51
2018-01-09,10,14,54
2018-01-10,10,14,57
2018-01-11,10,14,60
2018-01-12,10,14,64
2018-01-13,10,14,67
2018-01-14,10,14,70
2018-01-15,10,14,51
2018-01-16,10,14,54
2018-01-17,10,14,57
2018-01-18,10,14,60
2018-01-19,10,14,63
2018-01-20,10,14,66
2018-01-21,10,14,70
2018-01-22,10,14,50
2018-01-23,10,14,53
2018-01-24,10,14,57
2018-01-25,10,14,60
2018-01-26,10,14,63
2018-01-27,10,14,66
2018-01-28,10,14,69
2018-01-29,10,14,50
2018-01-30,10,14,53
2018-01-31,10,14,56
2018-02-01,10,14,61
2018-02-02,10,14,65
2018-02-03,10,14,68
2018-02-04,10,14,71
2018-02-05,10,14,52
2018-02-06,10,14,55
2018-02-07,10,14,58
2018-02-08,10,14,61
2018-02-09,10,14,64
2018-02-10,10,14,68
2018-02-11,10,14,71
2018-02-12,10,14,51
2018-02-13,10,14,55
2018-02-14,10,14,58
2018-02-15,10,14,61
2018-02-16,10,14,64
2018-02-17,10,14,67
2018-02-18,10,14,70
2018-02-19,10,14,51
2018-02-20,10,14,54
2018-02-21,10,14,57
2018-02-22,10,14,61
2018-02-23,10,14,64
2018-02-24,10,14,67
2018-02-25,10,14,70
2018-02-26,10,14,51
2018-02-27,10,14,54
2018-02-28,10,14,57
2018-03-01,10,14,62
2018-03-02,10,14,65
2018-03-03,10,14,69
2018-03-04,10,14,72
2018-03-05,10,14,53
2018-03-06,10,14,56
2018-03-07,10,14,59
2018-03-08,10,14,62
2018-03-09,10,14,65
2018-03-10,10,14,68
2018-03-11,10,14,72
2018-03-12,10,14,52
2018-03-13,10,14,55
2018-03-14,10,14,59
2018-03-15,10,14,62
2018-03-16,10,14,65
2018-03-17,10,14,68
2018-03-18,10,14,71
2018-03-19,10,14,52
2018-03-20,10,14,55
2018-03-21,10,14,58
2018-03-22,10,14,61
2018-03-23,10,14,65
2018-03-24,10,14,68
2018-03-25,10,14,71
2018-03-26,10,14,52
2018-03-27,10,14,55
2018-03-28,10,14,58
2018-03-29,10,14,61
2018-03-30,10,14,64
2018-03-31,10,14,68
2018-01-01,1,15,52
2018-01-02,1,15,55
2018-01-03,1,15,58
2018-01-04,1,15,61
2018-01-05,1,15,64
2018-01-06,1,15,68
2018-01-07,1,15,71
2018-01-08,1,15,51
2018-01-09,1,15,55
2018-01-10,1,15,58
2018-01-11,1,15,61
2018-01-12,1,15,64
2018-01-13,1,15,67
2018-01-14,1,15,70
2018-01-15,1,15,51
2018-01-16,1,15,54
2018-01-17,1,15,57
2018-01-18,1,15,61
2018-01-19,1,15,64
2018-01-20,1,15,67
2018-01-21,1,15,70
2018-01-22,1,15,51
2018-01-23,1,15,54
2018-01-24,1,15,57
2018-01-25,1,15,60
2018-01-26,1,15,64
2018-01-27,1,15,67
2018-01-28,1,15,70
2018-01-29,1,15,51
2018-01-30,1,15,54
2018-01-31,1,15,57
2018-02-01,1,15,62
2018-02-02,1,15,65
2018-02-03,1,15,68
2018-02-04,1,15,72
2018-02-05,1,15,52
2018-02-06,1,15,55
2018-02-07,1,15,59
2018-02-08,1,15,62
2018-02-09,1,15,65
2018-02-10,1,15,68
2018-02-11,1,15,71
2018-02-12,1,15,52
2018-02-13,1,15,55
2018-02-14,1,15,58
2018-02-15,1,15,61
2018-02-16,1,15,65
2018-02-17,1,15,68
2018-02-18,1,15,71
2018-02-19,1,15,52
2018-02-20,1,15,55
2018-02-21,1,15,58
2018-02-22,1,15,61
2018-02-23,1,15,64
2018-02-24,1,15,68
2018-02-25,1,15,71
2018-02-26,1,15,51
2018-02-27,1,15,55
2018-02-28,1,15,58
2018-03-01,1,15,63
2018-03-02,1,15,66
2018-03-03,1,15,69
2018-03-04,1,15,72
2018-03-05,1,15,53
2018-03-06,1,15,56
2018-03-07,1,15,59
2018-03-08,1,15,63
2018-03-09,1,15,66
2018-03-10,1,15,69
2018-03-11,1,15,72
2018-03-12,1,15,53
2018-03-13,1,15,56
2018-03-14,1,15,59
2018-03-15,1,15,62
2018-03-16,1,15,65
2018-03-17,1,15,69
2018-03-18,1,15,72
2018-03-19,1,15,53
2018-03-20,1,15,56
2018-03-21,1,15,59
2018-03-22,1,15,62
2018-03-23,1,15,65
2018-03-24,1,15,68
2018-03-25,1,15,72
2018-03-26,1,15,52
2018-03-27,1,15,55
2018-03-28,1,15,59
2018-03-29,1,15,62
2018-03-30,1,15,65
2018-03-31,1,15,68
2018-01-01,2,15,52
2018-01-02,2,15,55
2018-01-03,2,15,58
2018-01-04,2,15,61
2018-01-05,2,15,64
2018-01-06,2,15,67
2018-01-07,2,15,71
2018-01-08,2,15,51
2018-01-09,2,15,55
2018-01-10,2,15,58
2018-01-11,2,15,61
2018-01-12,2,15,64
2018-01-13,2,15,67
2018-01-14,2,15,70
2018-01-15,2,15,51
2018-01-16,2,15,54
2018-01-17,2,15,57
2018-01-18,2,15,61
2018-01-19,2,15,64
2018-01-20,2,15,67
2018-01-21,2,15,70
2018-01-22,2,15,51
2018-01-23,2,15,54
2018-01-24,2,15,57
2018-01-25,2,15,60
2018-01-26,2,15,63
2018-01-27,2,15,67
2018-01-28,2,15,70
2018-01-29,2,15,51
2018-01-30,2,15,54
2018-01-31,2,15,57
2018-02-01,2,15,62
2018-02-02,2,15,65
2018-02-03,2,15,68
2018-02-04,2,15,71
2018-02-05,2,15,52
2018-02-06,2,15,55
2018-02-07,2,15,59
2018-02-08,2,15,62
2018-02-09,2,15,65
2018-02-10,2,15,68
2018-02-11,2,15,71
2018-02-12,2,15,52
2018-02-13,2,15,55
2018-02-14,2,15,58
2018-02-15,2,15,61
2018-02-16,2,15,65
2018-02-17,2,15,68
2018-02-18,2,15,71
2018-02-19,2,15,52
2018-02-20,2,15,55
2018-02-21,2,15,58
2018-02-22,2,15,61
2018-02-23,2,15,64
2018-02-24,2,15,67
2018-02-25,2,15,71
2018-02-26,2,15,51
2018-02-27,2,15,55
2018-02-28,2,15,58
2018-03-01,2,15,63
2018-03-02,2,15,66
2018-03-03,2,15,69
2018-03-04,2,15,72
2018-03-05,2,15,53
2018-03-06,2,15,56
2018-03-07,2,15,59
2018-03-08,2,15,63
2018-03-09,2,15,66
2018-03-10,2,15,69
2018-03-11,2,15,72
2018-03-12,2,15,53
2018-03-13,2,15,56
2018-03-14,2,15,59
2018-03-15,2,15,62
2018-03-16,2,15,65
2018-03-17,2,15,69
2018-03-18,2,15,72
2018-03-19,2,15,52
2018-03-20,2,15,56
2018-03-21,2,15,59
2018-03-22,2,15,62
2018-03-23,2,15,65
2018-03-24,2,15,68
2018-03-25,2,15,71
2018-03-26,2,15,52
2018-03-27,2,15,55
2018-03-28,2,15,59
2018-03-29,2,15,62
2018-03-30,2,15,65
2018-03-31,2,15,68
2018-01-01,3,15,52
2018-01-02,3,15,55
2018-01-03,3,15,58
2018-01-04,3,15,61
2018-01-05,3,15,64
2018-01-06,3,15,67
2018-01-07,3,15,71
2018-01-08,3,15,51
2018-01-09,3,15,54
2018-01-10,3,15,58
2018-01-11,3,15,61
2018-01-12,3,15,64
2018-01-13,3,15,67
2018-01-14,3,15,70
2018-01-15,3,15,51
2018-01-16,3,15,54
2018-01-17,3,15,57
2018-01-18,3,15,61
2018-01-19,3,15,64
2018-01-20,3,15,67
2018-01-21,3,15,70
2018-01-22,3,15,51
2018-01-23,3,15,54
2018-01-24,3,15,57
2018-01-25,3,15,60
2018-01-26,3,15,63
2018-01-27,3,15,67
2018-01-28,3,15,70
2018-01-29,3,15,50
2018-01-30,3,15,54
2018-01-31,3,15,57
2018-02-01,3,15,62
2018-02-02,3,15,65
2018-02-03,3,15,68
2018-02-04,3,15,71
2018-02-05,3,15,52
2018-02-06,3,15,55
2018-02-07,3,15,58
2018-02-08,3,15,62
2018-02-09,3,15,65
2018-02-10,3,15,68
2018-02-11,3,15,71
2018-02-12,3,15,52
2018-02-13,3,15,55
2018-02-14,3,15,58
2018-02-15,3,15,61
2018-02-16,3,15,64
2018-02-17,3,15,68
2018-02-18,3,15,71
2018-02-19,3,15,52
2018-02-20,3,15,55
2018-02-21,3,15,58
2018-02-22,3,15,61
2018-02-23,3,15,64
2018-02-24,3,15,67
2018-02-25,3,15,71
2018-02-26,3,15,51
2018-02-27,3,15,54
2018-02-28,3,15,58
2018-03-01,3,15,63
2018-03-02,3,15,66
2018-03-03,3,15,69
2018-03-04,3,15,72
2018-03-05,3,15,53
2018-03-06,3,15,56
2018-03-07,3,15,59
2018-03-08,3,15,62
2018-03-09,3,15,66
2018-03-10,3,15,69
2018-03-11,3,15,72
2018-03-12,3,15,53
2018-03-13,3,15,56
2018-03-14,3,15,59
2018-03-15,3,15,62
2018-03-16,3,15,65
2018-03-17,3,15,68
2018-03-18,3,15,72
2018-03-19,3,15,52
2018-03-20,3,15,56
2018-03-21,3,15,59
2018-03-22,3,15,62
2018-03-23,3,15,65
2018-03-24,3,15,68
2018-03-25,3,15,71
2018-03-26,3,15,52
2018-03-27,3,15,55
2018-03-28,3,15,58
2018-03-29,3,15,62
2018-03-30,3,15,65
2018-03-31,3,15,68
2018-01-01,4,15,51
2018-01-02,4,15,55
2018-01-03,4,15,58
2018-01-04,4,15,61
2018-01-05,4,15,64
2018-01-06,4,15,67
2018-01-07,4,15,70
2018-01-08,4,15,51
2018-01-09,4,15,54
2018-01-10,4,15,58
2018-01-11,4,15,61
2018-01-12,4,15,64
2018-01-13,4,15,67
2018-01-14,4,15,70
2018-01-15,4,15,51
2018-01-16,4,15,54
2018-01-17,4,15,57
2018-01-18,4,15,60
2018-01-19,4,15,64
2018-01-20,4,15,67
2018-01-21,4,15,70
2018-01-22,4,15,51
2018-01-23,4,15,54
2018-01-24,4,15,57
2018-01-25,4,15,60
2018-01-26,4,15,63
2018-01-27,4,15,66
2018-01-28,4,15,70
2018-01-29,4,15,50
2018-01-30,4,15,54
2018-01-31,4,15,57
2018-02-01,4,15,62
2018-02-02,4,15,65
2018-02-03,4,15,68
2018-02-04,4,15,71
2018-02-05,4,15,52
2018-02-06,4,15,55
2018-02-07,4,15,58
2018-02-08,4,15,62
2018-02-09,4,15,65
2018-02-10,4,15,68
2018-02-11,4,15,71
2018-02-12,4,15,52
2018-02-13,4,15,55
2018-02-14,4,15,58
2018-02-15,4,15,61
2018-02-16,4,15,64
2018-02-17,4,15,68
2018-02-18,4,15,71
2018-02-19,4,15,51
2018-02-20,4,15,55
2018-02-21,4,15,58
2018-02-22,4,15,61
2018-02-23,4,15,64
2018-02-24,4,15,67
2018-02-25,4,15,70
2018-02-26,4,15,51
2018-02-27,4,15,54
2018-02-28,4,15,58
2018-03-01,4,15,63
2018-03-02,4,15,66
2018-03-03,4,15,69
2018-03-04,4,15,72
2018-03-05,4,15,53
2018-03-06,4,15,56
2018-03-07,4,15,59
2018-03-08,4,15,62
2018-03-09,4,15,66
2018-03-10,4,15,69
2018-03-11,4,15,72
2018-03-12,4,15,53
2018-03-13,4,15,56
2018-03-14,4,15,59
2018-03-15,4,15,62
2018-03-16,4,15,65
2018-03-17,4,15,68
2018-03-18,4,15,72
2018-03-19,4,15,52
2018-03-20,4,15,55
2018-03-21,4,15,59
2018-03-22,4,15,62
2018-03-23,4,15,65
2018-03-24,4,15,68
2018-03-25,4,15,71
2018-03-26,4,15,52
2018-03-27,4,15,55
2018-03-28,4,15,58
2018-03-29,4,15,62
2018-03-30,4,15,65
2018-03-31,4,15,68
2018-01-01,5,15,51
2018-01-02,5,15,55
2018-01-03,5,15,58
2018-01-04,5,15,61
2018-01-05,5,15,64
2018-01-06,5,15,67
2018-01-07,5,15,70
2018-01-08,5,15,51
2018-01-09,5,15,54
2018-01-10,5,15,57
2018-01-11,5,15,61
2018-01-12,5,15,64
2018-01-13,5,15,67
2018-01-14,5,15,70
2018-01-15,5,15,51
2018-01-16,5,15,54
2018-01-17,5,15,57
2018-01-18,5,15,60
2018-01-19,5,15,64
2018-01-20,5,15,67
2018-01-21,5,15,70
2018-01-22,5,15,51
2018-01-23,5,15,54
2018-01-24,5,15,57
2018-01-25,5,15,60
2018-01-26,5,15,63
2018-01-27,5,15,66
2018-01-28,5,15,70
2018-01-29,5,15,50
2018-01-30,5,15,53
2018-01-31,5,15,57
2018-02-01,5,15,62
2018-02-02,5,15,65
2018-02-03,5,15,68
2018-02-04,5,15,71
2018-02-05,5,15,52
2018-02-06,5,15,55
2018-02-07,5,15,58
2018-02-08,5,15,61
2018-02-09,5,15,65
2018-02-10,5,15,68
2018-02-11,5,15,71
2018-02-12,5,15,52
2018-02-13,5,15,55
2018-02-14,5,15,58
2018-02-15,5,15,61
2018-02-16,5,15,64
2018-02-17,5,15,68
2018-02-18,5,15,71
2018-02-19,5,15,51
2018-02-20,5,15,55
2018-02-21,5,15,58
2018-02-22,5,15,61
2018-02-23,5,15,64
2018-02-24,5,15,67
2018-02-25,5,15,70
2018-02-26,5,15,51
2018-02-27,5,15,54
2018-02-28,5,15,57
2018-03-01,5,15,63
2018-03-02,5,15,66
2018-03-03,5,15,69
2018-03-04,5,15,72
2018-03-05,5,15,53
2018-03-06,5,15,56
2018-03-07,5,15,59
2018-03-08,5,15,62
2018-03-09,5,15,65
2018-03-10,5,15,69
2018-03-11,5,15,72
2018-03-12,5,15,53
2018-03-13,5,15,56
2018-03-14,5,15,59
2018-03-15,5,15,62
2018-03-16,5,15,65
2018-03-17,5,15,68
2018-03-18,5,15,72
2018-03-19,5,15,52
2018-03-20,5,15,55
2018-03-21,5,15,59
2018-03-22,5,15,62
2018-03-23,5,15,65
2018-03-24,5,15,68
2018-03-25,5,15,71
2018-03-26,5,15,52
2018-03-27,5,15,55
2018-03-28,5,15,58
2018-03-29,5,15,61
2018-03-30,5,15,65
2018-03-31,5,15,68
2018-01-01,6,15,51
2018-01-02,6,15,54
2018-01-03,6,15,58
2018-01-04,6,15,61
2018-01-05,6,15,64
2018-01-06,6,15,67
2018-01-07,6,15,70
2018-01-08,6,15,51
2018-01-09,6,15,54
2018-01-10,6,15,57
2018-01-11,6,15,61
2018-01-12,6,15,64
2018-01-13,6,15,67
2018-01-14,6,15,70
2018-01-15,6,15,51
2018-01-16,6,15,54
2018-01-17,6,15,57
2018-01-18,6,15,60
2018-01-19,6,15,63
2018-01-20,6,15,67
2018-01-21,6,15,70
2018-01-22,6,15,51
2018-01-23,6,15,54
2018-01-24,6,15,57
2018-01-25,6,15,60
2018-01-26,6,15,63
2018-01-27,6,15,66
2018-01-28,6,15,70
2018-01-29,6,15,50
2018-01-30,6,15,53
2018-01-31,6,15,57
2018-02-01,6,15,62
2018-02-02,6,15,65
2018-02-03,6,15,68
2018-02-04,6,15,71
2018-02-05,6,15,52
2018-02-06,6,15,55
2018-02-07,6,15,58
2018-02-08,6,15,61
2018-02-09,6,15,65
2018-02-10,6,15,68
2018-02-11,6,15,71
2018-02-12,6,15,52
2018-02-13,6,15,55
2018-02-14,6,15,58
2018-02-15,6,15,61
2018-02-16,6,15,64
2018-02-17,6,15,67
2018-02-18,6,15,71
2018-02-19,6,15,51
2018-02-20,6,15,54
2018-02-21,6,15,58
2018-02-22,6,15,61
2018-02-23,6,15,64
2018-02-24,6,15,67
2018-02-25,6,15,70
2018-02-26,6,15,51
2018-02-27,6,15,54
2018-02-28,6,15,57
2018-03-01,6,15,62
2018-03-02,6,15,66
2018-03-03,6,15,69
2018-03-04,6,15,72
2018-03-05,6,15,53
2018-03-06,6,15,56
2018-03-07,6,15,59
2018-03-08,6,15,62
2018-03-09,6,15,65
2018-03-10,6,15,69
2018-03-11,6,15,72
2018-03-12,6,15,52
2018-03-13,6,15,56
2018-03-14,6,15,59
2018-03-15,6,15,62
2018-03-16,6,15,65
2018-03-17,6,15,68
2018-03-18,6,15,71
2018-03-19,6,15,52
2018-03-20,6,15,55
2018-03-21,6,15,58
2018-03-22,6,15,62
2018-03-23,6,15,65
2018-03-24,6,15,68
2018-03-25,6,15,71
2018-03-26,6,15,52
2018-03-27,6,15,55
2018-03-28,6,15,58
2018-03-29,6,15,61
2018-03-30,6,15,65
2018-03-31,6,15,68
2018-01-01,7,15,51
2018-01-02,7,15,54
2018-01-03,7,15,58
2018-01-04,7,15,61
2018-01-05,7,15,64
2018-01-06,7,15,67
2018-01-07,7,15,70
2018-01-08,7,15,51
2018-01-09,7,15,54
2018-01-10,7,15,57
2018-01-11,7,15,60
2018-01-12,7,15,64
2018-01-13,7,15,67
2018-01-14,7,15,70
2018-01-15,7,15,51
2018-01-16,7,15,54
2018-01-17,7,15,57
2018-01-18,7,15,60
2018-01-19,7,15,63
2018-01-20,7,15,67
2018-01-21,7,15,70
2018-01-22,7,15,50
2018-01-23,7,15,54
2018-01-24,7,15,57
2018-01-25,7,15,60
2018-01-26,7,15,63
2018-01-27,7,15,66
2018-01-28,7,15,69
2018-01-29,7,15,50
2018-01-30,7,15,53
2018-01-31,7,15,56
2018-02-01,7,15,62
2018-02-02,7,15,65
2018-02-03,7,15,68
2018-02-04,7,15,71
2018-02-05,7,15,52
2018-02-06,7,15,55
2018-02-07,7,15,58
2018-02-08,7,15,61
2018-02-09,7,15,64
2018-02-10,7,15,68
2018-02-11,7,15,71
2018-02-12,7,15,52
2018-02-13,7,15,55
2018-02-14,7,15,58
2018-02-15,7,15,61
2018-02-16,7,15,64
2018-02-17,7,15,67
2018-02-18,7,15,71
2018-02-19,7,15,51
2018-02-20,7,15,54
2018-02-21,7,15,58
2018-02-22,7,15,61
2018-02-23,7,15,64
2018-02-24,7,15,67
2018-02-25,7,15,70
2018-02-26,7,15,51
2018-02-27,7,15,54
2018-02-28,7,15,57
2018-03-01,7,15,62
2018-03-02,7,15,66
2018-03-03,7,15,69
2018-03-04,7,15,72
2018-03-05,7,15,53
2018-03-06,7,15,56
2018-03-07,7,15,59
2018-03-08,7,15,62
2018-03-09,7,15,65
2018-03-10,7,15,68
2018-03-11,7,15,72
2018-03-12,7,15,52
2018-03-13,7,15,56
2018-03-14,7,15,59
2018-03-15,7,15,62
2018-03-16,7,15,65
2018-03-17,7,15,68
2018-03-18,7,15,71
2018-03-19,7,15,52
2018-03-20,7,15,55
2018-03-21,7,15,58
2018-03-22,7,15,62
2018-03-23,7,15,65
2018-03-24,7,15,68
2018-03-25,7,15,71
2018-03-26,7,15,52
2018-03-27,7,15,55
2018-03-28,7,15,58
2018-03-29,7,15,61
2018-03-30,7,15,64
2018-03-31,7,15,68
2018-01-01,8,15,51
2018-01-02,8,15,54
2018-01-03,8,15,57
2018-01-04,8,15,61
2018-01-05,8,15,64
2018-01-06,8,15,67
2018-01-07,8,15,70
2018-01-08,8,15,51
2018-01-09,8,15,54
2018-01-10,8,15,57
2018-01-11,8,15,60
2018-01-12,8,15,64
2018-01-13,8,15,67
2018-01-14,8,15,70
2018-01-15,8,15,51
2018-01-16,8,15,54
2018-01-17,8,15,57
2018-01-18,8,15,60
2018-01-19,8,15,63
2018-01-20,8,15,66
2018-01-21,8,15,70
2018-01-22,8,15,50
2018-01-23,8,15,54
2018-01-24,8,15,57
2018-01-25,8,15,60
2018-01-26,8,15,63
2018-01-27,8,15,66
2018-01-28,8,15,69
2018-01-29,8,15,50
2018-01-30,8,15,53
2018-01-31,8,15,56
2018-02-01,8,15,61
2018-02-02,8,15,65
2018-02-03,8,15,68
2018-02-04,8,15,71
2018-02-05,8,15,52
2018-02-06,8,15,55
2018-02-07,8,15,58
2018-02-08,8,15,61
2018-02-09,8,15,64
2018-02-10,8,15,68
2018-02-11,8,15,71
2018-02-12,8,15,51
2018-02-13,8,15,55
2018-02-14,8,15,58
2018-02-15,8,15,61
2018-02-16,8,15,64
2018-02-17,8,15,67
2018-02-18,8,15,70
2018-02-19,8,15,51
2018-02-20,8,15,54
2018-02-21,8,15,58
2018-02-22,8,15,61
2018-02-23,8,15,64
2018-02-24,8,15,67
2018-02-25,8,15,70
2018-02-26,8,15,51
2018-02-27,8,15,54
2018-02-28,8,15,57
2018-03-01,8,15,62
2018-03-02,8,15,65
2018-03-03,8,15,69
2018-03-04,8,15,72
2018-03-05,8,15,53
2018-03-06,8,15,56
2018-03-07,8,15,59
2018-03-08,8,15,62
2018-03-09,8,15,65
2018-03-10,8,15,68
2018-03-11,8,15,72
2018-03-12,8,15,52
2018-03-13,8,15,55
2018-03-14,8,15,59
2018-03-15,8,15,62
2018-03-16,8,15,65
2018-03-17,8,15,68
2018-03-18,8,15,71
2018-03-19,8,15,52
2018-03-20,8,15,55
2018-03-21,8,15,58
2018-03-22,8,15,62
2018-03-23,8,15,65
2018-03-24,8,15,68
2018-03-25,8,15,71
2018-03-26,8,15,52
2018-03-27,8,15,55
2018-03-28,8,15,58
2018-03-29,8,15,61
2018-03-30,8,15,64
2018-03-31,8,15,68
2018-01-01,9,15,51
2018-01-02,9,15,54
2018-01-03,9,15,57
2018-01-04,9,15,61
2018-01-05,9,15,64
2018-01-06,9,15,67
2018-01-07,9,15,70
2018-01-08,9,15,51
2018-01-09,9,15,54
2018-01-10,9,15,57
2018-01-11,9,15,60
2018-01-12,9,15,63
2018-01-13,9,15,67
2018-01-14,9,15,70
2018-01-15,9,15,51
2018-01-16,9,15,54
2018-01-17,9,15,57
2018-01-18,9,15,60
2018-01-19,9,15,63
2018-01-20,9,15,66
2018-01-21,9,15,70
2018-01-22,9,15,50
2018-01-23,9,15,53
2018-01-24,9,15,57
2018-01-25,9,15,60
2018-01-26,9,15,63
2018-01-27,9,15,66
2018-01-28,9,15,69
2018-01-29,9,15,50
2018-01-30,9,15,53
2018-01-31,9,15,56
2018-02-01,9,15,61
2018-02-02,9,15,65
2018-02-03,9,15,68
2018-02-04,9,15,71
2018-02-05,9,15,52
2018-02-06,9,15,55
2018-02-07,9,15,58
2018-02-08,9,15,61
2018-02-09,9,15,64
2018-02-10,9,15,67
2018-02-11,9,15,71
2018-02-12,9,15,51
2018-02-13,9,15,55
2018-02-14,9,15,58
2018-02-15,9,15,61
2018-02-16,9,15,64
2018-02-17,9,15,67
2018-02-18,9,15,70
2018-02-19,9,15,51
2018-02-20,9,15,54
2018-02-21,9,15,57
2018-02-22,9,15,61
2018-02-23,9,15,64
2018-02-24,9,15,67
2018-02-25,9,15,70
2018-02-26,9,15,51
2018-02-27,9,15,54
2018-02-28,9,15,57
2018-03-01,9,15,62
2018-03-02,9,15,65
2018-03-03,9,15,69
2018-03-04,9,15,72
2018-03-05,9,15,52
2018-03-06,9,15,56
2018-03-07,9,15,59
2018-03-08,9,15,62
2018-03-09,9,15,65
2018-03-10,9,15,68
2018-03-11,9,15,71
2018-03-12,9,15,52
2018-03-13,9,15,55
2018-03-14,9,15,59
2018-03-15,9,15,62
2018-03-16,9,15,65
2018-03-17,9,15,68
2018-03-18,9,15,71
2018-03-19,9,15,52
2018-03-20,9,15,55
2018-03-21,9,15,58
2018-03-22,9,15,61
2018-03-23,9,15,65
2018-03-24,9,15,68
2018-03-25,9,15,71
2018-03-26,9,15,52
2018-03-27,9,15,55
2018-03-28,9,15,58
2018-03-29,9,15,61
2018-03-30,9,15,64
2018-03-31,9,15,67
2018-01-01,10,15,51
2018-01-02,10,15,54
2018-01-03,10,15,57
2018-01-04,10,15,61
2018-01-05,10,15,64
2018-01-06,10,15,67
2018-01-07,10,15,70
2018-01-08,10,15,51
2018-01-09,10,15,54
2018-01-10,10,15,57
2018-01-11,10,15,60
2018-01-12,10,15,63
2018-01-13,10,15,67
2018-01-14,10,15,70
2018-01-15,10,15,50
2018-01-16,10,15,54
2018-01-17,10,15,57
2018-01-18,10,15,60
2018-01-19,10,15,63
2018-01-20,10,15,66
2018-01-21,10,15,69
2018-01-22,10,15,50
2018-01-23,10,15,53
2018-01-24,10,15,57
2018-01-25,10,15,60
2018-01-26,10,15,63
2018-01-27,10,15,66
2018-01-28,10,15,69
2018-01-29,10,15,50
2018-01-30,10,15,53
2018-01-31,10,15,56
2018-02-01,10,15,61
2018-02-02,10,15,65
2018-02-03,10,15,68
2018-02-04,10,15,71
2018-02-05,10,15,52
2018-02-06,10,15,55
2018-02-07,10,15,58
2018-02-08,10,15,61
2018-02-09,10,15,64
2018-02-10,10,15,67
2018-02-11,10,15,71
2018-02-12,10,15,51
2018-02-13,10,15,54
2018-02-14,10,15,58
2018-02-15,10,15,61
2018-02-16,10,15,64
2018-02-17,10,15,67
2018-02-18,10,15,70
2018-02-19,10,15,51
2018-02-20,10,15,54
2018-02-21,10,15,57
2018-02-22,10,15,61
2018-02-23,10,15,64
2018-02-24,10,15,67
2018-02-25,10,15,70
2018-02-26,10,15,51
2018-02-27,10,15,54
2018-02-28,10,15,57
2018-03-01,10,15,62
2018-03-02,10,15,65
2018-03-03,10,15,68
2018-03-04,10,15,72
2018-03-05,10,15,52
2018-03-06,10,15,56
2018-03-07,10,15,59
2018-03-08,10,15,62
2018-03-09,10,15,65
2018-03-10,10,15,68
2018-03-11,10,15,71
2018-03-12,10,15,52
2018-03-13,10,15,55
2018-03-14,10,15,58
2018-03-15,10,15,62
2018-03-16,10,15,65
2018-03-17,10,15,68
2018-03-18,10,15,71
2018-03-19,10,15,52
2018-03-20,10,15,55
2018-03-21,10,15,58
2018-03-22,10,15,61
2018-03-23,10,15,65
2018-03-24,10,15,68
2018-03-25,10,15,71
2018-03-26,10,15,52
2018-03-27,10,15,55
2018-03-28,10,15,58
2018-03-29,10,15,61
2018-03-30,10,15,64
2018-03-31,10,15,67
2018-01-01,1,16,52
2018-01-02,1,16,55
2018-01-03,1,16,58
2018-01-04,1,16,61
2018-01-05,1,16,64
2018-01-06,1,16,67
2018-01-07,1,16,71
2018-01-08,1,16,51
2018-01-09,1,16,54
2018-01-10,1,16,58
2018-01-11,1,16,61
2018-01-12,1,16,64
2018-01-13,1,16,67
2018-01-14,1,16,70
2018-01-15,1,16,51
2018-01-16,1,16,54
2018-01-17,1,16,57
2018-01-18,1,16,61
2018-01-19,1,16,64
2018-01-20,1,16,67
2018-01-21,1,16,70
2018-01-22,1,16,51
2018-01-23,1,16,54
2018-01-24,1,16,57
2018-01-25,1,16,60
2018-01-26,1,16,63
2018-01-27,1,16,67
2018-01-28,1,16,70
2018-01-29,1,16,51
2018-01-30,1,16,54
2018-01-31,1,16,57
2018-02-01,1,16,62
2018-02-02,1,16,65
2018-02-03,1,16,68
2018-02-04,1,16,71
2018-02-05,1,16,52
2018-02-06,1,16,55
2018-02-07,1,16,58
2018-02-08,1,16,62
2018-02-09,1,16,65
2018-02-10,1,16,68
2018-02-11,1,16,71
2018-02-12,1,16,52
2018-02-13,1,16,55
2018-02-14,1,16,58
2018-02-15,1,16,61
2018-02-16,1,16,65
2018-02-17,1,16,68
2018-02-18,1,16,71
2018-02-19,1,16,52
2018-02-20,1,16,55
2018-02-21,1,16,58
2018-02-22,1,16,61
2018-02-23,1,16,64
2018-02-24,1,16,67
2018-02-25,1,16,71
2018-02-26,1,16,51
2018-02-27,1,16,55
2018-02-28,1,16,58
2018-03-01,1,16,63
2018-03-02,1,16,66
2018-03-03,1,16,69
2018-03-04,1,16,72
2018-03-05,1,16,53
2018-03-06,1,16,56
2018-03-07,1,16,59
2018-03-08,1,16,62
2018-03-09,1,16,66
2018-03-10,1,16,69
2018-03-11,1,16,72
2018-03-12,1,16,53
2018-03-13,1,16,56
2018-03-14,1,16,59
2018-03-15,1,16,62
2018-03-16,1,16,65
2018-03-17,1,16,69
2018-03-18,1,16,72
2018-03-19,1,16,52
2018-03-20,1,16,56
2018-03-21,1,16,59
2018-03-22,1,16,62
2018-03-23,1,16,65
2018-03-24,1,16,68
2018-03-25,1,16,71
2018-03-26,1,16,52
2018-03-27,1,16,55
2018-03-28,1,16,58
2018-03-29,1,16,62
2018-03-30,1,16,65
2018-03-31,1,16,68
2018-01-01,2,16,52
2018-01-02,2,16,55
2018-01-03,2,16,58
2018-01-04,2,16,61
2018-01-05,2,16,64
2018-01-06,2,16,67
2018-01-07,2,16,71
2018-01-08,2,16,51
2018-01-09,2,16,54
2018-01-10,2,16,58
2018-01-11,2,16,61
2018-01-12,2,16,64
2018-01-13,2,16,67
2018-01-14,2,16,70
2018-01-15,2,16,51
2018-01-16,2,16,54
2018-01-17,2,16,57
2018-01-18,2,16,60
2018-01-19,2,16,64
2018-01-20,2,16,67
2018-01-21,2,16,70
2018-01-22,2,16,51
2018-01-23,2,16,54
2018-01-24,2,16,57
2018-01-25,2,16,60
2018-01-26,2,16,63
2018-01-27,2,16,67
2018-01-28,2,16,70
2018-01-29,2,16,50
2018-01-30,2,16,54
2018-01-31,2,16,57
2018-02-01,2,16,62
2018-02-02,2,16,65
2018-02-03,2,16,68
2018-02-04,2,16,71
2018-02-05,2,16,52
2018-02-06,2,16,55
2018-02-07,2,16,58
2018-02-08,2,16,62
2018-02-09,2,16,65
2018-02-10,2,16,68
2018-02-11,2,16,71
2018-02-12,2,16,52
2018-02-13,2,16,55
2018-02-14,2,16,58
2018-02-15,2,16,61
2018-02-16,2,16,64
2018-02-17,2,16,68
2018-02-18,2,16,71
2018-02-19,2,16,52
2018-02-20,2,16,55
2018-02-21,2,16,58
2018-02-22,2,16,61
2018-02-23,2,16,64
2018-02-24,2,16,67
2018-02-25,2,16,71
2018-02-26,2,16,51
2018-02-27,2,16,54
2018-02-28,2,16,58
2018-03-01,2,16,63
2018-03-02,2,16,66
2018-03-03,2,16,69
2018-03-04,2,16,72
2018-03-05,2,16,53
2018-03-06,2,16,56
2018-03-07,2,16,59
2018-03-08,2,16,62
2018-03-09,2,16,66
2018-03-10,2,16,69
2018-03-11,2,16,72
2018-03-12,2,16,53
2018-03-13,2,16,56
2018-03-14,2,16,59
2018-03-15,2,16,62
2018-03-16,2,16,65
2018-03-17,2,16,68
2018-03-18,2,16,72
2018-03-19,2,16,52
2018-03-20,2,16,56
2018-03-21,2,16,59
2018-03-22,2,16,62
2018-03-23,2,16,65
2018-03-24,2,16,68
2018-03-25,2,16,71
2018-03-26,2,16,52
2018-03-27,2,16,55
2018-03-28,2,16,58
2018-03-29,2,16,62
2018-03-30,2,16,65
2018-03-31,2,16,68
2018-01-01,3,16,51
2018-01-02,3,16,55
2018-01-03,3,16,58
2018-01-04,3,16,61
2018-01-05,3,16,64
2018-01-06,3,16,67
2018-01-07,3,16,70
2018-01-08,3,16,51
2018-01-09,3,16,54
2018-01-10,3,16,57
2018-01-11,3,16,61
2018-01-12,3,16,64
2018-01-13,3,16,67
2018-01-14,3,16,70
2018-01-15,3,16,51
2018-01-16,3,16,54
2018-01-17,3,16,57
2018-01-18,3,16,60
2018-01-19,3,16,64
2018-01-20,3,16,67
2018-01-21,3,16,70
2018-01-22,3,16,51
2018-01-23,3,16,54
2018-01-24,3,16,57
2018-01-25,3,16,60
2018-01-26,3,16,63
2018-01-27,3,16,66
2018-01-28,3,16,70
2018-01-29,3,16,50
2018-01-30,3,16,54
2018-01-31,3,16,57
2018-02-01,3,16,62
2018-02-02,3,16,65
2018-02-03,3,16,68
2018-02-04,3,16,71
2018-02-05,3,16,52
2018-02-06,3,16,55
2018-02-07,3,16,58
2018-02-08,3,16,61
2018-02-09,3,16,65
2018-02-10,3,16,68
2018-02-11,3,16,71
2018-02-12,3,16,52
2018-02-13,3,16,55
2018-02-14,3,16,58
2018-02-15,3,16,61
2018-02-16,3,16,64
2018-02-17,3,16,68
2018-02-18,3,16,71
2018-02-19,3,16,51
2018-02-20,3,16,55
2018-02-21,3,16,58
2018-02-22,3,16,61
2018-02-23,3,16,64
2018-02-24,3,16,67
2018-02-25,3,16,70
2018-02-26,3,16,51
2018-02-27,3,16,54
2018-02-28,3,16,58
2018-03-01,3,16,63
2018-03-02,3,16,66
2018-03-03,3,16,69
2018-03-04,3,16,72
2018-03-05,3,16,53
2018-03-06,3,16,56
2018-03-07,3,16,59
2018-03-08,3,16,62
2018-03-09,3,16,65
2018-03-10,3,16,69
2018-03-11,3,16,72
2018-03-12,3,16,53
2018-03-13,3,16,56
2018-03-14,3,16,59
2018-03-15,3,16,62
2018-03-16,3,16,65
2018-03-17,3,16,68
2018-03-18,3,16,72
2018-03-19,3,16,52
2018-03-20,3,16,55
2018-03-21,3,16,59
2018-03-22,3,16,62
2018-03-23,3,16,65
2018-03-24,3,16,68
2018-03-25,3,16,71
2018-03-26,3,16,52
2018-03-27,3,16,55
2018-03-28,3,16,58
2018-03-29,3,16,62
2018-03-30,3,16,65
2018-03-31,3,16,68
2018-01-01,4,16,51
2018-01-02,4,16,55
2018-01-03,4,16,58
2018-01-04,4,16,61
2018-01-05,4,16,64
2018-01-06,4,16,67
2018-01-07,4,16,70
2018-01-08,4,16,51
2018-01-09,4,16,54
2018-01-10,4,16,57
2018-01-11,4,16,61
2018-01-12,4,16,64
2018-01-13,4,16,67
2018-01-14,4,16,70
2018-01-15,4,16,51
2018-01-16,4,16,54
2018-01-17,4,16,57
2018-01-18,4,16,60
2018-01-19,4,16,63
2018-01-20,4,16,67
2018-01-21,4,16,70
2018-01-22,4,16,51
2018-01-23,4,16,54
2018-01-24,4,16,57
2018-01-25,4,16,60
2018-01-26,4,16,63
2018-01-27,4,16,66
2018-01-28,4,16,70
2018-01-29,4,16,50
2018-01-30,4,16,53
2018-01-31,4,16,57
2018-02-01,4,16,62
2018-02-02,4,16,65
2018-02-03,4,16,68
2018-02-04,4,16,71
2018-02-05,4,16,52
2018-02-06,4,16,55
2018-02-07,4,16,58
2018-02-08,4,16,61
2018-02-09,4,16,65
2018-02-10,4,16,68
2018-02-11,4,16,71
2018-02-12,4,16,52
2018-02-13,4,16,55
2018-02-14,4,16,58
2018-02-15,4,16,61
2018-02-16,4,16,64
2018-02-17,4,16,67
2018-02-18,4,16,71
2018-02-19,4,16,51
2018-02-20,4,16,55
2018-02-21,4,16,58
2018-02-22,4,16,61
2018-02-23,4,16,64
2018-02-24,4,16,67
2018-02-25,4,16,70
2018-02-26,4,16,51
2018-02-27,4,16,54
2018-02-28,4,16,57
2018-03-01,4,16,63
2018-03-02,4,16,66
2018-03-03,4,16,69
2018-03-04,4,16,72
2018-03-05,4,16,53
2018-03-06,4,16,56
2018-03-07,4,16,59
2018-03-08,4,16,62
2018-03-09,4,16,65
2018-03-10,4,16,69
2018-03-11,4,16,72
2018-03-12,4,16,52
2018-03-13,4,16,56
2018-03-14,4,16,59
2018-03-15,4,16,62
2018-03-16,4,16,65
2018-03-17,4,16,68
2018-03-18,4,16,71
2018-03-19,4,16,52
2018-03-20,4,16,55
2018-03-21,4,16,59
2018-03-22,4,16,62
2018-03-23,4,16,65
2018-03-24,4,16,68
2018-03-25,4,16,71
2018-03-26,4,16,52
2018-03-27,4,16,55
2018-03-28,4,16,58
2018-03-29,4,16,61
2018-03-30,4,16,65
2018-03-31,4,16,68
2018-01-01,5,16,51
2018-01-02,5,16,54
2018-01-03,5,16,58
2018-01-04,5,16,61
2018-01-05,5,16,64
2018-01-06,5,16,67
2018-01-07,5,16,70
2018-01-08,5,16,51
2018-01-09,5,16,54
2018-01-10,5,16,57
2018-01-11,5,16,61
2018-01-12,5,16,64
2018-01-13,5,16,67
2018-01-14,5,16,70
2018-01-15,5,16,51
2018-01-16,5,16,54
2018-01-17,5,16,57
2018-01-18,5,16,60
2018-01-19,5,16,63
2018-01-20,5,16,67
2018-01-21,5,16,70
2018-01-22,5,16,50
2018-01-23,5,16,54
2018-01-24,5,16,57
2018-01-25,5,16,60
2018-01-26,5,16,63
2018-01-27,5,16,66
2018-01-28,5,16,69
2018-01-29,5,16,50
2018-01-30,5,16,53
2018-01-31,5,16,57
2018-02-01,5,16,62
2018-02-02,5,16,65
2018-02-03,5,16,68
2018-02-04,5,16,71
2018-02-05,5,16,52
2018-02-06,5,16,55
2018-02-07,5,16,58
2018-02-08,5,16,61
2018-02-09,5,16,65
2018-02-10,5,16,68
2018-02-11,5,16,71
2018-02-12,5,16,52
2018-02-13,5,16,55
2018-02-14,5,16,58
2018-02-15,5,16,61
2018-02-16,5,16,64
2018-02-17,5,16,67
2018-02-18,5,16,71
2018-02-19,5,16,51
2018-02-20,5,16,54
2018-02-21,5,16,58
2018-02-22,5,16,61
2018-02-23,5,16,64
2018-02-24,5,16,67
2018-02-25,5,16,70
2018-02-26,5,16,51
2018-02-27,5,16,54
2018-02-28,5,16,57
2018-03-01,5,16,62
2018-03-02,5,16,66
2018-03-03,5,16,69
2018-03-04,5,16,72
2018-03-05,5,16,53
2018-03-06,5,16,56
2018-03-07,5,16,59
2018-03-08,5,16,62
2018-03-09,5,16,65
2018-03-10,5,16,69
2018-03-11,5,16,72
2018-03-12,5,16,52
2018-03-13,5,16,56
2018-03-14,5,16,59
2018-03-15,5,16,62
2018-03-16,5,16,65
2018-03-17,5,16,68
2018-03-18,5,16,71
2018-03-19,5,16,52
2018-03-20,5,16,55
2018-03-21,5,16,58
2018-03-22,5,16,62
2018-03-23,5,16,65
2018-03-24,5,16,68
2018-03-25,5,16,71
2018-03-26,5,16,52
2018-03-27,5,16,55
2018-03-28,5,16,58
2018-03-29,5,16,61
2018-03-30,5,16,65
2018-03-31,5,16,68
2018-01-01,6,16,51
2018-01-02,6,16,54
2018-01-03,6,16,58
2018-01-04,6,16,61
2018-01-05,6,16,64
2018-01-06,6,16,67
2018-01-07,6,16,70
2018-01-08,6,16,51
2018-01-09,6,16,54
2018-01-10,6,16,57
2018-01-11,6,16,60
2018-01-12,6,16,64
2018-01-13,6,16,67
2018-01-14,6,16,70
2018-01-15,6,16,51
2018-01-16,6,16,54
2018-01-17,6,16,57
2018-01-18,6,16,60
2018-01-19,6,16,63
2018-01-20,6,16,66
2018-01-21,6,16,70
2018-01-22,6,16,50
2018-01-23,6,16,54
2018-01-24,6,16,57
2018-01-25,6,16,60
2018-01-26,6,16,63
2018-01-27,6,16,66
2018-01-28,6,16,69
2018-01-29,6,16,50
2018-01-30,6,16,53
2018-01-31,6,16,56
2018-02-01,6,16,62
2018-02-02,6,16,65
2018-02-03,6,16,68
2018-02-04,6,16,71
2018-02-05,6,16,52
2018-02-06,6,16,55
2018-02-07,6,16,58
2018-02-08,6,16,61
2018-02-09,6,16,64
2018-02-10,6,16,68
2018-02-11,6,16,71
2018-02-12,6,16,51
2018-02-13,6,16,55
2018-02-14,6,16,58
2018-02-15,6,16,61
2018-02-16,6,16,64
2018-02-17,6,16,67
2018-02-18,6,16,70
2018-02-19,6,16,51
2018-02-20,6,16,54
2018-02-21,6,16,58
2018-02-22,6,16,61
2018-02-23,6,16,64
2018-02-24,6,16,67
2018-02-25,6,16,70
2018-02-26,6,16,51
2018-02-27,6,16,54
2018-02-28,6,16,57
2018-03-01,6,16,62
2018-03-02,6,16,66
2018-03-03,6,16,69
2018-03-04,6,16,72
2018-03-05,6,16,53
2018-03-06,6,16,56
2018-03-07,6,16,59
2018-03-08,6,16,62
2018-03-09,6,16,65
2018-03-10,6,16,68
2018-03-11,6,16,72
2018-03-12,6,16,52
2018-03-13,6,16,55
2018-03-14,6,16,59
2018-03-15,6,16,62
2018-03-16,6,16,65
2018-03-17,6,16,68
2018-03-18,6,16,71
2018-03-19,6,16,52
2018-03-20,6,16,55
2018-03-21,6,16,58
2018-03-22,6,16,62
2018-03-23,6,16,65
2018-03-24,6,16,68
2018-03-25,6,16,71
2018-03-26,6,16,52
2018-03-27,6,16,55
2018-03-28,6,16,58
2018-03-29,6,16,61
2018-03-30,6,16,64
2018-03-31,6,16,68
2018-01-01,7,16,51
2018-01-02,7,16,54
2018-01-03,7,16,57
2018-01-04,7,16,61
2018-01-05,7,16,64
2018-01-06,7,16,67
2018-01-07,7,16,70
2018-01-08,7,16,51
2018-01-09,7,16,54
2018-01-10,7,16,57
2018-01-11,7,16,60
2018-01-12,7,16,64
2018-01-13,7,16,67
2018-01-14,7,16,70
2018-01-15,7,16,51
2018-01-16,7,16,54
2018-01-17,7,16,57
2018-01-18,7,16,60
2018-01-19,7,16,63
2018-01-20,7,16,66
2018-01-21,7,16,70
2018-01-22,7,16,50
2018-01-23,7,16,53
2018-01-24,7,16,57
2018-01-25,7,16,60
2018-01-26,7,16,63
2018-01-27,7,16,66
2018-01-28,7,16,69
2018-01-29,7,16,50
2018-01-30,7,16,53
2018-01-31,7,16,56
2018-02-01,7,16,61
2018-02-02,7,16,65
2018-02-03,7,16,68
2018-02-04,7,16,71
2018-02-05,7,16,52
2018-02-06,7,16,55
2018-02-07,7,16,58
2018-02-08,7,16,61
2018-02-09,7,16,64
2018-02-10,7,16,68
2018-02-11,7,16,71
2018-02-12,7,16,51
2018-02-13,7,16,55
2018-02-14,7,16,58
2018-02-15,7,16,61
2018-02-16,7,16,64
2018-02-17,7,16,67
2018-02-18,7,16,70
2018-02-19,7,16,51
2018-02-20,7,16,54
2018-02-21,7,16,57
2018-02-22,7,16,61
2018-02-23,7,16,64
2018-02-24,7,16,67
2018-02-25,7,16,70
2018-02-26,7,16,51
2018-02-27,7,16,54
2018-02-28,7,16,57
2018-03-01,7,16,62
2018-03-02,7,16,65
2018-03-03,7,16,69
2018-03-04,7,16,72
2018-03-05,7,16,53
2018-03-06,7,16,56
2018-03-07,7,16,59
2018-03-08,7,16,62
2018-03-09,7,16,65
2018-03-10,7,16,68
2018-03-11,7,16,72
2018-03-12,7,16,52
2018-03-13,7,16,55
2018-03-14,7,16,59
2018-03-15,7,16,62
2018-03-16,7,16,65
2018-03-17,7,16,68
2018-03-18,7,16,71
2018-03-19,7,16,52
2018-03-20,7,16,55
2018-03-21,7,16,58
2018-03-22,7,16,61
2018-03-23,7,16,65
2018-03-24,7,16,68
2018-03-25,7,16,71
2018-03-26,7,16,52
2018-03-27,7,16,55
2018-03-28,7,16,58
2018-03-29,7,16,61
2018-03-30,7,16,64
2018-03-31,7,16,68
2018-01-01,8,16,51
2018-01-02,8,16,54
2018-01-03,8,16,57
2018-01-04,8,16,61
2018-01-05,8,16,64
2018-01-06,8,16,67
2018-01-07,8,16,70
2018-01-08,8,16,51
2018-01-09,8,16,54
2018-01-10,8,16,57
2018-01-11,8,16,60
2018-01-12,8,16,63
2018-01-13,8,16,67
2018-01-14,8,16,70
2018-01-15,8,16,51
2018-01-16,8,16,54
2018-01-17,8,16,57
2018-01-18,8,16,60
2018-01-19,8,16,63
2018-01-20,8,16,66
2018-01-21,8,16,70
2018-01-22,8,16,50
2018-01-23,8,16,53
2018-01-24,8,16,57
2018-01-25,8,16,60
2018-01-26,8,16,63
2018-01-27,8,16,66
2018-01-28,8,16,69
2018-01-29,8,16,50
2018-01-30,8,16,53
2018-01-31,8,16,56
2018-02-01,8,16,61
2018-02-02,8,16,65
2018-02-03,8,16,68
2018-02-04,8,16,71
2018-02-05,8,16,52
2018-02-06,8,16,55
2018-02-07,8,16,58
2018-02-08,8,16,61
2018-02-09,8,16,64
2018-02-10,8,16,67
2018-02-11,8,16,71
2018-02-12,8,16,51
2018-02-13,8,16,55
2018-02-14,8,16,58
2018-02-15,8,16,61
2018-02-16,8,16,64
2018-02-17,8,16,67
2018-02-18,8,16,70
2018-02-19,8,16,51
2018-02-20,8,16,54
2018-02-21,8,16,57
2018-02-22,8,16,61
2018-02-23,8,16,64
2018-02-24,8,16,67
2018-02-25,8,16,70
2018-02-26,8,16,51
2018-02-27,8,16,54
2018-02-28,8,16,57
2018-03-01,8,16,62
2018-03-02,8,16,65
2018-03-03,8,16,69
2018-03-04,8,16,72
2018-03-05,8,16,52
2018-03-06,8,16,56
2018-03-07,8,16,59
2018-03-08,8,16,62
2018-03-09,8,16,65
2018-03-10,8,16,68
2018-03-11,8,16,71
2018-03-12,8,16,52
2018-03-13,8,16,55
2018-03-14,8,16,58
2018-03-15,8,16,62
2018-03-16,8,16,65
2018-03-17,8,16,68
2018-03-18,8,16,71
2018-03-19,8,16,52
2018-03-20,8,16,55
2018-03-21,8,16,58
2018-03-22,8,16,61
2018-03-23,8,16,65
2018-03-24,8,16,68
2018-03-25,8,16,71
2018-03-26,8,16,52
2018-03-27,8,16,55
2018-03-28,8,16,58
2018-03-29,8,16,61
2018-03-30,8,16,64
2018-03-31,8,16,67
2018-01-01,9,16,51
2018-01-02,9,16,54
2018-01-03,9,16,57
2018-01-04,9,16,60
2018-01-05,9,16,64
2018-01-06,9,16,67
2018-01-07,9,16,70
2018-01-08,9,16,51
2018-01-09,9,16,54
2018-01-10,9,16,57
2018-01-11,9,16,60
2018-01-12,9,16,63
2018-01-13,9,16,67
2018-01-14,9,16,70
2018-01-15,9,16,50
2018-01-16,9,16,54
2018-01-17,9,16,57
2018-01-18,9,16,60
2018-01-19,9,16,63
2018-01-20,9,16,66
2018-01-21,9,16,69
2018-01-22,9,16,50
2018-01-23,9,16,53
2018-01-24,9,16,56
2018-01-25,9,16,60
2018-01-26,9,16,63
2018-01-27,9,16,66
2018-01-28,9,16,69
2018-01-29,9,16,50
2018-01-30,9,16,53
2018-01-31,9,16,56
2018-02-01,9,16,61
2018-02-02,9,16,64
2018-02-03,9,16,68
2018-02-04,9,16,71
2018-02-05,9,16,52
2018-02-06,9,16,55
2018-02-07,9,16,58
2018-02-08,9,16,61
2018-02-09,9,16,64
2018-02-10,9,16,67
2018-02-11,9,16,71
2018-02-12,9,16,51
2018-02-13,9,16,54
2018-02-14,9,16,58
2018-02-15,9,16,61
2018-02-16,9,16,64
2018-02-17,9,16,67
2018-02-18,9,16,70
2018-02-19,9,16,51
2018-02-20,9,16,54
2018-02-21,9,16,57
2018-02-22,9,16,60
2018-02-23,9,16,64
2018-02-24,9,16,67
2018-02-25,9,16,70
2018-02-26,9,16,51
2018-02-27,9,16,54
2018-02-28,9,16,57
2018-03-01,9,16,62
2018-03-02,9,16,65
2018-03-03,9,16,68
2018-03-04,9,16,72
2018-03-05,9,16,52
2018-03-06,9,16,56
2018-03-07,9,16,59
2018-03-08,9,16,62
2018-03-09,9,16,65
2018-03-10,9,16,68
2018-03-11,9,16,71
2018-03-12,9,16,52
2018-03-13,9,16,55
2018-03-14,9,16,58
2018-03-15,9,16,62
2018-03-16,9,16,65
2018-03-17,9,16,68
2018-03-18,9,16,71
2018-03-19,9,16,52
2018-03-20,9,16,55
2018-03-21,9,16,58
2018-03-22,9,16,61
2018-03-23,9,16,64
2018-03-24,9,16,68
2018-03-25,9,16,71
2018-03-26,9,16,52
2018-03-27,9,16,55
2018-03-28,9,16,58
2018-03-29,9,16,61
2018-03-30,9,16,64
2018-03-31,9,16,67
2018-01-01,10,16,51
2018-01-02,10,16,54
2018-01-03,10,16,57
2018-01-04,10,16,60
2018-01-05,10,16,64
2018-01-06,10,16,67
2018-01-07,10,16,70
2018-01-08,10,16,51
2018-01-09,10,16,54
2018-01-10,10,16,57
2018-01-11,10,16,60
2018-01-12,10,16,63
2018-01-13,10,16,66
2018-01-14,10,16,70
2018-01-15,10,16,50
2018-01-16,10,16,54
2018-01-17,10,16,57
2018-01-18,10,16,60
2018-01-19,10,16,63
2018-01-20,10,16,66
2018-01-21,10,16,69
2018-01-22,10,16,50
2018-01-23,10,16,53
2018-01-24,10,16,56
2018-01-25,10,16,60
2018-01-26,10,16,63
2018-01-27,10,16,66
2018-01-28,10,16,69
2018-01-29,10,16,50
2018-01-30,10,16,53
2018-01-31,10,16,56
2018-02-01,10,16,61
2018-02-02,10,16,64
2018-02-03,10,16,68
2018-02-04,10,16,71
2018-02-05,10,16,51
2018-02-06,10,16,55
2018-02-07,10,16,58
2018-02-08,10,16,61
2018-02-09,10,16,64
2018-02-10,10,16,67
2018-02-11,10,16,70
2018-02-12,10,16,51
2018-02-13,10,16,54
2018-02-14,10,16,58
2018-02-15,10,16,61
2018-02-16,10,16,64
2018-02-17,10,16,67
2018-02-18,10,16,70
2018-02-19,10,16,51
2018-02-20,10,16,54
2018-02-21,10,16,57
2018-02-22,10,16,60
2018-02-23,10,16,64
2018-02-24,10,16,67
2018-02-25,10,16,70
2018-02-26,10,16,51
2018-02-27,10,16,54
2018-02-28,10,16,57
2018-03-01,10,16,62
2018-03-02,10,16,65
2018-03-03,10,16,68
2018-03-04,10,16,72
2018-03-05,10,16,52
2018-03-06,10,16,55
2018-03-07,10,16,59
2018-03-08,10,16,62
2018-03-09,10,16,65
2018-03-10,10,16,68
2018-03-11,10,16,71
2018-03-12,10,16,52
2018-03-13,10,16,55
2018-03-14,10,16,58
2018-03-15,10,16,62
2018-03-16,10,16,65
2018-03-17,10,16,68
2018-03-18,10,16,71
2018-03-19,10,16,52
2018-03-20,10,16,55
2018-03-21,10,16,58
2018-03-22,10,16,61
2018-03-23,10,16,64
2018-03-24,10,16,68
2018-03-25,10,16,71
2018-03-26,10,16,51
2018-03-27,10,16,55
2018-03-28,10,16,58
2018-03-29,10,16,61
2018-03-30,10,16,64
2018-03-31,10,16,67
2018-01-01,1,17,51
2018-01-02,1,17,55
2018-01-03,1,17,58
2018-01-04,1,17,61
2018-01-05,1,17,64
2018-01-06,1,17,67
2018-01-07,1,17,70
2018-01-08,1,17,51
2018-01-09,1,17,54
2018-01-10,1,17,58
2018-01-11,1,17,61
2018-01-12,1,17,64
2018-01-13,1,17,67
2018-01-14,1,17,70
2018-01-15,1,17,51
2018-01-16,1,17,54
2018-01-17,1,17,57
2018-01-18,1,17,60
2018-01-19,1,17,64
2018-01-20,1,17,67
2018-01-21,1,17,70
2018-01-22,1,17,51
2018-01-23,1,17,54
2018-01-24,1,17,57
2018-01-25,1,17,60
2018-01-26,1,17,63
2018-01-27,1,17,66
2018-01-28,1,17,70
2018-01-29,1,17,50
2018-01-30,1,17,54
2018-01-31,1,17,57
2018-02-01,1,17,62
2018-02-02,1,17,65
2018-02-03,1,17,68
2018-02-04,1,17,71
2018-02-05,1,17,52
2018-02-06,1,17,55
2018-02-07,1,17,58
2018-02-08,1,17,62
2018-02-09,1,17,65
2018-02-10,1,17,68
2018-02-11,1,17,71
2018-02-12,1,17,52
2018-02-13,1,17,55
2018-02-14,1,17,58
2018-02-15,1,17,61
2018-02-16,1,17,64
2018-02-17,1,17,68
2018-02-18,1,17,71
2018-02-19,1,17,51
2018-02-20,1,17,55
2018-02-21,1,17,58
2018-02-22,1,17,61
2018-02-23,1,17,64
2018-02-24,1,17,67
2018-02-25,1,17,70
2018-02-26,1,17,51
2018-02-27,1,17,54
2018-02-28,1,17,58
2018-03-01,1,17,63
2018-03-02,1,17,66
2018-03-03,1,17,69
2018-03-04,1,17,72
2018-03-05,1,17,53
2018-03-06,1,17,56
2018-03-07,1,17,59
2018-03-08,1,17,62
2018-03-09,1,17,66
2018-03-10,1,17,69
2018-03-11,1,17,72
2018-03-12,1,17,53
2018-03-13,1,17,56
2018-03-14,1,17,59
2018-03-15,1,17,62
2018-03-16,1,17,65
2018-03-17,1,17,68
2018-03-18,1,17,72
2018-03-19,1,17,52
2018-03-20,1,17,55
2018-03-21,1,17,59
2018-03-22,1,17,62
2018-03-23,1,17,65
2018-03-24,1,17,68
2018-03-25,1,17,71
2018-03-26,1,17,52
2018-03-27,1,17,55
2018-03-28,1,17,58
2018-03-29,1,17,62
2018-03-30,1,17,65
2018-03-31,1,17,68
2018-01-01,2,17,51
2018-01-02,2,17,55
2018-01-03,2,17,58
2018-01-04,2,17,61
2018-01-05,2,17,64
2018-01-06,2,17,67
2018-01-07,2,17,70
2018-01-08,2,17,51
2018-01-09,2,17,54
2018-01-10,2,17,57
2018-01-11,2,17,61
2018-01-12,2,17,64
2018-01-13,2,17,67
2018-01-14,2,17,70
2018-01-15,2,17,51
2018-01-16,2,17,54
2018-01-17,2,17,57
2018-01-18,2,17,60
2018-01-19,2,17,64
2018-01-20,2,17,67
2018-01-21,2,17,70
2018-01-22,2,17,51
2018-01-23,2,17,54
2018-01-24,2,17,57
2018-01-25,2,17,60
2018-01-26,2,17,63
2018-01-27,2,17,66
2018-01-28,2,17,70
2018-01-29,2,17,50
2018-01-30,2,17,53
2018-01-31,2,17,57
2018-02-01,2,17,62
2018-02-02,2,17,65
2018-02-03,2,17,68
2018-02-04,2,17,71
2018-02-05,2,17,52
2018-02-06,2,17,55
2018-02-07,2,17,58
2018-02-08,2,17,61
2018-02-09,2,17,65
2018-02-10,2,17,68
2018-02-11,2,17,71
2018-02-12,2,17,52
2018-02-13,2,17,55
2018-02-14,2,17,58
2018-02-15,2,17,61
2018-02-16,2,17,64
2018-02-17,2,17,68
2018-02-18,2,17,71
2018-02-19,2,17,51
2018-02-20,2,17,55
2018-02-21,2,17,58
2018-02-22,2,17,61
2018-02-23,2,17,64
2018-02-24,2,17,67
2018-02-25,2,17,70
2018-02-26,2,17,51
2018-02-27,2,17,54
2018-02-28,2,17,57
2018-03-01,2,17,63
2018-03-02,2,17,66
2018-03-03,2,17,69
2018-03-04,2,17,72
2018-03-05,2,17,53
2018-03-06,2,17,56
2018-03-07,2,17,59
2018-03-08,2,17,62
2018-03-09,2,17,65
2018-03-10,2,17,69
2018-03-11,2,17,72
2018-03-12,2,17,53
2018-03-13,2,17,56
2018-03-14,2,17,59
2018-03-15,2,17,62
2018-03-16,2,17,65
2018-03-17,2,17,68
2018-03-18,2,17,72
2018-03-19,2,17,52
2018-03-20,2,17,55
2018-03-21,2,17,59
2018-03-22,2,17,62
2018-03-23,2,17,65
2018-03-24,2,17,68
2018-03-25,2,17,71
2018-03-26,2,17,52
2018-03-27,2,17,55
2018-03-28,2,17,58
2018-03-29,2,17,61
2018-03-30,2,17,65
2018-03-31,2,17,68
2018-01-01,3,17,51
2018-01-02,3,17,54
2018-01-03,3,17,58
2018-01-04,3,17,61
2018-01-05,3,17,64
2018-01-06,3,17,67
2018-01-07,3,17,70
2018-01-08,3,17,51
2018-01-09,3,17,54
2018-01-10,3,17,57
2018-01-11,3,17,61
2018-01-12,3,17,64
2018-01-13,3,17,67
2018-01-14,3,17,70
2018-01-15,3,17,51
2018-01-16,3,17,54
2018-01-17,3,17,57
2018-01-18,3,17,60
2018-01-19,3,17,63
2018-01-20,3,17,67
2018-01-21,3,17,70
2018-01-22,3,17,51
2018-01-23,3,17,54
2018-01-24,3,17,57
2018-01-25,3,17,60
2018-01-26,3,17,63
2018-01-27,3,17,66
2018-01-28,3,17,70
2018-01-29,3,17,50
2018-01-30,3,17,53
2018-01-31,3,17,57
2018-02-01,3,17,62
2018-02-02,3,17,65
2018-02-03,3,17,68
2018-02-04,3,17,71
2018-02-05,3,17,52
2018-02-06,3,17,55
2018-02-07,3,17,58
2018-02-08,3,17,61
2018-02-09,3,17,65
2018-02-10,3,17,68
2018-02-11,3,17,71
2018-02-12,3,17,52
2018-02-13,3,17,55
2018-02-14,3,17,58
2018-02-15,3,17,61
2018-02-16,3,17,64
2018-02-17,3,17,67
2018-02-18,3,17,71
2018-02-19,3,17,51
2018-02-20,3,17,55
2018-02-21,3,17,58
2018-02-22,3,17,61
2018-02-23,3,17,64
2018-02-24,3,17,67
2018-02-25,3,17,70
2018-02-26,3,17,51
2018-02-27,3,17,54
2018-02-28,3,17,57
2018-03-01,3,17,62
2018-03-02,3,17,66
2018-03-03,3,17,69
2018-03-04,3,17,72
2018-03-05,3,17,53
2018-03-06,3,17,56
2018-03-07,3,17,59
2018-03-08,3,17,62
2018-03-09,3,17,65
2018-03-10,3,17,69
2018-03-11,3,17,72
2018-03-12,3,17,52
2018-03-13,3,17,56
2018-03-14,3,17,59
2018-03-15,3,17,62
2018-03-16,3,17,65
2018-03-17,3,17,68
2018-03-18,3,17,71
2018-03-19,3,17,52
2018-03-20,3,17,55
2018-03-21,3,17,59
2018-03-22,3,17,62
2018-03-23,3,17,65
2018-03-24,3,17,68
2018-03-25,3,17,71
2018-03-26,3,17,52
2018-03-27,3,17,55
2018-03-28,3,17,58
2018-03-29,3,17,61
2018-03-30,3,17,65
2018-03-31,3,17,68
2018-01-01,4,17,51
2018-01-02,4,17,54
2018-01-03,4,17,58
2018-01-04,4,17,61
2018-01-05,4,17,64
2018-01-06,4,17,67
2018-01-07,4,17,70
2018-01-08,4,17,51
2018-01-09,4,17,54
2018-01-10,4,17,57
2018-01-11,4,17,60
2018-01-12,4,17,64
2018-01-13,4,17,67
2018-01-14,4,17,70
2018-01-15,4,17,51
2018-01-16,4,17,54
2018-01-17,4,17,57
2018-01-18,4,17,60
2018-01-19,4,17,63
2018-01-20,4,17,67
2018-01-21,4,17,70
2018-01-22,4,17,50
2018-01-23,4,17,54
2018-01-24,4,17,57
2018-01-25,4,17,60
2018-01-26,4,17,63
2018-01-27,4,17,66
2018-01-28,4,17,69
2018-01-29,4,17,50
2018-01-30,4,17,53
2018-01-31,4,17,56
2018-02-01,4,17,62
2018-02-02,4,17,65
2018-02-03,4,17,68
2018-02-04,4,17,71
2018-02-05,4,17,52
2018-02-06,4,17,55
2018-02-07,4,17,58
2018-02-08,4,17,61
2018-02-09,4,17,64
2018-02-10,4,17,68
2018-02-11,4,17,71
2018-02-12,4,17,52
2018-02-13,4,17,55
2018-02-14,4,17,58
2018-02-15,4,17,61
2018-02-16,4,17,64
2018-02-17,4,17,67
2018-02-18,4,17,71
2018-02-19,4,17,51
2018-02-20,4,17,54
2018-02-21,4,17,58
2018-02-22,4,17,61
2018-02-23,4,17,64
2018-02-24,4,17,67
2018-02-25,4,17,70
2018-02-26,4,17,51
2018-02-27,4,17,54
2018-02-28,4,17,57
2018-03-01,4,17,62
2018-03-02,4,17,66
2018-03-03,4,17,69
2018-03-04,4,17,72
2018-03-05,4,17,53
2018-03-06,4,17,56
2018-03-07,4,17,59
2018-03-08,4,17,62
2018-03-09,4,17,65
2018-03-10,4,17,68
2018-03-11,4,17,72
2018-03-12,4,17,52
2018-03-13,4,17,56
2018-03-14,4,17,59
2018-03-15,4,17,62
2018-03-16,4,17,65
2018-03-17,4,17,68
2018-03-18,4,17,71
2018-03-19,4,17,52
2018-03-20,4,17,55
2018-03-21,4,17,58
2018-03-22,4,17,62
2018-03-23,4,17,65
2018-03-24,4,17,68
2018-03-25,4,17,71
2018-03-26,4,17,52
2018-03-27,4,17,55
2018-03-28,4,17,58
2018-03-29,4,17,61
2018-03-30,4,17,64
2018-03-31,4,17,68
2018-01-01,5,17,51
2018-01-02,5,17,54
2018-01-03,5,17,58
2018-01-04,5,17,61
2018-01-05,5,17,64
2018-01-06,5,17,67
2018-01-07,5,17,70
2018-01-08,5,17,51
2018-01-09,5,17,54
2018-01-10,5,17,57
2018-01-11,5,17,60
2018-01-12,5,17,64
2018-01-13,5,17,67
2018-01-14,5,17,70
2018-01-15,5,17,51
2018-01-16,5,17,54
2018-01-17,5,17,57
2018-01-18,5,17,60
2018-01-19,5,17,63
2018-01-20,5,17,66
2018-01-21,5,17,70
2018-01-22,5,17,50
2018-01-23,5,17,54
2018-01-24,5,17,57
2018-01-25,5,17,60
2018-01-26,5,17,63
2018-01-27,5,17,66
2018-01-28,5,17,69
2018-01-29,5,17,50
2018-01-30,5,17,53
2018-01-31,5,17,56
2018-02-01,5,17,61
2018-02-02,5,17,65
2018-02-03,5,17,68
2018-02-04,5,17,71
2018-02-05,5,17,52
2018-02-06,5,17,55
2018-02-07,5,17,58
2018-02-08,5,17,61
2018-02-09,5,17,64
2018-02-10,5,17,68
2018-02-11,5,17,71
2018-02-12,5,17,51
2018-02-13,5,17,55
2018-02-14,5,17,58
2018-02-15,5,17,61
2018-02-16,5,17,64
2018-02-17,5,17,67
2018-02-18,5,17,70
2018-02-19,5,17,51
2018-02-20,5,17,54
2018-02-21,5,17,58
2018-02-22,5,17,61
2018-02-23,5,17,64
2018-02-24,5,17,67
2018-02-25,5,17,70
2018-02-26,5,17,51
2018-02-27,5,17,54
2018-02-28,5,17,57
2018-03-01,5,17,62
2018-03-02,5,17,65
2018-03-03,5,17,69
2018-03-04,5,17,72
2018-03-05,5,17,53
2018-03-06,5,17,56
2018-03-07,5,17,59
2018-03-08,5,17,62
2018-03-09,5,17,65
2018-03-10,5,17,68
2018-03-11,5,17,72
2018-03-12,5,17,52
2018-03-13,5,17,55
2018-03-14,5,17,59
2018-03-15,5,17,62
2018-03-16,5,17,65
2018-03-17,5,17,68
2018-03-18,5,17,71
2018-03-19,5,17,52
2018-03-20,5,17,55
2018-03-21,5,17,58
2018-03-22,5,17,62
2018-03-23,5,17,65
2018-03-24,5,17,68
2018-03-25,5,17,71
2018-03-26,5,17,52
2018-03-27,5,17,55
2018-03-28,5,17,58
2018-03-29,5,17,61
2018-03-30,5,17,64
2018-03-31,5,17,68
2018-01-01,6,17,51
2018-01-02,6,17,54
2018-01-03,6,17,57
2018-01-04,6,17,61
2018-01-05,6,17,64
2018-01-06,6,17,67
2018-01-07,6,17,70
2018-01-08,6,17,51
2018-01-09,6,17,54
2018-01-10,6,17,57
2018-01-11,6,17,60
2018-01-12,6,17,63
2018-01-13,6,17,67
2018-01-14,6,17,70
2018-01-15,6,17,51
2018-01-16,6,17,54
2018-01-17,6,17,57
2018-01-18,6,17,60
2018-01-19,6,17,63
2018-01-20,6,17,66
2018-01-21,6,17,70
2018-01-22,6,17,50
2018-01-23,6,17,53
2018-01-24,6,17,57
2018-01-25,6,17,60
2018-01-26,6,17,63
2018-01-27,6,17,66
2018-01-28,6,17,69
2018-01-29,6,17,50
2018-01-30,6,17,53
2018-01-31,6,17,56
2018-02-01,6,17,61
2018-02-02,6,17,65
2018-02-03,6,17,68
2018-02-04,6,17,71
2018-02-05,6,17,52
2018-02-06,6,17,55
2018-02-07,6,17,58
2018-02-08,6,17,61
2018-02-09,6,17,64
2018-02-10,6,17,67
2018-02-11,6,17,71
2018-02-12,6,17,51
2018-02-13,6,17,55
2018-02-14,6,17,58
2018-02-15,6,17,61
2018-02-16,6,17,64
2018-02-17,6,17,67
2018-02-18,6,17,70
2018-02-19,6,17,51
2018-02-20,6,17,54
2018-02-21,6,17,57
2018-02-22,6,17,61
2018-02-23,6,17,64
2018-02-24,6,17,67
2018-02-25,6,17,70
2018-02-26,6,17,51
2018-02-27,6,17,54
2018-02-28,6,17,57
2018-03-01,6,17,62
2018-03-02,6,17,65
2018-03-03,6,17,69
2018-03-04,6,17,72
2018-03-05,6,17,52
2018-03-06,6,17,56
2018-03-07,6,17,59
2018-03-08,6,17,62
2018-03-09,6,17,65
2018-03-10,6,17,68
2018-03-11,6,17,71
2018-03-12,6,17,52
2018-03-13,6,17,55
2018-03-14,6,17,59
2018-03-15,6,17,62
2018-03-16,6,17,65
2018-03-17,6,17,68
2018-03-18,6,17,71
2018-03-19,6,17,52
2018-03-20,6,17,55
2018-03-21,6,17,58
2018-03-22,6,17,61
2018-03-23,6,17,65
2018-03-24,6,17,68
2018-03-25,6,17,71
2018-03-26,6,17,52
2018-03-27,6,17,55
2018-03-28,6,17,58
2018-03-29,6,17,61
2018-03-30,6,17,64
2018-03-31,6,17,68
2018-01-01,7,17,51
2018-01-02,7,17,54
2018-01-03,7,17,57
2018-01-04,7,17,61
2018-01-05,7,17,64
2018-01-06,7,17,67
2018-01-07,7,17,70
2018-01-08,7,17,51
2018-01-09,7,17,54
2018-01-10,7,17,57
2018-01-11,7,17,60
2018-01-12,7,17,63
2018-01-13,7,17,67
2018-01-14,7,17,70
2018-01-15,7,17,50
2018-01-16,7,17,54
2018-01-17,7,17,57
2018-01-18,7,17,60
2018-01-19,7,17,63
2018-01-20,7,17,66
2018-01-21,7,17,69
2018-01-22,7,17,50
2018-01-23,7,17,53
2018-01-24,7,17,57
2018-01-25,7,17,60
2018-01-26,7,17,63
2018-01-27,7,17,66
2018-01-28,7,17,69
2018-01-29,7,17,50
2018-01-30,7,17,53
2018-01-31,7,17,56
2018-02-01,7,17,61
2018-02-02,7,17,65
2018-02-03,7,17,68
2018-02-04,7,17,71
2018-02-05,7,17,52
2018-02-06,7,17,55
2018-02-07,7,17,58
2018-02-08,7,17,61
2018-02-09,7,17,64
2018-02-10,7,17,67
2018-02-11,7,17,71
2018-02-12,7,17,51
2018-02-13,7,17,54
2018-02-14,7,17,58
2018-02-15,7,17,61
2018-02-16,7,17,64
2018-02-17,7,17,67
2018-02-18,7,17,70
2018-02-19,7,17,51
2018-02-20,7,17,54
2018-02-21,7,17,57
2018-02-22,7,17,61
2018-02-23,7,17,64
2018-02-24,7,17,67
2018-02-25,7,17,70
2018-02-26,7,17,51
2018-02-27,7,17,54
2018-02-28,7,17,57
2018-03-01,7,17,62
2018-03-02,7,17,65
2018-03-03,7,17,69
2018-03-04,7,17,72
2018-03-05,7,17,52
2018-03-06,7,17,56
2018-03-07,7,17,59
2018-03-08,7,17,62
2018-03-09,7,17,65
2018-03-10,7,17,68
2018-03-11,7,17,71
2018-03-12,7,17,52
2018-03-13,7,17,55
2018-03-14,7,17,58
2018-03-15,7,17,62
2018-03-16,7,17,65
2018-03-17,7,17,68
2018-03-18,7,17,71
2018-03-19,7,17,52
2018-03-20,7,17,55
2018-03-21,7,17,58
2018-03-22,7,17,61
2018-03-23,7,17,65
2018-03-24,7,17,68
2018-03-25,7,17,71
2018-03-26,7,17,52
2018-03-27,7,17,55
2018-03-28,7,17,58
2018-03-29,7,17,61
2018-03-30,7,17,64
2018-03-31,7,17,67
2018-01-01,8,17,51
2018-01-02,8,17,54
2018-01-03,8,17,57
2018-01-04,8,17,60
2018-01-05,8,17,64
2018-01-06,8,17,67
2018-01-07,8,17,70
2018-01-08,8,17,51
2018-01-09,8,17,54
2018-01-10,8,17,57
2018-01-11,8,17,60
2018-01-12,8,17,63
2018-01-13,8,17,66
2018-01-14,8,17,70
2018-01-15,8,17,50
2018-01-16,8,17,54
2018-01-17,8,17,57
2018-01-18,8,17,60
2018-01-19,8,17,63
2018-01-20,8,17,66
2018-01-21,8,17,69
2018-01-22,8,17,50
2018-01-23,8,17,53
2018-01-24,8,17,56
2018-01-25,8,17,60
2018-01-26,8,17,63
2018-01-27,8,17,66
2018-01-28,8,17,69
2018-01-29,8,17,50
2018-01-30,8,17,53
2018-01-31,8,17,56
2018-02-01,8,17,61
2018-02-02,8,17,64
2018-02-03,8,17,68
2018-02-04,8,17,71
2018-02-05,8,17,51
2018-02-06,8,17,55
2018-02-07,8,17,58
2018-02-08,8,17,61
2018-02-09,8,17,64
2018-02-10,8,17,67
2018-02-11,8,17,70
2018-02-12,8,17,51
2018-02-13,8,17,54
2018-02-14,8,17,58
2018-02-15,8,17,61
2018-02-16,8,17,64
2018-02-17,8,17,67
2018-02-18,8,17,70
2018-02-19,8,17,51
2018-02-20,8,17,54
2018-02-21,8,17,57
2018-02-22,8,17,60
2018-02-23,8,17,64
2018-02-24,8,17,67
2018-02-25,8,17,70
2018-02-26,8,17,51
2018-02-27,8,17,54
2018-02-28,8,17,57
2018-03-01,8,17,62
2018-03-02,8,17,65
2018-03-03,8,17,68
2018-03-04,8,17,72
2018-03-05,8,17,52
2018-03-06,8,17,55
2018-03-07,8,17,59
2018-03-08,8,17,62
2018-03-09,8,17,65
2018-03-10,8,17,68
2018-03-11,8,17,71
2018-03-12,8,17,52
2018-03-13,8,17,55
2018-03-14,8,17,58
2018-03-15,8,17,62
2018-03-16,8,17,65
2018-03-17,8,17,68
2018-03-18,8,17,71
2018-03-19,8,17,52
2018-03-20,8,17,55
2018-03-21,8,17,58
2018-03-22,8,17,61
2018-03-23,8,17,64
2018-03-24,8,17,68
2018-03-25,8,17,71
2018-03-26,8,17,52
2018-03-27,8,17,55
2018-03-28,8,17,58
2018-03-29,8,17,61
2018-03-30,8,17,64
2018-03-31,8,17,67
2018-01-01,9,17,51
2018-01-02,9,17,54
2018-01-03,9,17,57
2018-01-04,9,17,60
2018-01-05,9,17,64
2018-01-06,9,17,67
2018-01-07,9,17,70
2018-01-08,9,17,51
2018-01-09,9,17,54
2018-01-10,9,17,57
2018-01-11,9,17,60
2018-01-12,9,17,63
2018-01-13,9,17,66
2018-01-14,9,17,70
2018-01-15,9,17,50
2018-01-16,9,17,53
2018-01-17,9,17,57
2018-01-18,9,17,60
2018-01-19,9,17,63
2018-01-20,9,17,66
2018-01-21,9,17,69
2018-01-22,9,17,50
2018-01-23,9,17,53
2018-01-24,9,17,56
2018-01-25,9,17,60
2018-01-26,9,17,63
2018-01-27,9,17,66
2018-01-28,9,17,69
2018-01-29,9,17,50
2018-01-30,9,17,53
2018-01-31,9,17,56
2018-02-01,9,17,61
2018-02-02,9,17,64
2018-02-03,9,17,68
2018-02-04,9,17,71
2018-02-05,9,17,51
2018-02-06,9,17,55
2018-02-07,9,17,58
2018-02-08,9,17,61
2018-02-09,9,17,64
2018-02-10,9,17,67
2018-02-11,9,17,70
2018-02-12,9,17,51
2018-02-13,9,17,54
2018-02-14,9,17,57
2018-02-15,9,17,61
2018-02-16,9,17,64
2018-02-17,9,17,67
2018-02-18,9,17,70
2018-02-19,9,17,51
2018-02-20,9,17,54
2018-02-21,9,17,57
2018-02-22,9,17,60
2018-02-23,9,17,64
2018-02-24,9,17,67
2018-02-25,9,17,70
2018-02-26,9,17,51
2018-02-27,9,17,54
2018-02-28,9,17,57
2018-03-01,9,17,62
2018-03-02,9,17,65
2018-03-03,9,17,68
2018-03-04,9,17,72
2018-03-05,9,17,52
2018-03-06,9,17,55
2018-03-07,9,17,59
2018-03-08,9,17,62
2018-03-09,9,17,65
2018-03-10,9,17,68
2018-03-11,9,17,71
2018-03-12,9,17,52
2018-03-13,9,17,55
2018-03-14,9,17,58
2018-03-15,9,17,61
2018-03-16,9,17,65
2018-03-17,9,17,68
2018-03-18,9,17,71
2018-03-19,9,17,52
2018-03-20,9,17,55
2018-03-21,9,17,58
2018-03-22,9,17,61
2018-03-23,9,17,64
2018-03-24,9,17,68
2018-03-25,9,17,71
2018-03-26,9,17,51
2018-03-27,9,17,55
2018-03-28,9,17,58
2018-03-29,9,17,61
2018-03-30,9,17,64
2018-03-31,9,17,67
2018-01-01,10,17,51
2018-01-02,10,17,54
2018-01-03,10,17,57
2018-01-04,10,17,60
2018-01-05,10,17,63
2018-01-06,10,17,67
2018-01-07,10,17,70
2018-01-08,10,17,51
2018-01-09,10,17,54
2018-01-10,10,17,57
2018-01-11,10,17,60
2018-01-12,10,17,63
2018-01-13,10,17,66
2018-01-14,10,17,70
2018-01-15,10,17,50
2018-01-16,10,17,53
2018-01-17,10,17,57
2018-01-18,10,17,60
2018-01-19,10,17,63
2018-01-20,10,17,66
2018-01-21,10,17,69
2018-01-22,10,17,50
2018-01-23,10,17,53
2018-01-24,10,17,56
2018-01-25,10,17,59
2018-01-26,10,17,63
2018-01-27,10,17,66
2018-01-28,10,17,69
2018-01-29,10,17,50
2018-01-30,10,17,53
2018-01-31,10,17,56
2018-02-01,10,17,61
2018-02-02,10,17,64
2018-02-03,10,17,67
2018-02-04,10,17,71
2018-02-05,10,17,51
2018-02-06,10,17,55
2018-02-07,10,17,58
2018-02-08,10,17,61
2018-02-09,10,17,64
2018-02-10,10,17,67
2018-02-11,10,17,70
2018-02-12,10,17,51
2018-02-13,10,17,54
2018-02-14,10,17,57
2018-02-15,10,17,61
2018-02-16,10,17,64
2018-02-17,10,17,67
2018-02-18,10,17,70
2018-02-19,10,17,51
2018-02-20,10,17,54
2018-02-21,10,17,57
2018-02-22,10,17,60
2018-02-23,10,17,63
2018-02-24,10,17,67
2018-02-25,10,17,70
2018-02-26,10,17,51
2018-02-27,10,17,54
2018-02-28,10,17,57
2018-03-01,10,17,62
2018-03-02,10,17,65
2018-03-03,10,17,68
2018-03-04,10,17,71
2018-03-05,10,17,52
2018-03-06,10,17,55
2018-03-07,10,17,59
2018-03-08,10,17,62
2018-03-09,10,17,65
2018-03-10,10,17,68
2018-03-11,10,17,71
2018-03-12,10,17,52
2018-03-13,10,17,55
2018-03-14,10,17,58
2018-03-15,10,17,61
2018-03-16,10,17,65
2018-03-17,10,17,68
2018-03-18,10,17,71
2018-03-19,10,17,52
2018-03-20,10,17,55
2018-03-21,10,17,58
2018-03-22,10,17,61
2018-03-23,10,17,64
2018-03-24,10,17,67
2018-03-25,10,17,71
2018-03-26,10,17,51
2018-03-27,10,17,55
2018-03-28,10,17,58
2018-03-29,10,17,61
2018-03-30,10,17,64
2018-03-31,10,17,67
2018-01-01,1,18,51
2018-01-02,1,18,55
2018-01-03,1,18,58
2018-01-04,1,18,61
2018-01-05,1,18,64
2018-01-06,1,18,67
2018-01-07,1,18,70
2018-01-08,1,18,51
2018-01-09,1,18,54
2018-01-10,1,18,57
2018-01-11,1,18,61
2018-01-12,1,18,64
2018-01-13,1,18,67
2018-01-14,1,18,70
2018-01-15,1,18,51
2018-01-16,1,18,54
2018-01-17,1,18,57
2018-01-18,1,18,60
2018-01-19,1,18,63
2018-01-20,1,18,67
2018-01-21,1,18,70
2018-01-22,1,18,51
2018-01-23,1,18,54
2018-01-24,1,18,57
2018-01-25,1,18,60
2018-01-26,1,18,63
2018-01-27,1,18,66
2018-01-28,1,18,70
2018-01-29,1,18,50
2018-01-30,1,18,53
2018-01-31,1,18,57
2018-02-01,1,18,62
2018-02-02,1,18,65
2018-02-03,1,18,68
2018-02-04,1,18,71
2018-02-05,1,18,52
2018-02-06,1,18,55
2018-02-07,1,18,58
2018-02-08,1,18,61
2018-02-09,1,18,65
2018-02-10,1,18,68
2018-02-11,1,18,71
2018-02-12,1,18,52
2018-02-13,1,18,55
2018-02-14,1,18,58
2018-02-15,1,18,61
2018-02-16,1,18,64
2018-02-17,1,18,67
2018-02-18,1,18,71
2018-02-19,1,18,51
2018-02-20,1,18,55
2018-02-21,1,18,58
2018-02-22,1,18,61
2018-02-23,1,18,64
2018-02-24,1,18,67
2018-02-25,1,18,70
2018-02-26,1,18,51
2018-02-27,1,18,54
2018-02-28,1,18,57
2018-03-01,1,18,63
2018-03-02,1,18,66
2018-03-03,1,18,69
2018-03-04,1,18,72
2018-03-05,1,18,53
2018-03-06,1,18,56
2018-03-07,1,18,59
2018-03-08,1,18,62
2018-03-09,1,18,65
2018-03-10,1,18,69
2018-03-11,1,18,72
2018-03-12,1,18,52
2018-03-13,1,18,56
2018-03-14,1,18,59
2018-03-15,1,18,62
2018-03-16,1,18,65
2018-03-17,1,18,68
2018-03-18,1,18,71
2018-03-19,1,18,52
2018-03-20,1,18,55
2018-03-21,1,18,59
2018-03-22,1,18,62
2018-03-23,1,18,65
2018-03-24,1,18,68
2018-03-25,1,18,71
2018-03-26,1,18,52
2018-03-27,1,18,55
2018-03-28,1,18,58
2018-03-29,1,18,61
2018-03-30,1,18,65
2018-03-31,1,18,68
2018-01-01,2,18,51
2018-01-02,2,18,54
2018-01-03,2,18,58
2018-01-04,2,18,61
2018-01-05,2,18,64
2018-01-06,2,18,67
2018-01-07,2,18,70
2018-01-08,2,18,51
2018-01-09,2,18,54
2018-01-10,2,18,57
2018-01-11,2,18,61
2018-01-12,2,18,64
2018-01-13,2,18,67
2018-01-14,2,18,70
2018-01-15,2,18,51
2018-01-16,2,18,54
2018-01-17,2,18,57
2018-01-18,2,18,60
2018-01-19,2,18,63
2018-01-20,2,18,67
2018-01-21,2,18,70
2018-01-22,2,18,50
2018-01-23,2,18,54
2018-01-24,2,18,57
2018-01-25,2,18,60
2018-01-26,2,18,63
2018-01-27,2,18,66
2018-01-28,2,18,69
2018-01-29,2,18,50
2018-01-30,2,18,53
2018-01-31,2,18,57
2018-02-01,2,18,62
2018-02-02,2,18,65
2018-02-03,2,18,68
2018-02-04,2,18,71
2018-02-05,2,18,52
2018-02-06,2,18,55
2018-02-07,2,18,58
2018-02-08,2,18,61
2018-02-09,2,18,65
2018-02-10,2,18,68
2018-02-11,2,18,71
2018-02-12,2,18,52
2018-02-13,2,18,55
2018-02-14,2,18,58
2018-02-15,2,18,61
2018-02-16,2,18,64
2018-02-17,2,18,67
2018-02-18,2,18,71
2018-02-19,2,18,51
2018-02-20,2,18,54
2018-02-21,2,18,58
2018-02-22,2,18,61
2018-02-23,2,18,64
2018-02-24,2,18,67
2018-02-25,2,18,70
2018-02-26,2,18,51
2018-02-27,2,18,54
2018-02-28,2,18,57
2018-03-01,2,18,62
2018-03-02,2,18,66
2018-03-03,2,18,69
2018-03-04,2,18,72
2018-03-05,2,18,53
2018-03-06,2,18,56
2018-03-07,2,18,59
2018-03-08,2,18,62
2018-03-09,2,18,65
2018-03-10,2,18,69
2018-03-11,2,18,72
2018-03-12,2,18,52
2018-03-13,2,18,56
2018-03-14,2,18,59
2018-03-15,2,18,62
2018-03-16,2,18,65
2018-03-17,2,18,68
2018-03-18,2,18,71
2018-03-19,2,18,52
2018-03-20,2,18,55
2018-03-21,2,18,58
2018-03-22,2,18,62
2018-03-23,2,18,65
2018-03-24,2,18,68
2018-03-25,2,18,71
2018-03-26,2,18,52
2018-03-27,2,18,55
2018-03-28,2,18,58
2018-03-29,2,18,61
2018-03-30,2,18,65
2018-03-31,2,18,68
2018-01-01,3,18,51
2018-01-02,3,18,54
2018-01-03,3,18,58
2018-01-04,3,18,61
2018-01-05,3,18,64
2018-01-06,3,18,67
2018-01-07,3,18,70
2018-01-08,3,18,51
2018-01-09,3,18,54
2018-01-10,3,18,57
2018-01-11,3,18,60
2018-01-12,3,18,64
2018-01-13,3,18,67
2018-01-14,3,18,70
2018-01-15,3,18,51
2018-01-16,3,18,54
2018-01-17,3,18,57
2018-01-18,3,18,60
2018-01-19,3,18,63
2018-01-20,3,18,67
2018-01-21,3,18,70
2018-01-22,3,18,50
2018-01-23,3,18,54
2018-01-24,3,18,57
2018-01-25,3,18,60
2018-01-26,3,18,63
2018-01-27,3,18,66
2018-01-28,3,18,69
2018-01-29,3,18,50
2018-01-30,3,18,53
2018-01-31,3,18,56
2018-02-01,3,18,62
2018-02-02,3,18,65
2018-02-03,3,18,68
2018-02-04,3,18,71
2018-02-05,3,18,52
2018-02-06,3,18,55
2018-02-07,3,18,58
2018-02-08,3,18,61
2018-02-09,3,18,64
2018-02-10,3,18,68
2018-02-11,3,18,71
2018-02-12,3,18,52
2018-02-13,3,18,55
2018-02-14,3,18,58
2018-02-15,3,18,61
2018-02-16,3,18,64
2018-02-17,3,18,67
2018-02-18,3,18,71
2018-02-19,3,18,51
2018-02-20,3,18,54
2018-02-21,3,18,58
2018-02-22,3,18,61
2018-02-23,3,18,64
2018-02-24,3,18,67
2018-02-25,3,18,70
2018-02-26,3,18,51
2018-02-27,3,18,54
2018-02-28,3,18,57
2018-03-01,3,18,62
2018-03-02,3,18,66
2018-03-03,3,18,69
2018-03-04,3,18,72
2018-03-05,3,18,53
2018-03-06,3,18,56
2018-03-07,3,18,59
2018-03-08,3,18,62
2018-03-09,3,18,65
2018-03-10,3,18,68
2018-03-11,3,18,72
2018-03-12,3,18,52
2018-03-13,3,18,55
2018-03-14,3,18,59
2018-03-15,3,18,62
2018-03-16,3,18,65
2018-03-17,3,18,68
2018-03-18,3,18,71
2018-03-19,3,18,52
2018-03-20,3,18,55
2018-03-21,3,18,58
2018-03-22,3,18,62
2018-03-23,3,18,65
2018-03-24,3,18,68
2018-03-25,3,18,71
2018-03-26,3,18,52
2018-03-27,3,18,55
2018-03-28,3,18,58
2018-03-29,3,18,61
2018-03-30,3,18,64
2018-03-31,3,18,68
2018-01-01,4,18,51
2018-01-02,4,18,54
2018-01-03,4,18,57
2018-01-04,4,18,61
2018-01-05,4,18,64
2018-01-06,4,18,67
2018-01-07,4,18,70
2018-01-08,4,18,51
2018-01-09,4,18,54
2018-01-10,4,18,57
2018-01-11,4,18,60
2018-01-12,4,18,64
2018-01-13,4,18,67
2018-01-14,4,18,70
2018-01-15,4,18,51
2018-01-16,4,18,54
2018-01-17,4,18,57
2018-01-18,4,18,60
2018-01-19,4,18,63
2018-01-20,4,18,66
2018-01-21,4,18,70
2018-01-22,4,18,50
2018-01-23,4,18,53
2018-01-24,4,18,57
2018-01-25,4,18,60
2018-01-26,4,18,63
2018-01-27,4,18,66
2018-01-28,4,18,69
2018-01-29,4,18,50
2018-01-30,4,18,53
2018-01-31,4,18,56
2018-02-01,4,18,61
2018-02-02,4,18,65
2018-02-03,4,18,68
2018-02-04,4,18,71
2018-02-05,4,18,52
2018-02-06,4,18,55
2018-02-07,4,18,58
2018-02-08,4,18,61
2018-02-09,4,18,64
2018-02-10,4,18,68
2018-02-11,4,18,71
2018-02-12,4,18,51
2018-02-13,4,18,55
2018-02-14,4,18,58
2018-02-15,4,18,61
2018-02-16,4,18,64
2018-02-17,4,18,67
2018-02-18,4,18,70
2018-02-19,4,18,51
2018-02-20,4,18,54
2018-02-21,4,18,57
2018-02-22,4,18,61
2018-02-23,4,18,64
2018-02-24,4,18,67
2018-02-25,4,18,70
2018-02-26,4,18,51
2018-02-27,4,18,54
2018-02-28,4,18,57
2018-03-01,4,18,62
2018-03-02,4,18,65
2018-03-03,4,18,69
2018-03-04,4,18,72
2018-03-05,4,18,53
2018-03-06,4,18,56
2018-03-07,4,18,59
2018-03-08,4,18,62
2018-03-09,4,18,65
2018-03-10,4,18,68
2018-03-11,4,18,72
2018-03-12,4,18,52
2018-03-13,4,18,55
2018-03-14,4,18,59
2018-03-15,4,18,62
2018-03-16,4,18,65
2018-03-17,4,18,68
2018-03-18,4,18,71
2018-03-19,4,18,52
2018-03-20,4,18,55
2018-03-21,4,18,58
2018-03-22,4,18,61
2018-03-23,4,18,65
2018-03-24,4,18,68
2018-03-25,4,18,71
2018-03-26,4,18,52
2018-03-27,4,18,55
2018-03-28,4,18,58
2018-03-29,4,18,61
2018-03-30,4,18,64
2018-03-31,4,18,68
2018-01-01,5,18,51
2018-01-02,5,18,54
2018-01-03,5,18,57
2018-01-04,5,18,61
2018-01-05,5,18,64
2018-01-06,5,18,67
2018-01-07,5,18,70
2018-01-08,5,18,51
2018-01-09,5,18,54
2018-01-10,5,18,57
2018-01-11,5,18,60
2018-01-12,5,18,63
2018-01-13,5,18,67
2018-01-14,5,18,70
2018-01-15,5,18,51
2018-01-16,5,18,54
2018-01-17,5,18,57
2018-01-18,5,18,60
2018-01-19,5,18,63
2018-01-20,5,18,66
2018-01-21,5,18,70
2018-01-22,5,18,50
2018-01-23,5,18,53
2018-01-24,5,18,57
2018-01-25,5,18,60
2018-01-26,5,18,63
2018-01-27,5,18,66
2018-01-28,5,18,69
2018-01-29,5,18,50
2018-01-30,5,18,53
2018-01-31,5,18,56
2018-02-01,5,18,61
2018-02-02,5,18,65
2018-02-03,5,18,68
2018-02-04,5,18,71
2018-02-05,5,18,52
2018-02-06,5,18,55
2018-02-07,5,18,58
2018-02-08,5,18,61
2018-02-09,5,18,64
2018-02-10,5,18,67
2018-02-11,5,18,71
2018-02-12,5,18,51
2018-02-13,5,18,55
2018-02-14,5,18,58
2018-02-15,5,18,61
2018-02-16,5,18,64
2018-02-17,5,18,67
2018-02-18,5,18,70
2018-02-19,5,18,51
2018-02-20,5,18,54
2018-02-21,5,18,57
2018-02-22,5,18,61
2018-02-23,5,18,64
2018-02-24,5,18,67
2018-02-25,5,18,70
2018-02-26,5,18,51
2018-02-27,5,18,54
2018-02-28,5,18,57
2018-03-01,5,18,62
2018-03-02,5,18,65
2018-03-03,5,18,69
2018-03-04,5,18,72
2018-03-05,5,18,52
2018-03-06,5,18,56
2018-03-07,5,18,59
2018-03-08,5,18,62
2018-03-09,5,18,65
2018-03-10,5,18,68
2018-03-11,5,18,71
2018-03-12,5,18,52
2018-03-13,5,18,55
2018-03-14,5,18,59
2018-03-15,5,18,62
2018-03-16,5,18,65
2018-03-17,5,18,68
2018-03-18,5,18,71
2018-03-19,5,18,52
2018-03-20,5,18,55
2018-03-21,5,18,58
2018-03-22,5,18,61
2018-03-23,5,18,65
2018-03-24,5,18,68
2018-03-25,5,18,71
2018-03-26,5,18,52
2018-03-27,5,18,55
2018-03-28,5,18,58
2018-03-29,5,18,61
2018-03-30,5,18,64
2018-03-31,5,18,67
2018-01-01,6,18,51
2018-01-02,6,18,54
2018-01-03,6,18,57
2018-01-04,6,18,60
2018-01-05,6,18,64
2018-01-06,6,18,67
2018-01-07,6,18,70
2018-01-08,6,18,51
2018-01-09,6,18,54
2018-01-10,6,18,57
2018-01-11,6,18,60
2018-01-12,6,18,63
2018-01-13,6,18,67
2018-01-14,6,18,70
2018-01-15,6,18,50
2018-01-16,6,18,54
2018-01-17,6,18,57
2018-01-18,6,18,60
2018-01-19,6,18,63
2018-01-20,6,18,66
2018-01-21,6,18,69
2018-01-22,6,18,50
2018-01-23,6,18,53
2018-01-24,6,18,57
2018-01-25,6,18,60
2018-01-26,6,18,63
2018-01-27,6,18,66
2018-01-28,6,18,69
2018-01-29,6,18,50
2018-01-30,6,18,53
2018-01-31,6,18,56
2018-02-01,6,18,61
2018-02-02,6,18,64
2018-02-03,6,18,68
2018-02-04,6,18,71
2018-02-05,6,18,52
2018-02-06,6,18,55
2018-02-07,6,18,58
2018-02-08,6,18,61
2018-02-09,6,18,64
2018-02-10,6,18,67
2018-02-11,6,18,71
2018-02-12,6,18,51
2018-02-13,6,18,54
2018-02-14,6,18,58
2018-02-15,6,18,61
2018-02-16,6,18,64
2018-02-17,6,18,67
2018-02-18,6,18,70
2018-02-19,6,18,51
2018-02-20,6,18,54
2018-02-21,6,18,57
2018-02-22,6,18,60
2018-02-23,6,18,64
2018-02-24,6,18,67
2018-02-25,6,18,70
2018-02-26,6,18,51
2018-02-27,6,18,54
2018-02-28,6,18,57
2018-03-01,6,18,62
2018-03-02,6,18,65
2018-03-03,6,18,68
2018-03-04,6,18,72
2018-03-05,6,18,52
2018-03-06,6,18,56
2018-03-07,6,18,59
2018-03-08,6,18,62
2018-03-09,6,18,65
2018-03-10,6,18,68
2018-03-11,6,18,71
2018-03-12,6,18,52
2018-03-13,6,18,55
2018-03-14,6,18,58
2018-03-15,6,18,62
2018-03-16,6,18,65
2018-03-17,6,18,68
2018-03-18,6,18,71
2018-03-19,6,18,52
2018-03-20,6,18,55
2018-03-21,6,18,58
2018-03-22,6,18,61
2018-03-23,6,18,64
2018-03-24,6,18,68
2018-03-25,6,18,71
2018-03-26,6,18,52
2018-03-27,6,18,55
2018-03-28,6,18,58
2018-03-29,6,18,61
2018-03-30,6,18,64
2018-03-31,6,18,67
2018-01-01,7,18,51
2018-01-02,7,18,54
2018-01-03,7,18,57
2018-01-04,7,18,60
2018-01-05,7,18,64
2018-01-06,7,18,67
2018-01-07,7,18,70
2018-01-08,7,18,51
2018-01-09,7,18,54
2018-01-10,7,18,57
2018-01-11,7,18,60
2018-01-12,7,18,63
2018-01-13,7,18,66
2018-01-14,7,18,70
2018-01-15,7,18,50
2018-01-16,7,18,54
2018-01-17,7,18,57
2018-01-18,7,18,60
2018-01-19,7,18,63
2018-01-20,7,18,66
2018-01-21,7,18,69
2018-01-22,7,18,50
2018-01-23,7,18,53
2018-01-24,7,18,56
2018-01-25,7,18,60
2018-01-26,7,18,63
2018-01-27,7,18,66
2018-01-28,7,18,69
2018-01-29,7,18,50
2018-01-30,7,18,53
2018-01-31,7,18,56
2018-02-01,7,18,61
2018-02-02,7,18,64
2018-02-03,7,18,68
2018-02-04,7,18,71
2018-02-05,7,18,51
2018-02-06,7,18,55
2018-02-07,7,18,58
2018-02-08,7,18,61
2018-02-09,7,18,64
2018-02-10,7,18,67
2018-02-11,7,18,70
2018-02-12,7,18,51
2018-02-13,7,18,54
2018-02-14,7,18,58
2018-02-15,7,18,61
2018-02-16,7,18,64
2018-02-17,7,18,67
2018-02-18,7,18,70
2018-02-19,7,18,51
2018-02-20,7,18,54
2018-02-21,7,18,57
2018-02-22,7,18,60
2018-02-23,7,18,64
2018-02-24,7,18,67
2018-02-25,7,18,70
2018-02-26,7,18,51
2018-02-27,7,18,54
2018-02-28,7,18,57
2018-03-01,7,18,62
2018-03-02,7,18,65
2018-03-03,7,18,68
2018-03-04,7,18,72
2018-03-05,7,18,52
2018-03-06,7,18,55
2018-03-07,7,18,59
2018-03-08,7,18,62
2018-03-09,7,18,65
2018-03-10,7,18,68
2018-03-11,7,18,71
2018-03-12,7,18,52
2018-03-13,7,18,55
2018-03-14,7,18,58
2018-03-15,7,18,62
2018-03-16,7,18,65
2018-03-17,7,18,68
2018-03-18,7,18,71
2018-03-19,7,18,52
2018-03-20,7,18,55
2018-03-21,7,18,58
2018-03-22,7,18,61
2018-03-23,7,18,64
2018-03-24,7,18,68
2018-03-25,7,18,71
2018-03-26,7,18,51
2018-03-27,7,18,55
2018-03-28,7,18,58
2018-03-29,7,18,61
2018-03-30,7,18,64
2018-03-31,7,18,67
2018-01-01,8,18,51
2018-01-02,8,18,54
2018-01-03,8,18,57
2018-01-04,8,18,60
2018-01-05,8,18,63
2018-01-06,8,18,67
2018-01-07,8,18,70
2018-01-08,8,18,51
2018-01-09,8,18,54
2018-01-10,8,18,57
2018-01-11,8,18,60
2018-01-12,8,18,63
2018-01-13,8,18,66
2018-01-14,8,18,70
2018-01-15,8,18,50
2018-01-16,8,18,53
2018-01-17,8,18,57
2018-01-18,8,18,60
2018-01-19,8,18,63
2018-01-20,8,18,66
2018-01-21,8,18,69
2018-01-22,8,18,50
2018-01-23,8,18,53
2018-01-24,8,18,56
2018-01-25,8,18,60
2018-01-26,8,18,63
2018-01-27,8,18,66
2018-01-28,8,18,69
2018-01-29,8,18,50
2018-01-30,8,18,53
2018-01-31,8,18,56
2018-02-01,8,18,61
2018-02-02,8,18,64
2018-02-03,8,18,67
2018-02-04,8,18,71
2018-02-05,8,18,51
2018-02-06,8,18,55
2018-02-07,8,18,58
2018-02-08,8,18,61
2018-02-09,8,18,64
2018-02-10,8,18,67
2018-02-11,8,18,70
2018-02-12,8,18,51
2018-02-13,8,18,54
2018-02-14,8,18,57
2018-02-15,8,18,61
2018-02-16,8,18,64
2018-02-17,8,18,67
2018-02-18,8,18,70
2018-02-19,8,18,51
2018-02-20,8,18,54
2018-02-21,8,18,57
2018-02-22,8,18,60
2018-02-23,8,18,64
2018-02-24,8,18,67
2018-02-25,8,18,70
2018-02-26,8,18,51
2018-02-27,8,18,54
2018-02-28,8,18,57
2018-03-01,8,18,62
2018-03-02,8,18,65
2018-03-03,8,18,68
2018-03-04,8,18,71
2018-03-05,8,18,52
2018-03-06,8,18,55
2018-03-07,8,18,59
2018-03-08,8,18,62
2018-03-09,8,18,65
2018-03-10,8,18,68
2018-03-11,8,18,71
2018-03-12,8,18,52
2018-03-13,8,18,55
2018-03-14,8,18,58
2018-03-15,8,18,61
2018-03-16,8,18,65
2018-03-17,8,18,68
2018-03-18,8,18,71
2018-03-19,8,18,52
2018-03-20,8,18,55
2018-03-21,8,18,58
2018-03-22,8,18,61
2018-03-23,8,18,64
2018-03-24,8,18,68
2018-03-25,8,18,71
2018-03-26,8,18,51
2018-03-27,8,18,55
2018-03-28,8,18,58
2018-03-29,8,18,61
2018-03-30,8,18,64
2018-03-31,8,18,67
2018-01-01,9,18,51
2018-01-02,9,18,54
2018-01-03,9,18,57
2018-01-04,9,18,60
2018-01-05,9,18,63
2018-01-06,9,18,67
2018-01-07,9,18,70
2018-01-08,9,18,50
2018-01-09,9,18,54
2018-01-10,9,18,57
2018-01-11,9,18,60
2018-01-12,9,18,63
2018-01-13,9,18,66
2018-01-14,9,18,69
2018-01-15,9,18,50
2018-01-16,9,18,53
2018-01-17,9,18,57
2018-01-18,9,18,60
2018-01-19,9,18,63
2018-01-20,9,18,66
2018-01-21,9,18,69
2018-01-22,9,18,50
2018-01-23,9,18,53
2018-01-24,9,18,56
2018-01-25,9,18,59
2018-01-26,9,18,63
2018-01-27,9,18,66
2018-01-28,9,18,69
2018-01-29,9,18,50
2018-01-30,9,18,53
2018-01-31,9,18,56
2018-02-01,9,18,61
2018-02-02,9,18,64
2018-02-03,9,18,67
2018-02-04,9,18,71
2018-02-05,9,18,51
2018-02-06,9,18,54
2018-02-07,9,18,58
2018-02-08,9,18,61
2018-02-09,9,18,64
2018-02-10,9,18,67
2018-02-11,9,18,70
2018-02-12,9,18,51
2018-02-13,9,18,54
2018-02-14,9,18,57
2018-02-15,9,18,61
2018-02-16,9,18,64
2018-02-17,9,18,67
2018-02-18,9,18,70
2018-02-19,9,18,51
2018-02-20,9,18,54
2018-02-21,9,18,57
2018-02-22,9,18,60
2018-02-23,9,18,63
2018-02-24,9,18,67
2018-02-25,9,18,70
2018-02-26,9,18,50
2018-02-27,9,18,54
2018-02-28,9,18,57
2018-03-01,9,18,62
2018-03-02,9,18,65
2018-03-03,9,18,68
2018-03-04,9,18,71
2018-03-05,9,18,52
2018-03-06,9,18,55
2018-03-07,9,18,58
2018-03-08,9,18,62
2018-03-09,9,18,65
2018-03-10,9,18,68
2018-03-11,9,18,71
2018-03-12,9,18,52
2018-03-13,9,18,55
2018-03-14,9,18,58
2018-03-15,9,18,61
2018-03-16,9,18,65
2018-03-17,9,18,68
2018-03-18,9,18,71
2018-03-19,9,18,52
2018-03-20,9,18,55
2018-03-21,9,18,58
2018-03-22,9,18,61
2018-03-23,9,18,64
2018-03-24,9,18,67
2018-03-25,9,18,71
2018-03-26,9,18,51
2018-03-27,9,18,54
2018-03-28,9,18,58
2018-03-29,9,18,61
2018-03-30,9,18,64
2018-03-31,9,18,67
2018-01-01,10,18,51
2018-01-02,10,18,54
2018-01-03,10,18,57
2018-01-04,10,18,60
2018-01-05,10,18,63
2018-01-06,10,18,67
2018-01-07,10,18,70
2018-01-08,10,18,50
2018-01-09,10,18,54
2018-01-10,10,18,57
2018-01-11,10,18,60
2018-01-12,10,18,63
2018-01-13,10,18,66
2018-01-14,10,18,69
2018-01-15,10,18,50
2018-01-16,10,18,53
2018-01-17,10,18,56
2018-01-18,10,18,60
2018-01-19,10,18,63
2018-01-20,10,18,66
2018-01-21,10,18,69
2018-01-22,10,18,50
2018-01-23,10,18,53
2018-01-24,10,18,56
2018-01-25,10,18,59
2018-01-26,10,18,63
2018-01-27,10,18,66
2018-01-28,10,18,69
2018-01-29,10,18,50
2018-01-30,10,18,53
2018-01-31,10,18,56
2018-02-01,10,18,61
2018-02-02,10,18,64
2018-02-03,10,18,67
2018-02-04,10,18,71
2018-02-05,10,18,51
2018-02-06,10,18,54
2018-02-07,10,18,58
2018-02-08,10,18,61
2018-02-09,10,18,64
2018-02-10,10,18,67
2018-02-11,10,18,70
2018-02-12,10,18,51
2018-02-13,10,18,54
2018-02-14,10,18,57
2018-02-15,10,18,60
2018-02-16,10,18,64
2018-02-17,10,18,67
2018-02-18,10,18,70
2018-02-19,10,18,51
2018-02-20,10,18,54
2018-02-21,10,18,57
2018-02-22,10,18,60
2018-02-23,10,18,63
2018-02-24,10,18,67
2018-02-25,10,18,70
2018-02-26,10,18,50
2018-02-27,10,18,54
2018-02-28,10,18,57
2018-03-01,10,18,62
2018-03-02,10,18,65
2018-03-03,10,18,68
2018-03-04,10,18,71
2018-03-05,10,18,52
2018-03-06,10,18,55
2018-03-07,10,18,58
2018-03-08,10,18,62
2018-03-09,10,18,65
2018-03-10,10,18,68
2018-03-11,10,18,71
2018-03-12,10,18,52
2018-03-13,10,18,55
2018-03-14,10,18,58
2018-03-15,10,18,61
2018-03-16,10,18,64
2018-03-17,10,18,68
2018-03-18,10,18,71
2018-03-19,10,18,52
2018-03-20,10,18,55
2018-03-21,10,18,58
2018-03-22,10,18,61
2018-03-23,10,18,64
2018-03-24,10,18,67
2018-03-25,10,18,71
2018-03-26,10,18,51
2018-03-27,10,18,54
2018-03-28,10,18,58
2018-03-29,10,18,61
2018-03-30,10,18,64
2018-03-31,10,18,67
2018-01-01,1,19,51
2018-01-02,1,19,54
2018-01-03,1,19,58
2018-01-04,1,19,61
2018-01-05,1,19,64
2018-01-06,1,19,67
2018-01-07,1,19,70
2018-01-08,1,19,51
2018-01-09,1,19,54
2018-01-10,1,19,57
2018-01-11,1,19,60
2018-01-12,1,19,64
2018-01-13,1,19,67
2018-01-14,1,19,70
2018-01-15,1,19,51
2018-01-16,1,19,54
2018-01-17,1,19,57
2018-01-18,1,19,60
2018-01-19,1,19,63
2018-01-20,1,19,67
2018-01-21,1,19,70
2018-01-22,1,19,50
2018-01-23,1,19,54
2018-01-24,1,19,57
2018-01-25,1,19,60
2018-01-26,1,19,63
2018-01-27,1,19,66
2018-01-28,1,19,69
2018-01-29,1,19,50
2018-01-30,1,19,53
2018-01-31,1,19,57
2018-02-01,1,19,62
2018-02-02,1,19,65
2018-02-03,1,19,68
2018-02-04,1,19,71
2018-02-05,1,19,52
2018-02-06,1,19,55
2018-02-07,1,19,58
2018-02-08,1,19,61
2018-02-09,1,19,64
2018-02-10,1,19,68
2018-02-11,1,19,71
2018-02-12,1,19,52
2018-02-13,1,19,55
2018-02-14,1,19,58
2018-02-15,1,19,61
2018-02-16,1,19,64
2018-02-17,1,19,67
2018-02-18,1,19,71
2018-02-19,1,19,51
2018-02-20,1,19,54
2018-02-21,1,19,58
2018-02-22,1,19,61
2018-02-23,1,19,64
2018-02-24,1,19,67
2018-02-25,1,19,70
2018-02-26,1,19,51
2018-02-27,1,19,54
2018-02-28,1,19,57
2018-03-01,1,19,62
2018-03-02,1,19,66
2018-03-03,1,19,69
2018-03-04,1,19,72
2018-03-05,1,19,53
2018-03-06,1,19,56
2018-03-07,1,19,59
2018-03-08,1,19,62
2018-03-09,1,19,65
2018-03-10,1,19,68
2018-03-11,1,19,72
2018-03-12,1,19,52
2018-03-13,1,19,56
2018-03-14,1,19,59
2018-03-15,1,19,62
2018-03-16,1,19,65
2018-03-17,1,19,68
2018-03-18,1,19,71
2018-03-19,1,19,52
2018-03-20,1,19,55
2018-03-21,1,19,58
2018-03-22,1,19,62
2018-03-23,1,19,65
2018-03-24,1,19,68
2018-03-25,1,19,71
2018-03-26,1,19,52
2018-03-27,1,19,55
2018-03-28,1,19,58
2018-03-29,1,19,61
2018-03-30,1,19,64
2018-03-31,1,19,68
2018-01-01,2,19,51
2018-01-02,2,19,54
2018-01-03,2,19,58
2018-01-04,2,19,61
2018-01-05,2,19,64
2018-01-06,2,19,67
2018-01-07,2,19,70
2018-01-08,2,19,51
2018-01-09,2,19,54
2018-01-10,2,19,57
2018-01-11,2,19,60
2018-01-12,2,19,64
2018-01-13,2,19,67
2018-01-14,2,19,70
2018-01-15,2,19,51
2018-01-16,2,19,54
2018-01-17,2,19,57
2018-01-18,2,19,60
2018-01-19,2,19,63
2018-01-20,2,19,66
2018-01-21,2,19,70
2018-01-22,2,19,50
2018-01-23,2,19,54
2018-01-24,2,19,57
2018-01-25,2,19,60
2018-01-26,2,19,63
2018-01-27,2,19,66
2018-01-28,2,19,69
2018-01-29,2,19,50
2018-01-30,2,19,53
2018-01-31,2,19,56
2018-02-01,2,19,62
2018-02-02,2,19,65
2018-02-03,2,19,68
2018-02-04,2,19,71
2018-02-05,2,19,52
2018-02-06,2,19,55
2018-02-07,2,19,58
2018-02-08,2,19,61
2018-02-09,2,19,64
2018-02-10,2,19,68
2018-02-11,2,19,71
2018-02-12,2,19,51
2018-02-13,2,19,55
2018-02-14,2,19,58
2018-02-15,2,19,61
2018-02-16,2,19,64
2018-02-17,2,19,67
2018-02-18,2,19,70
2018-02-19,2,19,51
2018-02-20,2,19,54
2018-02-21,2,19,58
2018-02-22,2,19,61
2018-02-23,2,19,64
2018-02-24,2,19,67
2018-02-25,2,19,70
2018-02-26,2,19,51
2018-02-27,2,19,54
2018-02-28,2,19,57
2018-03-01,2,19,62
2018-03-02,2,19,66
2018-03-03,2,19,69
2018-03-04,2,19,72
2018-03-05,2,19,53
2018-03-06,2,19,56
2018-03-07,2,19,59
2018-03-08,2,19,62
2018-03-09,2,19,65
2018-03-10,2,19,68
2018-03-11,2,19,72
2018-03-12,2,19,52
2018-03-13,2,19,55
2018-03-14,2,19,59
2018-03-15,2,19,62
2018-03-16,2,19,65
2018-03-17,2,19,68
2018-03-18,2,19,71
2018-03-19,2,19,52
2018-03-20,2,19,55
2018-03-21,2,19,58
2018-03-22,2,19,62
2018-03-23,2,19,65
2018-03-24,2,19,68
2018-03-25,2,19,71
2018-03-26,2,19,52
2018-03-27,2,19,55
2018-03-28,2,19,58
2018-03-29,2,19,61
2018-03-30,2,19,64
2018-03-31,2,19,68
2018-01-01,3,19,51
2018-01-02,3,19,54
2018-01-03,3,19,57
2018-01-04,3,19,61
2018-01-05,3,19,64
2018-01-06,3,19,67
2018-01-07,3,19,70
2018-01-08,3,19,51
2018-01-09,3,19,54
2018-01-10,3,19,57
2018-01-11,3,19,60
2018-01-12,3,19,63
2018-01-13,3,19,67
2018-01-14,3,19,70
2018-01-15,3,19,51
2018-01-16,3,19,54
2018-01-17,3,19,57
2018-01-18,3,19,60
2018-01-19,3,19,63
2018-01-20,3,19,66
2018-01-21,3,19,70
2018-01-22,3,19,50
2018-01-23,3,19,53
2018-01-24,3,19,57
2018-01-25,3,19,60
2018-01-26,3,19,63
2018-01-27,3,19,66
2018-01-28,3,19,69
2018-01-29,3,19,50
2018-01-30,3,19,53
2018-01-31,3,19,56
2018-02-01,3,19,61
2018-02-02,3,19,65
2018-02-03,3,19,68
2018-02-04,3,19,71
2018-02-05,3,19,52
2018-02-06,3,19,55
2018-02-07,3,19,58
2018-02-08,3,19,61
2018-02-09,3,19,64
2018-02-10,3,19,67
2018-02-11,3,19,71
2018-02-12,3,19,51
2018-02-13,3,19,55
2018-02-14,3,19,58
2018-02-15,3,19,61
2018-02-16,3,19,64
2018-02-17,3,19,67
2018-02-18,3,19,70
2018-02-19,3,19,51
2018-02-20,3,19,54
2018-02-21,3,19,57
2018-02-22,3,19,61
2018-02-23,3,19,64
2018-02-24,3,19,67
2018-02-25,3,19,70
2018-02-26,3,19,51
2018-02-27,3,19,54
2018-02-28,3,19,57
2018-03-01,3,19,62
2018-03-02,3,19,65
2018-03-03,3,19,69
2018-03-04,3,19,72
2018-03-05,3,19,52
2018-03-06,3,19,56
2018-03-07,3,19,59
2018-03-08,3,19,62
2018-03-09,3,19,65
2018-03-10,3,19,68
2018-03-11,3,19,71
2018-03-12,3,19,52
2018-03-13,3,19,55
2018-03-14,3,19,59
2018-03-15,3,19,62
2018-03-16,3,19,65
2018-03-17,3,19,68
2018-03-18,3,19,71
2018-03-19,3,19,52
2018-03-20,3,19,55
2018-03-21,3,19,58
2018-03-22,3,19,61
2018-03-23,3,19,65
2018-03-24,3,19,68
2018-03-25,3,19,71
2018-03-26,3,19,52
2018-03-27,3,19,55
2018-03-28,3,19,58
2018-03-29,3,19,61
2018-03-30,3,19,64
2018-03-31,3,19,68
2018-01-01,4,19,51
2018-01-02,4,19,54
2018-01-03,4,19,57
2018-01-04,4,19,61
2018-01-05,4,19,64
2018-01-06,4,19,67
2018-01-07,4,19,70
2018-01-08,4,19,51
2018-01-09,4,19,54
2018-01-10,4,19,57
2018-01-11,4,19,60
2018-01-12,4,19,63
2018-01-13,4,19,67
2018-01-14,4,19,70
2018-01-15,4,19,50
2018-01-16,4,19,54
2018-01-17,4,19,57
2018-01-18,4,19,60
2018-01-19,4,19,63
2018-01-20,4,19,66
2018-01-21,4,19,69
2018-01-22,4,19,50
2018-01-23,4,19,53
2018-01-24,4,19,57
2018-01-25,4,19,60
2018-01-26,4,19,63
2018-01-27,4,19,66
2018-01-28,4,19,69
2018-01-29,4,19,50
2018-01-30,4,19,53
2018-01-31,4,19,56
2018-02-01,4,19,61
2018-02-02,4,19,65
2018-02-03,4,19,68
2018-02-04,4,19,71
2018-02-05,4,19,52
2018-02-06,4,19,55
2018-02-07,4,19,58
2018-02-08,4,19,61
2018-02-09,4,19,64
2018-02-10,4,19,67
2018-02-11,4,19,71
2018-02-12,4,19,51
2018-02-13,4,19,54
2018-02-14,4,19,58
2018-02-15,4,19,61
2018-02-16,4,19,64
2018-02-17,4,19,67
2018-02-18,4,19,70
2018-02-19,4,19,51
2018-02-20,4,19,54
2018-02-21,4,19,57
2018-02-22,4,19,61
2018-02-23,4,19,64
2018-02-24,4,19,67
2018-02-25,4,19,70
2018-02-26,4,19,51
2018-02-27,4,19,54
2018-02-28,4,19,57
2018-03-01,4,19,62
2018-03-02,4,19,65
2018-03-03,4,19,69
2018-03-04,4,19,72
2018-03-05,4,19,52
2018-03-06,4,19,56
2018-03-07,4,19,59
2018-03-08,4,19,62
2018-03-09,4,19,65
2018-03-10,4,19,68
2018-03-11,4,19,71
2018-03-12,4,19,52
2018-03-13,4,19,55
2018-03-14,4,19,58
2018-03-15,4,19,62
2018-03-16,4,19,65
2018-03-17,4,19,68
2018-03-18,4,19,71
2018-03-19,4,19,52
2018-03-20,4,19,55
2018-03-21,4,19,58
2018-03-22,4,19,61
2018-03-23,4,19,65
2018-03-24,4,19,68
2018-03-25,4,19,71
2018-03-26,4,19,52
2018-03-27,4,19,55
2018-03-28,4,19,58
2018-03-29,4,19,61
2018-03-30,4,19,64
2018-03-31,4,19,67
2018-01-01,5,19,51
2018-01-02,5,19,54
2018-01-03,5,19,57
2018-01-04,5,19,60
2018-01-05,5,19,64
2018-01-06,5,19,67
2018-01-07,5,19,70
2018-01-08,5,19,51
2018-01-09,5,19,54
2018-01-10,5,19,57
2018-01-11,5,19,60
2018-01-12,5,19,63
2018-01-13,5,19,67
2018-01-14,5,19,70
2018-01-15,5,19,50
2018-01-16,5,19,54
2018-01-17,5,19,57
2018-01-18,5,19,60
2018-01-19,5,19,63
2018-01-20,5,19,66
2018-01-21,5,19,69
2018-01-22,5,19,50
2018-01-23,5,19,53
2018-01-24,5,19,56
2018-01-25,5,19,60
2018-01-26,5,19,63
2018-01-27,5,19,66
2018-01-28,5,19,69
2018-01-29,5,19,50
2018-01-30,5,19,53
2018-01-31,5,19,56
2018-02-01,5,19,61
2018-02-02,5,19,64
2018-02-03,5,19,68
2018-02-04,5,19,71
2018-02-05,5,19,52
2018-02-06,5,19,55
2018-02-07,5,19,58
2018-02-08,5,19,61
2018-02-09,5,19,64
2018-02-10,5,19,67
2018-02-11,5,19,71
2018-02-12,5,19,51
2018-02-13,5,19,54
2018-02-14,5,19,58
2018-02-15,5,19,61
2018-02-16,5,19,64
2018-02-17,5,19,67
2018-02-18,5,19,70
2018-02-19,5,19,51
2018-02-20,5,19,54
2018-02-21,5,19,57
2018-02-22,5,19,60
2018-02-23,5,19,64
2018-02-24,5,19,67
2018-02-25,5,19,70
2018-02-26,5,19,51
2018-02-27,5,19,54
2018-02-28,5,19,57
2018-03-01,5,19,62
2018-03-02,5,19,65
2018-03-03,5,19,68
2018-03-04,5,19,72
2018-03-05,5,19,52
2018-03-06,5,19,56
2018-03-07,5,19,59
2018-03-08,5,19,62
2018-03-09,5,19,65
2018-03-10,5,19,68
2018-03-11,5,19,71
2018-03-12,5,19,52
2018-03-13,5,19,55
2018-03-14,5,19,58
2018-03-15,5,19,62
2018-03-16,5,19,65
2018-03-17,5,19,68
2018-03-18,5,19,71
2018-03-19,5,19,52
2018-03-20,5,19,55
2018-03-21,5,19,58
2018-03-22,5,19,61
2018-03-23,5,19,64
2018-03-24,5,19,68
2018-03-25,5,19,71
2018-03-26,5,19,52
2018-03-27,5,19,55
2018-03-28,5,19,58
2018-03-29,5,19,61
2018-03-30,5,19,64
2018-03-31,5,19,67
2018-01-01,6,19,51
2018-01-02,6,19,54
2018-01-03,6,19,57
2018-01-04,6,19,60
2018-01-05,6,19,64
2018-01-06,6,19,67
2018-01-07,6,19,70
2018-01-08,6,19,51
2018-01-09,6,19,54
2018-01-10,6,19,57
2018-01-11,6,19,60
2018-01-12,6,19,63
2018-01-13,6,19,66
2018-01-14,6,19,70
2018-01-15,6,19,50
2018-01-16,6,19,53
2018-01-17,6,19,57
2018-01-18,6,19,60
2018-01-19,6,19,63
2018-01-20,6,19,66
2018-01-21,6,19,69
2018-01-22,6,19,50
2018-01-23,6,19,53
2018-01-24,6,19,56
2018-01-25,6,19,60
2018-01-26,6,19,63
2018-01-27,6,19,66
2018-01-28,6,19,69
2018-01-29,6,19,50
2018-01-30,6,19,53
2018-01-31,6,19,56
2018-02-01,6,19,61
2018-02-02,6,19,64
2018-02-03,6,19,68
2018-02-04,6,19,71
2018-02-05,6,19,51
2018-02-06,6,19,55
2018-02-07,6,19,58
2018-02-08,6,19,61
2018-02-09,6,19,64
2018-02-10,6,19,67
2018-02-11,6,19,70
2018-02-12,6,19,51
2018-02-13,6,19,54
2018-02-14,6,19,57
2018-02-15,6,19,61
2018-02-16,6,19,64
2018-02-17,6,19,67
2018-02-18,6,19,70
2018-02-19,6,19,51
2018-02-20,6,19,54
2018-02-21,6,19,57
2018-02-22,6,19,60
2018-02-23,6,19,64
2018-02-24,6,19,67
2018-02-25,6,19,70
2018-02-26,6,19,51
2018-02-27,6,19,54
2018-02-28,6,19,57
2018-03-01,6,19,62
2018-03-02,6,19,65
2018-03-03,6,19,68
2018-03-04,6,19,72
2018-03-05,6,19,52
2018-03-06,6,19,55
2018-03-07,6,19,59
2018-03-08,6,19,62
2018-03-09,6,19,65
2018-03-10,6,19,68
2018-03-11,6,19,71
2018-03-12,6,19,52
2018-03-13,6,19,55
2018-03-14,6,19,58
2018-03-15,6,19,61
2018-03-16,6,19,65
2018-03-17,6,19,68
2018-03-18,6,19,71
2018-03-19,6,19,52
2018-03-20,6,19,55
2018-03-21,6,19,58
2018-03-22,6,19,61
2018-03-23,6,19,64
2018-03-24,6,19,68
2018-03-25,6,19,71
2018-03-26,6,19,51
2018-03-27,6,19,55
2018-03-28,6,19,58
2018-03-29,6,19,61
2018-03-30,6,19,64
2018-03-31,6,19,67
2018-01-01,7,19,51
2018-01-02,7,19,54
2018-01-03,7,19,57
2018-01-04,7,19,60
2018-01-05,7,19,63
2018-01-06,7,19,67
2018-01-07,7,19,70
2018-01-08,7,19,51
2018-01-09,7,19,54
2018-01-10,7,19,57
2018-01-11,7,19,60
2018-01-12,7,19,63
2018-01-13,7,19,66
2018-01-14,7,19,70
2018-01-15,7,19,50
2018-01-16,7,19,53
2018-01-17,7,19,57
2018-01-18,7,19,60
2018-01-19,7,19,63
2018-01-20,7,19,66
2018-01-21,7,19,69
2018-01-22,7,19,50
2018-01-23,7,19,53
2018-01-24,7,19,56
2018-01-25,7,19,59
2018-01-26,7,19,63
2018-01-27,7,19,66
2018-01-28,7,19,69
2018-01-29,7,19,50
2018-01-30,7,19,53
2018-01-31,7,19,56
2018-02-01,7,19,61
2018-02-02,7,19,64
2018-02-03,7,19,67
2018-02-04,7,19,71
2018-02-05,7,19,51
2018-02-06,7,19,55
2018-02-07,7,19,58
2018-02-08,7,19,61
2018-02-09,7,19,64
2018-02-10,7,19,67
2018-02-11,7,19,70
2018-02-12,7,19,51
2018-02-13,7,19,54
2018-02-14,7,19,57
2018-02-15,7,19,61
2018-02-16,7,19,64
2018-02-17,7,19,67
2018-02-18,7,19,70
2018-02-19,7,19,51
2018-02-20,7,19,54
2018-02-21,7,19,57
2018-02-22,7,19,60
2018-02-23,7,19,63
2018-02-24,7,19,67
2018-02-25,7,19,70
2018-02-26,7,19,51
2018-02-27,7,19,54
2018-02-28,7,19,57
2018-03-01,7,19,62
2018-03-02,7,19,65
2018-03-03,7,19,68
2018-03-04,7,19,71
2018-03-05,7,19,52
2018-03-06,7,19,55
2018-03-07,7,19,59
2018-03-08,7,19,62
2018-03-09,7,19,65
2018-03-10,7,19,68
2018-03-11,7,19,71
2018-03-12,7,19,52
2018-03-13,7,19,55
2018-03-14,7,19,58
2018-03-15,7,19,61
2018-03-16,7,19,65
2018-03-17,7,19,68
2018-03-18,7,19,71
2018-03-19,7,19,52
2018-03-20,7,19,55
2018-03-21,7,19,58
2018-03-22,7,19,61
2018-03-23,7,19,64
2018-03-24,7,19,67
2018-03-25,7,19,71
2018-03-26,7,19,51
2018-03-27,7,19,55
2018-03-28,7,19,58
2018-03-29,7,19,61
2018-03-30,7,19,64
2018-03-31,7,19,67
2018-01-01,8,19,51
2018-01-02,8,19,54
2018-01-03,8,19,57
2018-01-04,8,19,60
2018-01-05,8,19,63
2018-01-06,8,19,67
2018-01-07,8,19,70
2018-01-08,8,19,50
2018-01-09,8,19,54
2018-01-10,8,19,57
2018-01-11,8,19,60
2018-01-12,8,19,63
2018-01-13,8,19,66
2018-01-14,8,19,69
2018-01-15,8,19,50
2018-01-16,8,19,53
2018-01-17,8,19,57
2018-01-18,8,19,60
2018-01-19,8,19,63
2018-01-20,8,19,66
2018-01-21,8,19,69
2018-01-22,8,19,50
2018-01-23,8,19,53
2018-01-24,8,19,56
2018-01-25,8,19,59
2018-01-26,8,19,63
2018-01-27,8,19,66
2018-01-28,8,19,69
2018-01-29,8,19,50
2018-01-30,8,19,53
2018-01-31,8,19,56
2018-02-01,8,19,61
2018-02-02,8,19,64
2018-02-03,8,19,67
2018-02-04,8,19,71
2018-02-05,8,19,51
2018-02-06,8,19,54
2018-02-07,8,19,58
2018-02-08,8,19,61
2018-02-09,8,19,64
2018-02-10,8,19,67
2018-02-11,8,19,70
2018-02-12,8,19,51
2018-02-13,8,19,54
2018-02-14,8,19,57
2018-02-15,8,19,61
2018-02-16,8,19,64
2018-02-17,8,19,67
2018-02-18,8,19,70
2018-02-19,8,19,51
2018-02-20,8,19,54
2018-02-21,8,19,57
2018-02-22,8,19,60
2018-02-23,8,19,63
2018-02-24,8,19,67
2018-02-25,8,19,70
2018-02-26,8,19,50
2018-02-27,8,19,54
2018-02-28,8,19,57
2018-03-01,8,19,62
2018-03-02,8,19,65
2018-03-03,8,19,68
2018-03-04,8,19,71
2018-03-05,8,19,52
2018-03-06,8,19,55
2018-03-07,8,19,58
2018-03-08,8,19,62
2018-03-09,8,19,65
2018-03-10,8,19,68
2018-03-11,8,19,71
2018-03-12,8,19,52
2018-03-13,8,19,55
2018-03-14,8,19,58
2018-03-15,8,19,61
2018-03-16,8,19,65
2018-03-17,8,19,68
2018-03-18,8,19,71
2018-03-19,8,19,52
2018-03-20,8,19,55
2018-03-21,8,19,58
2018-03-22,8,19,61
2018-03-23,8,19,64
2018-03-24,8,19,67
2018-03-25,8,19,71
2018-03-26,8,19,51
2018-03-27,8,19,54
2018-03-28,8,19,58
2018-03-29,8,19,61
2018-03-30,8,19,64
2018-03-31,8,19,67
2018-01-01,9,19,51
2018-01-02,9,19,54
2018-01-03,9,19,57
2018-01-04,9,19,60
2018-01-05,9,19,63
2018-01-06,9,19,66
2018-01-07,9,19,70
2018-01-08,9,19,50
2018-01-09,9,19,54
2018-01-10,9,19,57
2018-01-11,9,19,60
2018-01-12,9,19,63
2018-01-13,9,19,66
2018-01-14,9,19,69
2018-01-15,9,19,50
2018-01-16,9,19,53
2018-01-17,9,19,56
2018-01-18,9,19,60
2018-01-19,9,19,63
2018-01-20,9,19,66
2018-01-21,9,19,69
2018-01-22,9,19,50
2018-01-23,9,19,53
2018-01-24,9,19,56
2018-01-25,9,19,59
2018-01-26,9,19,62
2018-01-27,9,19,66
2018-01-28,9,19,69
2018-01-29,9,19,50
2018-01-30,9,19,53
2018-01-31,9,19,56
2018-02-01,9,19,61
2018-02-02,9,19,64
2018-02-03,9,19,67
2018-02-04,9,19,70
2018-02-05,9,19,51
2018-02-06,9,19,54
2018-02-07,9,19,58
2018-02-08,9,19,61
2018-02-09,9,19,64
2018-02-10,9,19,67
2018-02-11,9,19,70
2018-02-12,9,19,51
2018-02-13,9,19,54
2018-02-14,9,19,57
2018-02-15,9,19,60
2018-02-16,9,19,64
2018-02-17,9,19,67
2018-02-18,9,19,70
2018-02-19,9,19,51
2018-02-20,9,19,54
2018-02-21,9,19,57
2018-02-22,9,19,60
2018-02-23,9,19,63
2018-02-24,9,19,66
2018-02-25,9,19,70
2018-02-26,9,19,50
2018-02-27,9,19,54
2018-02-28,9,19,57
2018-03-01,9,19,62
2018-03-02,9,19,65
2018-03-03,9,19,68
2018-03-04,9,19,71
2018-03-05,9,19,52
2018-03-06,9,19,55
2018-03-07,9,19,58
2018-03-08,9,19,62
2018-03-09,9,19,65
2018-03-10,9,19,68
2018-03-11,9,19,71
2018-03-12,9,19,52
2018-03-13,9,19,55
2018-03-14,9,19,58
2018-03-15,9,19,61
2018-03-16,9,19,64
2018-03-17,9,19,68
2018-03-18,9,19,71
2018-03-19,9,19,51
2018-03-20,9,19,55
2018-03-21,9,19,58
2018-03-22,9,19,61
2018-03-23,9,19,64
2018-03-24,9,19,67
2018-03-25,9,19,70
2018-03-26,9,19,51
2018-03-27,9,19,54
2018-03-28,9,19,58
2018-03-29,9,19,61
2018-03-30,9,19,64
2018-03-31,9,19,67
2018-01-01,10,19,51
2018-01-02,10,19,54
2018-01-03,10,19,57
2018-01-04,10,19,60
2018-01-05,10,19,63
2018-01-06,10,19,66
2018-01-07,10,19,70
2018-01-08,10,19,50
2018-01-09,10,19,53
2018-01-10,10,19,57
2018-01-11,10,19,60
2018-01-12,10,19,63
2018-01-13,10,19,66
2018-01-14,10,19,69
2018-01-15,10,19,50
2018-01-16,10,19,53
2018-01-17,10,19,56
2018-01-18,10,19,60
2018-01-19,10,19,63
2018-01-20,10,19,66
2018-01-21,10,19,69
2018-01-22,10,19,50
2018-01-23,10,19,53
2018-01-24,10,19,56
2018-01-25,10,19,59
2018-01-26,10,19,62
2018-01-27,10,19,66
2018-01-28,10,19,69
2018-01-29,10,19,49
2018-01-30,10,19,53
2018-01-31,10,19,56
2018-02-01,10,19,61
2018-02-02,10,19,64
2018-02-03,10,19,67
2018-02-04,10,19,70
2018-02-05,10,19,51
2018-02-06,10,19,54
2018-02-07,10,19,57
2018-02-08,10,19,61
2018-02-09,10,19,64
2018-02-10,10,19,67
2018-02-11,10,19,70
2018-02-12,10,19,51
2018-02-13,10,19,54
2018-02-14,10,19,57
2018-02-15,10,19,60
2018-02-16,10,19,64
2018-02-17,10,19,67
2018-02-18,10,19,70
2018-02-19,10,19,51
2018-02-20,10,19,54
2018-02-21,10,19,57
2018-02-22,10,19,60
2018-02-23,10,19,63
2018-02-24,10,19,66
2018-02-25,10,19,70
2018-02-26,10,19,50
2018-02-27,10,19,53
2018-02-28,10,19,57
2018-03-01,10,19,62
2018-03-02,10,19,65
2018-03-03,10,19,68
2018-03-04,10,19,71
2018-03-05,10,19,52
2018-03-06,10,19,55
2018-03-07,10,19,58
2018-03-08,10,19,61
2018-03-09,10,19,65
2018-03-10,10,19,68
2018-03-11,10,19,71
2018-03-12,10,19,52
2018-03-13,10,19,55
2018-03-14,10,19,58
2018-03-15,10,19,61
2018-03-16,10,19,64
2018-03-17,10,19,68
2018-03-18,10,19,71
2018-03-19,10,19,51
2018-03-20,10,19,55
2018-03-21,10,19,58
2018-03-22,10,19,61
2018-03-23,10,19,64
2018-03-24,10,19,67
2018-03-25,10,19,70
2018-03-26,10,19,51
2018-03-27,10,19,54
2018-03-28,10,19,57
2018-03-29,10,19,61
2018-03-30,10,19,64
2018-03-31,10,19,67
2018-01-01,1,20,51
2018-01-02,1,20,54
2018-01-03,1,20,57
2018-01-04,1,20,61
2018-01-05,1,20,64
2018-01-06,1,20,67
2018-01-07,1,20,70
2018-01-08,1,20,51
2018-01-09,1,20,54
2018-01-10,1,20,57
2018-01-11,1,20,60
2018-01-12,1,20,64
2018-01-13,1,20,67
2018-01-14,1,20,70
2018-01-15,1,20,51
2018-01-16,1,20,54
2018-01-17,1,20,57
2018-01-18,1,20,60
2018-01-19,1,20,63
2018-01-20,1,20,66
2018-01-21,1,20,70
2018-01-22,1,20,50
2018-01-23,1,20,54
2018-01-24,1,20,57
2018-01-25,1,20,60
2018-01-26,1,20,63
2018-01-27,1,20,66
2018-01-28,1,20,69
2018-01-29,1,20,50
2018-01-30,1,20,53
2018-01-31,1,20,56
2018-02-01,1,20,61
2018-02-02,1,20,65
2018-02-03,1,20,68
2018-02-04,1,20,71
2018-02-05,1,20,52
2018-02-06,1,20,55
2018-02-07,1,20,58
2018-02-08,1,20,61
2018-02-09,1,20,64
2018-02-10,1,20,68
2018-02-11,1,20,71
2018-02-12,1,20,51
2018-02-13,1,20,55
2018-02-14,1,20,58
2018-02-15,1,20,61
2018-02-16,1,20,64
2018-02-17,1,20,67
2018-02-18,1,20,70
2018-02-19,1,20,51
2018-02-20,1,20,54
2018-02-21,1,20,57
2018-02-22,1,20,61
2018-02-23,1,20,64
2018-02-24,1,20,67
2018-02-25,1,20,70
2018-02-26,1,20,51
2018-02-27,1,20,54
2018-02-28,1,20,57
2018-03-01,1,20,62
2018-03-02,1,20,65
2018-03-03,1,20,69
2018-03-04,1,20,72
2018-03-05,1,20,53
2018-03-06,1,20,56
2018-03-07,1,20,59
2018-03-08,1,20,62
2018-03-09,1,20,65
2018-03-10,1,20,68
2018-03-11,1,20,72
2018-03-12,1,20,52
2018-03-13,1,20,55
2018-03-14,1,20,59
2018-03-15,1,20,62
2018-03-16,1,20,65
2018-03-17,1,20,68
2018-03-18,1,20,71
2018-03-19,1,20,52
2018-03-20,1,20,55
2018-03-21,1,20,58
2018-03-22,1,20,61
2018-03-23,1,20,65
2018-03-24,1,20,68
2018-03-25,1,20,71
2018-03-26,1,20,52
2018-03-27,1,20,55
2018-03-28,1,20,58
2018-03-29,1,20,61
2018-03-30,1,20,64
2018-03-31,1,20,68
2018-01-01,2,20,51
2018-01-02,2,20,54
2018-01-03,2,20,57
2018-01-04,2,20,61
2018-01-05,2,20,64
2018-01-06,2,20,67
2018-01-07,2,20,70
2018-01-08,2,20,51
2018-01-09,2,20,54
2018-01-10,2,20,57
2018-01-11,2,20,60
2018-01-12,2,20,63
2018-01-13,2,20,67
2018-01-14,2,20,70
2018-01-15,2,20,51
2018-01-16,2,20,54
2018-01-17,2,20,57
2018-01-18,2,20,60
2018-01-19,2,20,63
2018-01-20,2,20,66
2018-01-21,2,20,70
2018-01-22,2,20,50
2018-01-23,2,20,53
2018-01-24,2,20,57
2018-01-25,2,20,60
2018-01-26,2,20,63
2018-01-27,2,20,66
2018-01-28,2,20,69
2018-01-29,2,20,50
2018-01-30,2,20,53
2018-01-31,2,20,56
2018-02-01,2,20,61
2018-02-02,2,20,65
2018-02-03,2,20,68
2018-02-04,2,20,71
2018-02-05,2,20,52
2018-02-06,2,20,55
2018-02-07,2,20,58
2018-02-08,2,20,61
2018-02-09,2,20,64
2018-02-10,2,20,67
2018-02-11,2,20,71
2018-02-12,2,20,51
2018-02-13,2,20,55
2018-02-14,2,20,58
2018-02-15,2,20,61
2018-02-16,2,20,64
2018-02-17,2,20,67
2018-02-18,2,20,70
2018-02-19,2,20,51
2018-02-20,2,20,54
2018-02-21,2,20,57
2018-02-22,2,20,61
2018-02-23,2,20,64
2018-02-24,2,20,67
2018-02-25,2,20,70
2018-02-26,2,20,51
2018-02-27,2,20,54
2018-02-28,2,20,57
2018-03-01,2,20,62
2018-03-02,2,20,65
2018-03-03,2,20,69
2018-03-04,2,20,72
2018-03-05,2,20,52
2018-03-06,2,20,56
2018-03-07,2,20,59
2018-03-08,2,20,62
2018-03-09,2,20,65
2018-03-10,2,20,68
2018-03-11,2,20,71
2018-03-12,2,20,52
2018-03-13,2,20,55
2018-03-14,2,20,59
2018-03-15,2,20,62
2018-03-16,2,20,65
2018-03-17,2,20,68
2018-03-18,2,20,71
2018-03-19,2,20,52
2018-03-20,2,20,55
2018-03-21,2,20,58
2018-03-22,2,20,61
2018-03-23,2,20,65
2018-03-24,2,20,68
2018-03-25,2,20,71
2018-03-26,2,20,52
2018-03-27,2,20,55
2018-03-28,2,20,58
2018-03-29,2,20,61
2018-03-30,2,20,64
2018-03-31,2,20,67
2018-01-01,3,20,51
2018-01-02,3,20,54
2018-01-03,3,20,57
2018-01-04,3,20,60
2018-01-05,3,20,64
2018-01-06,3,20,67
2018-01-07,3,20,70
2018-01-08,3,20,51
2018-01-09,3,20,54
2018-01-10,3,20,57
2018-01-11,3,20,60
2018-01-12,3,20,63
2018-01-13,3,20,67
2018-01-14,3,20,70
2018-01-15,3,20,50
2018-01-16,3,20,54
2018-01-17,3,20,57
2018-01-18,3,20,60
2018-01-19,3,20,63
2018-01-20,3,20,66
2018-01-21,3,20,69
2018-01-22,3,20,50
2018-01-23,3,20,53
2018-01-24,3,20,57
2018-01-25,3,20,60
2018-01-26,3,20,63
2018-01-27,3,20,66
2018-01-28,3,20,69
2018-01-29,3,20,50
2018-01-30,3,20,53
2018-01-31,3,20,56
2018-02-01,3,20,61
2018-02-02,3,20,64
2018-02-03,3,20,68
2018-02-04,3,20,71
2018-02-05,3,20,52
2018-02-06,3,20,55
2018-02-07,3,20,58
2018-02-08,3,20,61
2018-02-09,3,20,64
2018-02-10,3,20,67
2018-02-11,3,20,71
2018-02-12,3,20,51
2018-02-13,3,20,54
2018-02-14,3,20,58
2018-02-15,3,20,61
2018-02-16,3,20,64
2018-02-17,3,20,67
2018-02-18,3,20,70
2018-02-19,3,20,51
2018-02-20,3,20,54
2018-02-21,3,20,57
2018-02-22,3,20,61
2018-02-23,3,20,64
2018-02-24,3,20,67
2018-02-25,3,20,70
2018-02-26,3,20,51
2018-02-27,3,20,54
2018-02-28,3,20,57
2018-03-01,3,20,62
2018-03-02,3,20,65
2018-03-03,3,20,68
2018-03-04,3,20,72
2018-03-05,3,20,52
2018-03-06,3,20,56
2018-03-07,3,20,59
2018-03-08,3,20,62
2018-03-09,3,20,65
2018-03-10,3,20,68
2018-03-11,3,20,71
2018-03-12,3,20,52
2018-03-13,3,20,55
2018-03-14,3,20,58
2018-03-15,3,20,62
2018-03-16,3,20,65
2018-03-17,3,20,68
2018-03-18,3,20,71
2018-03-19,3,20,52
2018-03-20,3,20,55
2018-03-21,3,20,58
2018-03-22,3,20,61
2018-03-23,3,20,65
2018-03-24,3,20,68
2018-03-25,3,20,71
2018-03-26,3,20,52
2018-03-27,3,20,55
2018-03-28,3,20,58
2018-03-29,3,20,61
2018-03-30,3,20,64
2018-03-31,3,20,67
2018-01-01,4,20,51
2018-01-02,4,20,54
2018-01-03,4,20,57
2018-01-04,4,20,60
2018-01-05,4,20,64
2018-01-06,4,20,67
2018-01-07,4,20,70
2018-01-08,4,20,51
2018-01-09,4,20,54
2018-01-10,4,20,57
2018-01-11,4,20,60
2018-01-12,4,20,63
2018-01-13,4,20,66
2018-01-14,4,20,70
2018-01-15,4,20,50
2018-01-16,4,20,54
2018-01-17,4,20,57
2018-01-18,4,20,60
2018-01-19,4,20,63
2018-01-20,4,20,66
2018-01-21,4,20,69
2018-01-22,4,20,50
2018-01-23,4,20,53
2018-01-24,4,20,56
2018-01-25,4,20,60
2018-01-26,4,20,63
2018-01-27,4,20,66
2018-01-28,4,20,69
2018-01-29,4,20,50
2018-01-30,4,20,53
2018-01-31,4,20,56
2018-02-01,4,20,61
2018-02-02,4,20,64
2018-02-03,4,20,68
2018-02-04,4,20,71
2018-02-05,4,20,51
2018-02-06,4,20,55
2018-02-07,4,20,58
2018-02-08,4,20,61
2018-02-09,4,20,64
2018-02-10,4,20,67
2018-02-11,4,20,70
2018-02-12,4,20,51
2018-02-13,4,20,54
2018-02-14,4,20,58
2018-02-15,4,20,61
2018-02-16,4,20,64
2018-02-17,4,20,67
2018-02-18,4,20,70
2018-02-19,4,20,51
2018-02-20,4,20,54
2018-02-21,4,20,57
2018-02-22,4,20,60
2018-02-23,4,20,64
2018-02-24,4,20,67
2018-02-25,4,20,70
2018-02-26,4,20,51
2018-02-27,4,20,54
2018-02-28,4,20,57
2018-03-01,4,20,62
2018-03-02,4,20,65
2018-03-03,4,20,68
2018-03-04,4,20,72
2018-03-05,4,20,52
2018-03-06,4,20,55
2018-03-07,4,20,59
2018-03-08,4,20,62
2018-03-09,4,20,65
2018-03-10,4,20,68
2018-03-11,4,20,71
2018-03-12,4,20,52
2018-03-13,4,20,55
2018-03-14,4,20,58
2018-03-15,4,20,62
2018-03-16,4,20,65
2018-03-17,4,20,68
2018-03-18,4,20,71
2018-03-19,4,20,52
2018-03-20,4,20,55
2018-03-21,4,20,58
2018-03-22,4,20,61
2018-03-23,4,20,64
2018-03-24,4,20,68
2018-03-25,4,20,71
2018-03-26,4,20,51
2018-03-27,4,20,55
2018-03-28,4,20,58
2018-03-29,4,20,61
2018-03-30,4,20,64
2018-03-31,4,20,67
2018-01-01,5,20,51
2018-01-02,5,20,54
2018-01-03,5,20,57
2018-01-04,5,20,60
2018-01-05,5,20,64
2018-01-06,5,20,67
2018-01-07,5,20,70
2018-01-08,5,20,51
2018-01-09,5,20,54
2018-01-10,5,20,57
2018-01-11,5,20,60
2018-01-12,5,20,63
2018-01-13,5,20,66
2018-01-14,5,20,70
2018-01-15,5,20,50
2018-01-16,5,20,53
2018-01-17,5,20,57
2018-01-18,5,20,60
2018-01-19,5,20,63
2018-01-20,5,20,66
2018-01-21,5,20,69
2018-01-22,5,20,50
2018-01-23,5,20,53
2018-01-24,5,20,56
2018-01-25,5,20,60
2018-01-26,5,20,63
2018-01-27,5,20,66
2018-01-28,5,20,69
2018-01-29,5,20,50
2018-01-30,5,20,53
2018-01-31,5,20,56
2018-02-01,5,20,61
2018-02-02,5,20,64
2018-02-03,5,20,68
2018-02-04,5,20,71
2018-02-05,5,20,51
2018-02-06,5,20,55
2018-02-07,5,20,58
2018-02-08,5,20,61
2018-02-09,5,20,64
2018-02-10,5,20,67
2018-02-11,5,20,70
2018-02-12,5,20,51
2018-02-13,5,20,54
2018-02-14,5,20,57
2018-02-15,5,20,61
2018-02-16,5,20,64
2018-02-17,5,20,67
2018-02-18,5,20,70
2018-02-19,5,20,51
2018-02-20,5,20,54
2018-02-21,5,20,57
2018-02-22,5,20,60
2018-02-23,5,20,64
2018-02-24,5,20,67
2018-02-25,5,20,70
2018-02-26,5,20,51
2018-02-27,5,20,54
2018-02-28,5,20,57
2018-03-01,5,20,62
2018-03-02,5,20,65
2018-03-03,5,20,68
2018-03-04,5,20,71
2018-03-05,5,20,52
2018-03-06,5,20,55
2018-03-07,5,20,59
2018-03-08,5,20,62
2018-03-09,5,20,65
2018-03-10,5,20,68
2018-03-11,5,20,71
2018-03-12,5,20,52
2018-03-13,5,20,55
2018-03-14,5,20,58
2018-03-15,5,20,61
2018-03-16,5,20,65
2018-03-17,5,20,68
2018-03-18,5,20,71
2018-03-19,5,20,52
2018-03-20,5,20,55
2018-03-21,5,20,58
2018-03-22,5,20,61
2018-03-23,5,20,64
2018-03-24,5,20,68
2018-03-25,5,20,71
2018-03-26,5,20,51
2018-03-27,5,20,55
2018-03-28,5,20,58
2018-03-29,5,20,61
2018-03-30,5,20,64
2018-03-31,5,20,67
2018-01-01,6,20,51
2018-01-02,6,20,54
2018-01-03,6,20,57
2018-01-04,6,20,60
2018-01-05,6,20,63
2018-01-06,6,20,67
2018-01-07,6,20,70
2018-01-08,6,20,50
2018-01-09,6,20,54
2018-01-10,6,20,57
2018-01-11,6,20,60
2018-01-12,6,20,63
2018-01-13,6,20,66
2018-01-14,6,20,69
2018-01-15,6,20,50
2018-01-16,6,20,53
2018-01-17,6,20,57
2018-01-18,6,20,60
2018-01-19,6,20,63
2018-01-20,6,20,66
2018-01-21,6,20,69
2018-01-22,6,20,50
2018-01-23,6,20,53
2018-01-24,6,20,56
2018-01-25,6,20,59
2018-01-26,6,20,63
2018-01-27,6,20,66
2018-01-28,6,20,69
2018-01-29,6,20,50
2018-01-30,6,20,53
2018-01-31,6,20,56
2018-02-01,6,20,61
2018-02-02,6,20,64
2018-02-03,6,20,67
2018-02-04,6,20,71
2018-02-05,6,20,51
2018-02-06,6,20,54
2018-02-07,6,20,58
2018-02-08,6,20,61
2018-02-09,6,20,64
2018-02-10,6,20,67
2018-02-11,6,20,70
2018-02-12,6,20,51
2018-02-13,6,20,54
2018-02-14,6,20,57
2018-02-15,6,20,61
2018-02-16,6,20,64
2018-02-17,6,20,67
2018-02-18,6,20,70
2018-02-19,6,20,51
2018-02-20,6,20,54
2018-02-21,6,20,57
2018-02-22,6,20,60
2018-02-23,6,20,63
2018-02-24,6,20,67
2018-02-25,6,20,70
2018-02-26,6,20,51
2018-02-27,6,20,54
2018-02-28,6,20,57
2018-03-01,6,20,62
2018-03-02,6,20,65
2018-03-03,6,20,68
2018-03-04,6,20,71
2018-03-05,6,20,52
2018-03-06,6,20,55
2018-03-07,6,20,58
2018-03-08,6,20,62
2018-03-09,6,20,65
2018-03-10,6,20,68
2018-03-11,6,20,71
2018-03-12,6,20,52
2018-03-13,6,20,55
2018-03-14,6,20,58
2018-03-15,6,20,61
2018-03-16,6,20,65
2018-03-17,6,20,68
2018-03-18,6,20,71
2018-03-19,6,20,52
2018-03-20,6,20,55
2018-03-21,6,20,58
2018-03-22,6,20,61
2018-03-23,6,20,64
2018-03-24,6,20,67
2018-03-25,6,20,71
2018-03-26,6,20,51
2018-03-27,6,20,55
2018-03-28,6,20,58
2018-03-29,6,20,61
2018-03-30,6,20,64
2018-03-31,6,20,67
2018-01-01,7,20,51
2018-01-02,7,20,54
2018-01-03,7,20,57
2018-01-04,7,20,60
2018-01-05,7,20,63
2018-01-06,7,20,67
2018-01-07,7,20,70
2018-01-08,7,20,50
2018-01-09,7,20,54
2018-01-10,7,20,57
2018-01-11,7,20,60
2018-01-12,7,20,63
2018-01-13,7,20,66
2018-01-14,7,20,69
2018-01-15,7,20,50
2018-01-16,7,20,53
2018-01-17,7,20,56
2018-01-18,7,20,60
2018-01-19,7,20,63
2018-01-20,7,20,66
2018-01-21,7,20,69
2018-01-22,7,20,50
2018-01-23,7,20,53
2018-01-24,7,20,56
2018-01-25,7,20,59
2018-01-26,7,20,63
2018-01-27,7,20,66
2018-01-28,7,20,69
2018-01-29,7,20,50
2018-01-30,7,20,53
2018-01-31,7,20,56
2018-02-01,7,20,61
2018-02-02,7,20,64
2018-02-03,7,20,67
2018-02-04,7,20,71
2018-02-05,7,20,51
2018-02-06,7,20,54
2018-02-07,7,20,58
2018-02-08,7,20,61
2018-02-09,7,20,64
2018-02-10,7,20,67
2018-02-11,7,20,70
2018-02-12,7,20,51
2018-02-13,7,20,54
2018-02-14,7,20,57
2018-02-15,7,20,60
2018-02-16,7,20,64
2018-02-17,7,20,67
2018-02-18,7,20,70
2018-02-19,7,20,51
2018-02-20,7,20,54
2018-02-21,7,20,57
2018-02-22,7,20,60
2018-02-23,7,20,63
2018-02-24,7,20,67
2018-02-25,7,20,70
2018-02-26,7,20,50
2018-02-27,7,20,54
2018-02-28,7,20,57
2018-03-01,7,20,62
2018-03-02,7,20,65
2018-03-03,7,20,68
2018-03-04,7,20,71
2018-03-05,7,20,52
2018-03-06,7,20,55
2018-03-07,7,20,58
2018-03-08,7,20,62
2018-03-09,7,20,65
2018-03-10,7,20,68
2018-03-11,7,20,71
2018-03-12,7,20,52
2018-03-13,7,20,55
2018-03-14,7,20,58
2018-03-15,7,20,61
2018-03-16,7,20,64
2018-03-17,7,20,68
2018-03-18,7,20,71
2018-03-19,7,20,52
2018-03-20,7,20,55
2018-03-21,7,20,58
2018-03-22,7,20,61
2018-03-23,7,20,64
2018-03-24,7,20,67
2018-03-25,7,20,71
2018-03-26,7,20,51
2018-03-27,7,20,54
2018-03-28,7,20,58
2018-03-29,7,20,61
2018-03-30,7,20,64
2018-03-31,7,20,67
2018-01-01,8,20,51
2018-01-02,8,20,54
2018-01-03,8,20,57
2018-01-04,8,20,60
2018-01-05,8,20,63
2018-01-06,8,20,66
2018-01-07,8,20,70
2018-01-08,8,20,50
2018-01-09,8,20,54
2018-01-10,8,20,57
2018-01-11,8,20,60
2018-01-12,8,20,63
2018-01-13,8,20,66
2018-01-14,8,20,69
2018-01-15,8,20,50
2018-01-16,8,20,53
2018-01-17,8,20,56
2018-01-18,8,20,60
2018-01-19,8,20,63
2018-01-20,8,20,66
2018-01-21,8,20,69
2018-01-22,8,20,50
2018-01-23,8,20,53
2018-01-24,8,20,56
2018-01-25,8,20,59
2018-01-26,8,20,62
2018-01-27,8,20,66
2018-01-28,8,20,69
2018-01-29,8,20,50
2018-01-30,8,20,53
2018-01-31,8,20,56
2018-02-01,8,20,61
2018-02-02,8,20,64
2018-02-03,8,20,67
2018-02-04,8,20,70
2018-02-05,8,20,51
2018-02-06,8,20,54
2018-02-07,8,20,57
2018-02-08,8,20,61
2018-02-09,8,20,64
2018-02-10,8,20,67
2018-02-11,8,20,70
2018-02-12,8,20,51
2018-02-13,8,20,54
2018-02-14,8,20,57
2018-02-15,8,20,60
2018-02-16,8,20,64
2018-02-17,8,20,67
2018-02-18,8,20,70
2018-02-19,8,20,51
2018-02-20,8,20,54
2018-02-21,8,20,57
2018-02-22,8,20,60
2018-02-23,8,20,63
2018-02-24,8,20,66
2018-02-25,8,20,70
2018-02-26,8,20,50
2018-02-27,8,20,54
2018-02-28,8,20,57
2018-03-01,8,20,62
2018-03-02,8,20,65
2018-03-03,8,20,68
2018-03-04,8,20,71
2018-03-05,8,20,52
2018-03-06,8,20,55
2018-03-07,8,20,58
2018-03-08,8,20,61
2018-03-09,8,20,65
2018-03-10,8,20,68
2018-03-11,8,20,71
2018-03-12,8,20,52
2018-03-13,8,20,55
2018-03-14,8,20,58
2018-03-15,8,20,61
2018-03-16,8,20,64
2018-03-17,8,20,68
2018-03-18,8,20,71
2018-03-19,8,20,51
2018-03-20,8,20,55
2018-03-21,8,20,58
2018-03-22,8,20,61
2018-03-23,8,20,64
2018-03-24,8,20,67
2018-03-25,8,20,70
2018-03-26,8,20,51
2018-03-27,8,20,54
2018-03-28,8,20,58
2018-03-29,8,20,61
2018-03-30,8,20,64
2018-03-31,8,20,67
2018-01-01,9,20,51
2018-01-02,9,20,54
2018-01-03,9,20,57
2018-01-04,9,20,60
2018-01-05,9,20,63
2018-01-06,9,20,66
2018-01-07,9,20,70
2018-01-08,9,20,50
2018-01-09,9,20,53
2018-01-10,9,20,57
2018-01-11,9,20,60
2018-01-12,9,20,63
2018-01-13,9,20,66
2018-01-14,9,20,69
2018-01-15,9,20,50
2018-01-16,9,20,53
2018-01-17,9,20,56
2018-01-18,9,20,59
2018-01-19,9,20,63
2018-01-20,9,20,66
2018-01-21,9,20,69
2018-01-22,9,20,50
2018-01-23,9,20,53
2018-01-24,9,20,56
2018-01-25,9,20,59
2018-01-26,9,20,62
2018-01-27,9,20,66
2018-01-28,9,20,69
2018-01-29,9,20,49
2018-01-30,9,20,53
2018-01-31,9,20,56
2018-02-01,9,20,61
2018-02-02,9,20,64
2018-02-03,9,20,67
2018-02-04,9,20,70
2018-02-05,9,20,51
2018-02-06,9,20,54
2018-02-07,9,20,57
2018-02-08,9,20,61
2018-02-09,9,20,64
2018-02-10,9,20,67
2018-02-11,9,20,70
2018-02-12,9,20,51
2018-02-13,9,20,54
2018-02-14,9,20,57
2018-02-15,9,20,60
2018-02-16,9,20,63
2018-02-17,9,20,67
2018-02-18,9,20,70
2018-02-19,9,20,51
2018-02-20,9,20,54
2018-02-21,9,20,57
2018-02-22,9,20,60
2018-02-23,9,20,63
2018-02-24,9,20,66
2018-02-25,9,20,70
2018-02-26,9,20,50
2018-02-27,9,20,53
2018-02-28,9,20,57
2018-03-01,9,20,62
2018-03-02,9,20,65
2018-03-03,9,20,68
2018-03-04,9,20,71
2018-03-05,9,20,52
2018-03-06,9,20,55
2018-03-07,9,20,58
2018-03-08,9,20,61
2018-03-09,9,20,65
2018-03-10,9,20,68
2018-03-11,9,20,71
2018-03-12,9,20,52
2018-03-13,9,20,55
2018-03-14,9,20,58
2018-03-15,9,20,61
2018-03-16,9,20,64
2018-03-17,9,20,67
2018-03-18,9,20,71
2018-03-19,9,20,51
2018-03-20,9,20,55
2018-03-21,9,20,58
2018-03-22,9,20,61
2018-03-23,9,20,64
2018-03-24,9,20,67
2018-03-25,9,20,70
2018-03-26,9,20,51
2018-03-27,9,20,54
2018-03-28,9,20,57
2018-03-29,9,20,61
2018-03-30,9,20,64
2018-03-31,9,20,67
2018-01-01,10,20,50
2018-01-02,10,20,54
2018-01-03,10,20,57
2018-01-04,10,20,60
2018-01-05,10,20,63
2018-01-06,10,20,66
2018-01-07,10,20,69
2018-01-08,10,20,50
2018-01-09,10,20,53
2018-01-10,10,20,57
2018-01-11,10,20,60
2018-01-12,10,20,63
2018-01-13,10,20,66
2018-01-14,10,20,69
2018-01-15,10,20,50
2018-01-16,10,20,53
2018-01-17,10,20,56
2018-01-18,10,20,59
2018-01-19,10,20,63
2018-01-20,10,20,66
2018-01-21,10,20,69
2018-01-22,10,20,50
2018-01-23,10,20,53
2018-01-24,10,20,56
2018-01-25,10,20,59
2018-01-26,10,20,62
2018-01-27,10,20,65
2018-01-28,10,20,69
2018-01-29,10,20,49
2018-01-30,10,20,53
2018-01-31,10,20,56
2018-02-01,10,20,61
2018-02-02,10,20,64
2018-02-03,10,20,67
2018-02-04,10,20,70
2018-02-05,10,20,51
2018-02-06,10,20,54
2018-02-07,10,20,57
2018-02-08,10,20,61
2018-02-09,10,20,64
2018-02-10,10,20,67
2018-02-11,10,20,70
2018-02-12,10,20,51
2018-02-13,10,20,54
2018-02-14,10,20,57
2018-02-15,10,20,60
2018-02-16,10,20,63
2018-02-17,10,20,67
2018-02-18,10,20,70
2018-02-19,10,20,50
2018-02-20,10,20,54
2018-02-21,10,20,57
2018-02-22,10,20,60
2018-02-23,10,20,63
2018-02-24,10,20,66
2018-02-25,10,20,69
2018-02-26,10,20,50
2018-02-27,10,20,53
2018-02-28,10,20,57
2018-03-01,10,20,62
2018-03-02,10,20,65
2018-03-03,10,20,68
2018-03-04,10,20,71
2018-03-05,10,20,52
2018-03-06,10,20,55
2018-03-07,10,20,58
2018-03-08,10,20,61
2018-03-09,10,20,65
2018-03-10,10,20,68
2018-03-11,10,20,71
2018-03-12,10,20,52
2018-03-13,10,20,55
2018-03-14,10,20,58
2018-03-15,10,20,61
2018-03-16,10,20,64
2018-03-17,10,20,67
2018-03-18,10,20,71
2018-03-19,10,20,51
2018-03-20,10,20,54
2018-03-21,10,20,58
2018-03-22,10,20,61
2018-03-23,10,20,64
2018-03-24,10,20,67
2018-03-25,10,20,70
2018-03-26,10,20,51
2018-03-27,10,20,54
2018-03-28,10,20,57
2018-03-29,10,20,61
2018-03-30,10,20,64
2018-03-31,10,20,67
2018-01-01,1,21,51
2018-01-02,1,21,54
2018-01-03,1,21,57
2018-01-04,1,21,61
2018-01-05,1,21,64
2018-01-06,1,21,67
2018-01-07,1,21,70
2018-01-08,1,21,51
2018-01-09,1,21,54
2018-01-10,1,21,57
2018-01-11,1,21,60
2018-01-12,1,21,63
2018-01-13,1,21,67
2018-01-14,1,21,70
2018-01-15,1,21,50
2018-01-16,1,21,54
2018-01-17,1,21,57
2018-01-18,1,21,60
2018-01-19,1,21,63
2018-01-20,1,21,66
2018-01-21,1,21,69
2018-01-22,1,21,50
2018-01-23,1,21,53
2018-01-24,1,21,57
2018-01-25,1,21,60
2018-01-26,1,21,63
2018-01-27,1,21,66
2018-01-28,1,21,69
2018-01-29,1,21,50
2018-01-30,1,21,53
2018-01-31,1,21,56
2018-02-01,1,21,61
2018-02-02,1,21,65
2018-02-03,1,21,68
2018-02-04,1,21,71
2018-02-05,1,21,52
2018-02-06,1,21,55
2018-02-07,1,21,58
2018-02-08,1,21,61
2018-02-09,1,21,64
2018-02-10,1,21,67
2018-02-11,1,21,71
2018-02-12,1,21,51
2018-02-13,1,21,54
2018-02-14,1,21,58
2018-02-15,1,21,61
2018-02-16,1,21,64
2018-02-17,1,21,67
2018-02-18,1,21,70
2018-02-19,1,21,51
2018-02-20,1,21,54
2018-02-21,1,21,57
2018-02-22,1,21,61
2018-02-23,1,21,64
2018-02-24,1,21,67
2018-02-25,1,21,70
2018-02-26,1,21,51
2018-02-27,1,21,54
2018-02-28,1,21,57
2018-03-01,1,21,62
2018-03-02,1,21,65
2018-03-03,1,21,69
2018-03-04,1,21,72
2018-03-05,1,21,52
2018-03-06,1,21,56
2018-03-07,1,21,59
2018-03-08,1,21,62
2018-03-09,1,21,65
2018-03-10,1,21,68
2018-03-11,1,21,71
2018-03-12,1,21,52
2018-03-13,1,21,55
2018-03-14,1,21,58
2018-03-15,1,21,62
2018-03-16,1,21,65
2018-03-17,1,21,68
2018-03-18,1,21,71
2018-03-19,1,21,52
2018-03-20,1,21,55
2018-03-21,1,21,58
2018-03-22,1,21,61
2018-03-23,1,21,65
2018-03-24,1,21,68
2018-03-25,1,21,71
2018-03-26,1,21,52
2018-03-27,1,21,55
2018-03-28,1,21,58
2018-03-29,1,21,61
2018-03-30,1,21,64
2018-03-31,1,21,67
2018-01-01,2,21,51
2018-01-02,2,21,54
2018-01-03,2,21,57
2018-01-04,2,21,60
2018-01-05,2,21,64
2018-01-06,2,21,67
2018-01-07,2,21,70
2018-01-08,2,21,51
2018-01-09,2,21,54
2018-01-10,2,21,57
2018-01-11,2,21,60
2018-01-12,2,21,63
2018-01-13,2,21,67
2018-01-14,2,21,70
2018-01-15,2,21,50
2018-01-16,2,21,54
2018-01-17,2,21,57
2018-01-18,2,21,60
2018-01-19,2,21,63
2018-01-20,2,21,66
2018-01-21,2,21,69
2018-01-22,2,21,50
2018-01-23,2,21,53
2018-01-24,2,21,56
2018-01-25,2,21,60
2018-01-26,2,21,63
2018-01-27,2,21,66
2018-01-28,2,21,69
2018-01-29,2,21,50
2018-01-30,2,21,53
2018-01-31,2,21,56
2018-02-01,2,21,61
2018-02-02,2,21,64
2018-02-03,2,21,68
2018-02-04,2,21,71
2018-02-05,2,21,52
2018-02-06,2,21,55
2018-02-07,2,21,58
2018-02-08,2,21,61
2018-02-09,2,21,64
2018-02-10,2,21,67
2018-02-11,2,21,71
2018-02-12,2,21,51
2018-02-13,2,21,54
2018-02-14,2,21,58
2018-02-15,2,21,61
2018-02-16,2,21,64
2018-02-17,2,21,67
2018-02-18,2,21,70
2018-02-19,2,21,51
2018-02-20,2,21,54
2018-02-21,2,21,57
2018-02-22,2,21,60
2018-02-23,2,21,64
2018-02-24,2,21,67
2018-02-25,2,21,70
2018-02-26,2,21,51
2018-02-27,2,21,54
2018-02-28,2,21,57
2018-03-01,2,21,62
2018-03-02,2,21,65
2018-03-03,2,21,68
2018-03-04,2,21,72
2018-03-05,2,21,52
2018-03-06,2,21,56
2018-03-07,2,21,59
2018-03-08,2,21,62
2018-03-09,2,21,65
2018-03-10,2,21,68
2018-03-11,2,21,71
2018-03-12,2,21,52
2018-03-13,2,21,55
2018-03-14,2,21,58
2018-03-15,2,21,62
2018-03-16,2,21,65
2018-03-17,2,21,68
2018-03-18,2,21,71
2018-03-19,2,21,52
2018-03-20,2,21,55
2018-03-21,2,21,58
2018-03-22,2,21,61
2018-03-23,2,21,64
2018-03-24,2,21,68
2018-03-25,2,21,71
2018-03-26,2,21,52
2018-03-27,2,21,55
2018-03-28,2,21,58
2018-03-29,2,21,61
2018-03-30,2,21,64
2018-03-31,2,21,67
2018-01-01,3,21,51
2018-01-02,3,21,54
2018-01-03,3,21,57
2018-01-04,3,21,60
2018-01-05,3,21,64
2018-01-06,3,21,67
2018-01-07,3,21,70
2018-01-08,3,21,51
2018-01-09,3,21,54
2018-01-10,3,21,57
2018-01-11,3,21,60
2018-01-12,3,21,63
2018-01-13,3,21,66
2018-01-14,3,21,70
2018-01-15,3,21,50
2018-01-16,3,21,54
2018-01-17,3,21,57
2018-01-18,3,21,60
2018-01-19,3,21,63
2018-01-20,3,21,66
2018-01-21,3,21,69
2018-01-22,3,21,50
2018-01-23,3,21,53
2018-01-24,3,21,56
2018-01-25,3,21,60
2018-01-26,3,21,63
2018-01-27,3,21,66
2018-01-28,3,21,69
2018-01-29,3,21,50
2018-01-30,3,21,53
2018-01-31,3,21,56
2018-02-01,3,21,61
2018-02-02,3,21,64
2018-02-03,3,21,68
2018-02-04,3,21,71
2018-02-05,3,21,51
2018-02-06,3,21,55
2018-02-07,3,21,58
2018-02-08,3,21,61
2018-02-09,3,21,64
2018-02-10,3,21,67
2018-02-11,3,21,70
2018-02-12,3,21,51
2018-02-13,3,21,54
2018-02-14,3,21,58
2018-02-15,3,21,61
2018-02-16,3,21,64
2018-02-17,3,21,67
2018-02-18,3,21,70
2018-02-19,3,21,51
2018-02-20,3,21,54
2018-02-21,3,21,57
2018-02-22,3,21,60
2018-02-23,3,21,64
2018-02-24,3,21,67
2018-02-25,3,21,70
2018-02-26,3,21,51
2018-02-27,3,21,54
2018-02-28,3,21,57
2018-03-01,3,21,62
2018-03-02,3,21,65
2018-03-03,3,21,68
2018-03-04,3,21,72
2018-03-05,3,21,52
2018-03-06,3,21,55
2018-03-07,3,21,59
2018-03-08,3,21,62
2018-03-09,3,21,65
2018-03-10,3,21,68
2018-03-11,3,21,71
2018-03-12,3,21,52
2018-03-13,3,21,55
2018-03-14,3,21,58
2018-03-15,3,21,61
2018-03-16,3,21,65
2018-03-17,3,21,68
2018-03-18,3,21,71
2018-03-19,3,21,52
2018-03-20,3,21,55
2018-03-21,3,21,58
2018-03-22,3,21,61
2018-03-23,3,21,64
2018-03-24,3,21,68
2018-03-25,3,21,71
2018-03-26,3,21,51
2018-03-27,3,21,55
2018-03-28,3,21,58
2018-03-29,3,21,61
2018-03-30,3,21,64
2018-03-31,3,21,67
2018-01-01,4,21,51
2018-01-02,4,21,54
2018-01-03,4,21,57
2018-01-04,4,21,60
2018-01-05,4,21,63
2018-01-06,4,21,67
2018-01-07,4,21,70
2018-01-08,4,21,51
2018-01-09,4,21,54
2018-01-10,4,21,57
2018-01-11,4,21,60
2018-01-12,4,21,63
2018-01-13,4,21,66
2018-01-14,4,21,70
2018-01-15,4,21,50
2018-01-16,4,21,53
2018-01-17,4,21,57
2018-01-18,4,21,60
2018-01-19,4,21,63
2018-01-20,4,21,66
2018-01-21,4,21,69
2018-01-22,4,21,50
2018-01-23,4,21,53
2018-01-24,4,21,56
2018-01-25,4,21,59
2018-01-26,4,21,63
2018-01-27,4,21,66
2018-01-28,4,21,69
2018-01-29,4,21,50
2018-01-30,4,21,53
2018-01-31,4,21,56
2018-02-01,4,21,61
2018-02-02,4,21,64
2018-02-03,4,21,67
2018-02-04,4,21,71
2018-02-05,4,21,51
2018-02-06,4,21,55
2018-02-07,4,21,58
2018-02-08,4,21,61
2018-02-09,4,21,64
2018-02-10,4,21,67
2018-02-11,4,21,70
2018-02-12,4,21,51
2018-02-13,4,21,54
2018-02-14,4,21,57
2018-02-15,4,21,61
2018-02-16,4,21,64
2018-02-17,4,21,67
2018-02-18,4,21,70
2018-02-19,4,21,51
2018-02-20,4,21,54
2018-02-21,4,21,57
2018-02-22,4,21,60
2018-02-23,4,21,63
2018-02-24,4,21,67
2018-02-25,4,21,70
2018-02-26,4,21,51
2018-02-27,4,21,54
2018-02-28,4,21,57
2018-03-01,4,21,62
2018-03-02,4,21,65
2018-03-03,4,21,68
2018-03-04,4,21,71
2018-03-05,4,21,52
2018-03-06,4,21,55
2018-03-07,4,21,59
2018-03-08,4,21,62
2018-03-09,4,21,65
2018-03-10,4,21,68
2018-03-11,4,21,71
2018-03-12,4,21,52
2018-03-13,4,21,55
2018-03-14,4,21,58
2018-03-15,4,21,61
2018-03-16,4,21,65
2018-03-17,4,21,68
2018-03-18,4,21,71
2018-03-19,4,21,52
2018-03-20,4,21,55
2018-03-21,4,21,58
2018-03-22,4,21,61
2018-03-23,4,21,64
2018-03-24,4,21,67
2018-03-25,4,21,71
2018-03-26,4,21,51
2018-03-27,4,21,55
2018-03-28,4,21,58
2018-03-29,4,21,61
2018-03-30,4,21,64
2018-03-31,4,21,67
2018-01-01,5,21,51
2018-01-02,5,21,54
2018-01-03,5,21,57
2018-01-04,5,21,60
2018-01-05,5,21,63
2018-01-06,5,21,67
2018-01-07,5,21,70
2018-01-08,5,21,50
2018-01-09,5,21,54
2018-01-10,5,21,57
2018-01-11,5,21,60
2018-01-12,5,21,63
2018-01-13,5,21,66
2018-01-14,5,21,69
2018-01-15,5,21,50
2018-01-16,5,21,53
2018-01-17,5,21,57
2018-01-18,5,21,60
2018-01-19,5,21,63
2018-01-20,5,21,66
2018-01-21,5,21,69
2018-01-22,5,21,50
2018-01-23,5,21,53
2018-01-24,5,21,56
2018-01-25,5,21,59
2018-01-26,5,21,63
2018-01-27,5,21,66
2018-01-28,5,21,69
2018-01-29,5,21,50
2018-01-30,5,21,53
2018-01-31,5,21,56
2018-02-01,5,21,61
2018-02-02,5,21,64
2018-02-03,5,21,67
2018-02-04,5,21,71
2018-02-05,5,21,51
2018-02-06,5,21,54
2018-02-07,5,21,58
2018-02-08,5,21,61
2018-02-09,5,21,64
2018-02-10,5,21,67
2018-02-11,5,21,70
2018-02-12,5,21,51
2018-02-13,5,21,54
2018-02-14,5,21,57
2018-02-15,5,21,61
2018-02-16,5,21,64
2018-02-17,5,21,67
2018-02-18,5,21,70
2018-02-19,5,21,51
2018-02-20,5,21,54
2018-02-21,5,21,57
2018-02-22,5,21,60
2018-02-23,5,21,63
2018-02-24,5,21,67
2018-02-25,5,21,70
2018-02-26,5,21,50
2018-02-27,5,21,54
2018-02-28,5,21,57
2018-03-01,5,21,62
2018-03-02,5,21,65
2018-03-03,5,21,68
2018-03-04,5,21,71
2018-03-05,5,21,52
2018-03-06,5,21,55
2018-03-07,5,21,58
2018-03-08,5,21,62
2018-03-09,5,21,65
2018-03-10,5,21,68
2018-03-11,5,21,71
2018-03-12,5,21,52
2018-03-13,5,21,55
2018-03-14,5,21,58
2018-03-15,5,21,61
2018-03-16,5,21,65
2018-03-17,5,21,68
2018-03-18,5,21,71
2018-03-19,5,21,52
2018-03-20,5,21,55
2018-03-21,5,21,58
2018-03-22,5,21,61
2018-03-23,5,21,64
2018-03-24,5,21,67
2018-03-25,5,21,71
2018-03-26,5,21,51
2018-03-27,5,21,54
2018-03-28,5,21,58
2018-03-29,5,21,61
2018-03-30,5,21,64
2018-03-31,5,21,67
2018-01-01,6,21,51
2018-01-02,6,21,54
2018-01-03,6,21,57
2018-01-04,6,21,60
2018-01-05,6,21,63
2018-01-06,6,21,66
2018-01-07,6,21,70
2018-01-08,6,21,50
2018-01-09,6,21,54
2018-01-10,6,21,57
2018-01-11,6,21,60
2018-01-12,6,21,63
2018-01-13,6,21,66
2018-01-14,6,21,69
2018-01-15,6,21,50
2018-01-16,6,21,53
2018-01-17,6,21,56
2018-01-18,6,21,60
2018-01-19,6,21,63
2018-01-20,6,21,66
2018-01-21,6,21,69
2018-01-22,6,21,50
2018-01-23,6,21,53
2018-01-24,6,21,56
2018-01-25,6,21,59
2018-01-26,6,21,63
2018-01-27,6,21,66
2018-01-28,6,21,69
2018-01-29,6,21,50
2018-01-30,6,21,53
2018-01-31,6,21,56
2018-02-01,6,21,61
2018-02-02,6,21,64
2018-02-03,6,21,67
2018-02-04,6,21,70
2018-02-05,6,21,51
2018-02-06,6,21,54
2018-02-07,6,21,58
2018-02-08,6,21,61
2018-02-09,6,21,64
2018-02-10,6,21,67
2018-02-11,6,21,70
2018-02-12,6,21,51
2018-02-13,6,21,54
2018-02-14,6,21,57
2018-02-15,6,21,60
2018-02-16,6,21,64
2018-02-17,6,21,67
2018-02-18,6,21,70
2018-02-19,6,21,51
2018-02-20,6,21,54
2018-02-21,6,21,57
2018-02-22,6,21,60
2018-02-23,6,21,63
2018-02-24,6,21,66
2018-02-25,6,21,70
2018-02-26,6,21,50
2018-02-27,6,21,54
2018-02-28,6,21,57
2018-03-01,6,21,62
2018-03-02,6,21,65
2018-03-03,6,21,68
2018-03-04,6,21,71
2018-03-05,6,21,52
2018-03-06,6,21,55
2018-03-07,6,21,58
2018-03-08,6,21,62
2018-03-09,6,21,65
2018-03-10,6,21,68
2018-03-11,6,21,71
2018-03-12,6,21,52
2018-03-13,6,21,55
2018-03-14,6,21,58
2018-03-15,6,21,61
2018-03-16,6,21,64
2018-03-17,6,21,68
2018-03-18,6,21,71
2018-03-19,6,21,51
2018-03-20,6,21,55
2018-03-21,6,21,58
2018-03-22,6,21,61
2018-03-23,6,21,64
2018-03-24,6,21,67
2018-03-25,6,21,70
2018-03-26,6,21,51
2018-03-27,6,21,54
2018-03-28,6,21,58
2018-03-29,6,21,61
2018-03-30,6,21,64
2018-03-31,6,21,67
2018-01-01,7,21,51
2018-01-02,7,21,54
2018-01-03,7,21,57
2018-01-04,7,21,60
2018-01-05,7,21,63
2018-01-06,7,21,66
2018-01-07,7,21,70
2018-01-08,7,21,50
2018-01-09,7,21,53
2018-01-10,7,21,57
2018-01-11,7,21,60
2018-01-12,7,21,63
2018-01-13,7,21,66
2018-01-14,7,21,69
2018-01-15,7,21,50
2018-01-16,7,21,53
2018-01-17,7,21,56
2018-01-18,7,21,60
2018-01-19,7,21,63
2018-01-20,7,21,66
2018-01-21,7,21,69
2018-01-22,7,21,50
2018-01-23,7,21,53
2018-01-24,7,21,56
2018-01-25,7,21,59
2018-01-26,7,21,62
2018-01-27,7,21,66
2018-01-28,7,21,69
2018-01-29,7,21,49
2018-01-30,7,21,53
2018-01-31,7,21,56
2018-02-01,7,21,61
2018-02-02,7,21,64
2018-02-03,7,21,67
2018-02-04,7,21,70
2018-02-05,7,21,51
2018-02-06,7,21,54
2018-02-07,7,21,57
2018-02-08,7,21,61
2018-02-09,7,21,64
2018-02-10,7,21,67
2018-02-11,7,21,70
2018-02-12,7,21,51
2018-02-13,7,21,54
2018-02-14,7,21,57
2018-02-15,7,21,60
2018-02-16,7,21,64
2018-02-17,7,21,67
2018-02-18,7,21,70
2018-02-19,7,21,51
2018-02-20,7,21,54
2018-02-21,7,21,57
2018-02-22,7,21,60
2018-02-23,7,21,63
2018-02-24,7,21,66
2018-02-25,7,21,70
2018-02-26,7,21,50
2018-02-27,7,21,53
2018-02-28,7,21,57
2018-03-01,7,21,62
2018-03-02,7,21,65
2018-03-03,7,21,68
2018-03-04,7,21,71
2018-03-05,7,21,52
2018-03-06,7,21,55
2018-03-07,7,21,58
2018-03-08,7,21,61
2018-03-09,7,21,65
2018-03-10,7,21,68
2018-03-11,7,21,71
2018-03-12,7,21,52
2018-03-13,7,21,55
2018-03-14,7,21,58
2018-03-15,7,21,61
2018-03-16,7,21,64
2018-03-17,7,21,68
2018-03-18,7,21,71
2018-03-19,7,21,51
2018-03-20,7,21,55
2018-03-21,7,21,58
2018-03-22,7,21,61
2018-03-23,7,21,64
2018-03-24,7,21,67
2018-03-25,7,21,70
2018-03-26,7,21,51
2018-03-27,7,21,54
2018-03-28,7,21,57
2018-03-29,7,21,61
2018-03-30,7,21,64
2018-03-31,7,21,67
2018-01-01,8,21,50
2018-01-02,8,21,54
2018-01-03,8,21,57
2018-01-04,8,21,60
2018-01-05,8,21,63
2018-01-06,8,21,66
2018-01-07,8,21,69
2018-01-08,8,21,50
2018-01-09,8,21,53
2018-01-10,8,21,57
2018-01-11,8,21,60
2018-01-12,8,21,63
2018-01-13,8,21,66
2018-01-14,8,21,69
2018-01-15,8,21,50
2018-01-16,8,21,53
2018-01-17,8,21,56
2018-01-18,8,21,59
2018-01-19,8,21,63
2018-01-20,8,21,66
2018-01-21,8,21,69
2018-01-22,8,21,50
2018-01-23,8,21,53
2018-01-24,8,21,56
2018-01-25,8,21,59
2018-01-26,8,21,62
2018-01-27,8,21,66
2018-01-28,8,21,69
2018-01-29,8,21,49
2018-01-30,8,21,53
2018-01-31,8,21,56
2018-02-01,8,21,61
2018-02-02,8,21,64
2018-02-03,8,21,67
2018-02-04,8,21,70
2018-02-05,8,21,51
2018-02-06,8,21,54
2018-02-07,8,21,57
2018-02-08,8,21,61
2018-02-09,8,21,64
2018-02-10,8,21,67
2018-02-11,8,21,70
2018-02-12,8,21,51
2018-02-13,8,21,54
2018-02-14,8,21,57
2018-02-15,8,21,60
2018-02-16,8,21,63
2018-02-17,8,21,67
2018-02-18,8,21,70
2018-02-19,8,21,51
2018-02-20,8,21,54
2018-02-21,8,21,57
2018-02-22,8,21,60
2018-02-23,8,21,63
2018-02-24,8,21,66
2018-02-25,8,21,70
2018-02-26,8,21,50
2018-02-27,8,21,53
2018-02-28,8,21,57
2018-03-01,8,21,62
2018-03-02,8,21,65
2018-03-03,8,21,68
2018-03-04,8,21,71
2018-03-05,8,21,52
2018-03-06,8,21,55
2018-03-07,8,21,58
2018-03-08,8,21,61
2018-03-09,8,21,65
2018-03-10,8,21,68
2018-03-11,8,21,71
2018-03-12,8,21,52
2018-03-13,8,21,55
2018-03-14,8,21,58
2018-03-15,8,21,61
2018-03-16,8,21,64
2018-03-17,8,21,67
2018-03-18,8,21,71
2018-03-19,8,21,51
2018-03-20,8,21,55
2018-03-21,8,21,58
2018-03-22,8,21,61
2018-03-23,8,21,64
2018-03-24,8,21,67
2018-03-25,8,21,70
2018-03-26,8,21,51
2018-03-27,8,21,54
2018-03-28,8,21,57
2018-03-29,8,21,61
2018-03-30,8,21,64
2018-03-31,8,21,67
2018-01-01,9,21,50
2018-01-02,9,21,54
2018-01-03,9,21,57
2018-01-04,9,21,60
2018-01-05,9,21,63
2018-01-06,9,21,66
2018-01-07,9,21,69
2018-01-08,9,21,50
2018-01-09,9,21,53
2018-01-10,9,21,56
2018-01-11,9,21,60
2018-01-12,9,21,63
2018-01-13,9,21,66
2018-01-14,9,21,69
2018-01-15,9,21,50
2018-01-16,9,21,53
2018-01-17,9,21,56
2018-01-18,9,21,59
2018-01-19,9,21,63
2018-01-20,9,21,66
2018-01-21,9,21,69
2018-01-22,9,21,50
2018-01-23,9,21,53
2018-01-24,9,21,56
2018-01-25,9,21,59
2018-01-26,9,21,62
2018-01-27,9,21,65
2018-01-28,9,21,69
2018-01-29,9,21,49
2018-01-30,9,21,53
2018-01-31,9,21,56
2018-02-01,9,21,61
2018-02-02,9,21,64
2018-02-03,9,21,67
2018-02-04,9,21,70
2018-02-05,9,21,51
2018-02-06,9,21,54
2018-02-07,9,21,57
2018-02-08,9,21,60
2018-02-09,9,21,64
2018-02-10,9,21,67
2018-02-11,9,21,70
2018-02-12,9,21,51
2018-02-13,9,21,54
2018-02-14,9,21,57
2018-02-15,9,21,60
2018-02-16,9,21,63
2018-02-17,9,21,67
2018-02-18,9,21,70
2018-02-19,9,21,50
2018-02-20,9,21,54
2018-02-21,9,21,57
2018-02-22,9,21,60
2018-02-23,9,21,63
2018-02-24,9,21,66
2018-02-25,9,21,69
2018-02-26,9,21,50
2018-02-27,9,21,53
2018-02-28,9,21,56
2018-03-01,9,21,62
2018-03-02,9,21,65
2018-03-03,9,21,68
2018-03-04,9,21,71
2018-03-05,9,21,52
2018-03-06,9,21,55
2018-03-07,9,21,58
2018-03-08,9,21,61
2018-03-09,9,21,64
2018-03-10,9,21,68
2018-03-11,9,21,71
2018-03-12,9,21,52
2018-03-13,9,21,55
2018-03-14,9,21,58
2018-03-15,9,21,61
2018-03-16,9,21,64
2018-03-17,9,21,67
2018-03-18,9,21,71
2018-03-19,9,21,51
2018-03-20,9,21,54
2018-03-21,9,21,58
2018-03-22,9,21,61
2018-03-23,9,21,64
2018-03-24,9,21,67
2018-03-25,9,21,70
2018-03-26,9,21,51
2018-03-27,9,21,54
2018-03-28,9,21,57
2018-03-29,9,21,60
2018-03-30,9,21,64
2018-03-31,9,21,67
2018-01-01,10,21,50
2018-01-02,10,21,54
2018-01-03,10,21,57
2018-01-04,10,21,60
2018-01-05,10,21,63
2018-01-06,10,21,66
2018-01-07,10,21,69
2018-01-08,10,21,50
2018-01-09,10,21,53
2018-01-10,10,21,56
2018-01-11,10,21,60
2018-01-12,10,21,63
2018-01-13,10,21,66
2018-01-14,10,21,69
2018-01-15,10,21,50
2018-01-16,10,21,53
2018-01-17,10,21,56
2018-01-18,10,21,59
2018-01-19,10,21,62
2018-01-20,10,21,66
2018-01-21,10,21,69
2018-01-22,10,21,50
2018-01-23,10,21,53
2018-01-24,10,21,56
2018-01-25,10,21,59
2018-01-26,10,21,62
2018-01-27,10,21,65
2018-01-28,10,21,69
2018-01-29,10,21,49
2018-01-30,10,21,52
2018-01-31,10,21,56
2018-02-01,10,21,61
2018-02-02,10,21,64
2018-02-03,10,21,67
2018-02-04,10,21,70
2018-02-05,10,21,51
2018-02-06,10,21,54
2018-02-07,10,21,57
2018-02-08,10,21,60
2018-02-09,10,21,64
2018-02-10,10,21,67
2018-02-11,10,21,70
2018-02-12,10,21,51
2018-02-13,10,21,54
2018-02-14,10,21,57
2018-02-15,10,21,60
2018-02-16,10,21,63
2018-02-17,10,21,66
2018-02-18,10,21,70
2018-02-19,10,21,50
2018-02-20,10,21,54
2018-02-21,10,21,57
2018-02-22,10,21,60
2018-02-23,10,21,63
2018-02-24,10,21,66
2018-02-25,10,21,69
2018-02-26,10,21,50
2018-02-27,10,21,53
2018-02-28,10,21,56
2018-03-01,10,21,61
2018-03-02,10,21,65
2018-03-03,10,21,68
2018-03-04,10,21,71
2018-03-05,10,21,52
2018-03-06,10,21,55
2018-03-07,10,21,58
2018-03-08,10,21,61
2018-03-09,10,21,64
2018-03-10,10,21,68
2018-03-11,10,21,71
2018-03-12,10,21,51
2018-03-13,10,21,55
2018-03-14,10,21,58
2018-03-15,10,21,61
2018-03-16,10,21,64
2018-03-17,10,21,67
2018-03-18,10,21,70
2018-03-19,10,21,51
2018-03-20,10,21,54
2018-03-21,10,21,58
2018-03-22,10,21,61
2018-03-23,10,21,64
2018-03-24,10,21,67
2018-03-25,10,21,70
2018-03-26,10,21,51
2018-03-27,10,21,54
2018-03-28,10,21,57
2018-03-29,10,21,60
2018-03-30,10,21,64
2018-03-31,10,21,67
2018-01-01,1,22,51
2018-01-02,1,22,54
2018-01-03,1,22,57
2018-01-04,1,22,60
2018-01-05,1,22,64
2018-01-06,1,22,67
2018-01-07,1,22,70
2018-01-08,1,22,51
2018-01-09,1,22,54
2018-01-10,1,22,57
2018-01-11,1,22,60
2018-01-12,1,22,63
2018-01-13,1,22,66
2018-01-14,1,22,70
2018-01-15,1,22,50
2018-01-16,1,22,54
2018-01-17,1,22,57
2018-01-18,1,22,60
2018-01-19,1,22,63
2018-01-20,1,22,66
2018-01-21,1,22,69
2018-01-22,1,22,50
2018-01-23,1,22,53
2018-01-24,1,22,56
2018-01-25,1,22,60
2018-01-26,1,22,63
2018-01-27,1,22,66
2018-01-28,1,22,69
2018-01-29,1,22,50
2018-01-30,1,22,53
2018-01-31,1,22,56
2018-02-01,1,22,61
2018-02-02,1,22,64
2018-02-03,1,22,68
2018-02-04,1,22,71
2018-02-05,1,22,51
2018-02-06,1,22,55
2018-02-07,1,22,58
2018-02-08,1,22,61
2018-02-09,1,22,64
2018-02-10,1,22,67
2018-02-11,1,22,70
2018-02-12,1,22,51
2018-02-13,1,22,54
2018-02-14,1,22,58
2018-02-15,1,22,61
2018-02-16,1,22,64
2018-02-17,1,22,67
2018-02-18,1,22,70
2018-02-19,1,22,51
2018-02-20,1,22,54
2018-02-21,1,22,57
2018-02-22,1,22,60
2018-02-23,1,22,64
2018-02-24,1,22,67
2018-02-25,1,22,70
2018-02-26,1,22,51
2018-02-27,1,22,54
2018-02-28,1,22,57
2018-03-01,1,22,62
2018-03-02,1,22,65
2018-03-03,1,22,68
2018-03-04,1,22,72
2018-03-05,1,22,52
2018-03-06,1,22,55
2018-03-07,1,22,59
2018-03-08,1,22,62
2018-03-09,1,22,65
2018-03-10,1,22,68
2018-03-11,1,22,71
2018-03-12,1,22,52
2018-03-13,1,22,55
2018-03-14,1,22,58
2018-03-15,1,22,62
2018-03-16,1,22,65
2018-03-17,1,22,68
2018-03-18,1,22,71
2018-03-19,1,22,52
2018-03-20,1,22,55
2018-03-21,1,22,58
2018-03-22,1,22,61
2018-03-23,1,22,64
2018-03-24,1,22,68
2018-03-25,1,22,71
2018-03-26,1,22,52
2018-03-27,1,22,55
2018-03-28,1,22,58
2018-03-29,1,22,61
2018-03-30,1,22,64
2018-03-31,1,22,67
2018-01-01,2,22,51
2018-01-02,2,22,54
2018-01-03,2,22,57
2018-01-04,2,22,60
2018-01-05,2,22,64
2018-01-06,2,22,67
2018-01-07,2,22,70
2018-01-08,2,22,51
2018-01-09,2,22,54
2018-01-10,2,22,57
2018-01-11,2,22,60
2018-01-12,2,22,63
2018-01-13,2,22,66
2018-01-14,2,22,70
2018-01-15,2,22,50
2018-01-16,2,22,53
2018-01-17,2,22,57
2018-01-18,2,22,60
2018-01-19,2,22,63
2018-01-20,2,22,66
2018-01-21,2,22,69
2018-01-22,2,22,50
2018-01-23,2,22,53
2018-01-24,2,22,56
2018-01-25,2,22,60
2018-01-26,2,22,63
2018-01-27,2,22,66
2018-01-28,2,22,69
2018-01-29,2,22,50
2018-01-30,2,22,53
2018-01-31,2,22,56
2018-02-01,2,22,61
2018-02-02,2,22,64
2018-02-03,2,22,68
2018-02-04,2,22,71
2018-02-05,2,22,51
2018-02-06,2,22,55
2018-02-07,2,22,58
2018-02-08,2,22,61
2018-02-09,2,22,64
2018-02-10,2,22,67
2018-02-11,2,22,70
2018-02-12,2,22,51
2018-02-13,2,22,54
2018-02-14,2,22,57
2018-02-15,2,22,61
2018-02-16,2,22,64
2018-02-17,2,22,67
2018-02-18,2,22,70
2018-02-19,2,22,51
2018-02-20,2,22,54
2018-02-21,2,22,57
2018-02-22,2,22,60
2018-02-23,2,22,64
2018-02-24,2,22,67
2018-02-25,2,22,70
2018-02-26,2,22,51
2018-02-27,2,22,54
2018-02-28,2,22,57
2018-03-01,2,22,62
2018-03-02,2,22,65
2018-03-03,2,22,68
2018-03-04,2,22,72
2018-03-05,2,22,52
2018-03-06,2,22,55
2018-03-07,2,22,59
2018-03-08,2,22,62
2018-03-09,2,22,65
2018-03-10,2,22,68
2018-03-11,2,22,71
2018-03-12,2,22,52
2018-03-13,2,22,55
2018-03-14,2,22,58
2018-03-15,2,22,61
2018-03-16,2,22,65
2018-03-17,2,22,68
2018-03-18,2,22,71
2018-03-19,2,22,52
2018-03-20,2,22,55
2018-03-21,2,22,58
2018-03-22,2,22,61
2018-03-23,2,22,64
2018-03-24,2,22,68
2018-03-25,2,22,71
2018-03-26,2,22,51
2018-03-27,2,22,55
2018-03-28,2,22,58
2018-03-29,2,22,61
2018-03-30,2,22,64
2018-03-31,2,22,67
2018-01-01,3,22,51
2018-01-02,3,22,54
2018-01-03,3,22,57
2018-01-04,3,22,60
2018-01-05,3,22,63
2018-01-06,3,22,67
2018-01-07,3,22,70
2018-01-08,3,22,50
2018-01-09,3,22,54
2018-01-10,3,22,57
2018-01-11,3,22,60
2018-01-12,3,22,63
2018-01-13,3,22,66
2018-01-14,3,22,69
2018-01-15,3,22,50
2018-01-16,3,22,53
2018-01-17,3,22,57
2018-01-18,3,22,60
2018-01-19,3,22,63
2018-01-20,3,22,66
2018-01-21,3,22,69
2018-01-22,3,22,50
2018-01-23,3,22,53
2018-01-24,3,22,56
2018-01-25,3,22,59
2018-01-26,3,22,63
2018-01-27,3,22,66
2018-01-28,3,22,69
2018-01-29,3,22,50
2018-01-30,3,22,53
2018-01-31,3,22,56
2018-02-01,3,22,61
2018-02-02,3,22,64
2018-02-03,3,22,67
2018-02-04,3,22,71
2018-02-05,3,22,51
2018-02-06,3,22,54
2018-02-07,3,22,58
2018-02-08,3,22,61
2018-02-09,3,22,64
2018-02-10,3,22,67
2018-02-11,3,22,70
2018-02-12,3,22,51
2018-02-13,3,22,54
2018-02-14,3,22,57
2018-02-15,3,22,61
2018-02-16,3,22,64
2018-02-17,3,22,67
2018-02-18,3,22,70
2018-02-19,3,22,51
2018-02-20,3,22,54
2018-02-21,3,22,57
2018-02-22,3,22,60
2018-02-23,3,22,63
2018-02-24,3,22,67
2018-02-25,3,22,70
2018-02-26,3,22,51
2018-02-27,3,22,54
2018-02-28,3,22,57
2018-03-01,3,22,62
2018-03-02,3,22,65
2018-03-03,3,22,68
2018-03-04,3,22,71
2018-03-05,3,22,52
2018-03-06,3,22,55
2018-03-07,3,22,58
2018-03-08,3,22,62
2018-03-09,3,22,65
2018-03-10,3,22,68
2018-03-11,3,22,71
2018-03-12,3,22,52
2018-03-13,3,22,55
2018-03-14,3,22,58
2018-03-15,3,22,61
2018-03-16,3,22,65
2018-03-17,3,22,68
2018-03-18,3,22,71
2018-03-19,3,22,52
2018-03-20,3,22,55
2018-03-21,3,22,58
2018-03-22,3,22,61
2018-03-23,3,22,64
2018-03-24,3,22,67
2018-03-25,3,22,71
2018-03-26,3,22,51
2018-03-27,3,22,55
2018-03-28,3,22,58
2018-03-29,3,22,61
2018-03-30,3,22,64
2018-03-31,3,22,67
2018-01-01,4,22,51
2018-01-02,4,22,54
2018-01-03,4,22,57
2018-01-04,4,22,60
2018-01-05,4,22,63
2018-01-06,4,22,67
2018-01-07,4,22,70
2018-01-08,4,22,50
2018-01-09,4,22,54
2018-01-10,4,22,57
2018-01-11,4,22,60
2018-01-12,4,22,63
2018-01-13,4,22,66
2018-01-14,4,22,69
2018-01-15,4,22,50
2018-01-16,4,22,53
2018-01-17,4,22,56
2018-01-18,4,22,60
2018-01-19,4,22,63
2018-01-20,4,22,66
2018-01-21,4,22,69
2018-01-22,4,22,50
2018-01-23,4,22,53
2018-01-24,4,22,56
2018-01-25,4,22,59
2018-01-26,4,22,63
2018-01-27,4,22,66
2018-01-28,4,22,69
2018-01-29,4,22,50
2018-01-30,4,22,53
2018-01-31,4,22,56
2018-02-01,4,22,61
2018-02-02,4,22,64
2018-02-03,4,22,67
2018-02-04,4,22,71
2018-02-05,4,22,51
2018-02-06,4,22,54
2018-02-07,4,22,58
2018-02-08,4,22,61
2018-02-09,4,22,64
2018-02-10,4,22,67
2018-02-11,4,22,70
2018-02-12,4,22,51
2018-02-13,4,22,54
2018-02-14,4,22,57
2018-02-15,4,22,60
2018-02-16,4,22,64
2018-02-17,4,22,67
2018-02-18,4,22,70
2018-02-19,4,22,51
2018-02-20,4,22,54
2018-02-21,4,22,57
2018-02-22,4,22,60
2018-02-23,4,22,63
2018-02-24,4,22,67
2018-02-25,4,22,70
2018-02-26,4,22,50
2018-02-27,4,22,54
2018-02-28,4,22,57
2018-03-01,4,22,62
2018-03-02,4,22,65
2018-03-03,4,22,68
2018-03-04,4,22,71
2018-03-05,4,22,52
2018-03-06,4,22,55
2018-03-07,4,22,58
2018-03-08,4,22,62
2018-03-09,4,22,65
2018-03-10,4,22,68
2018-03-11,4,22,71
2018-03-12,4,22,52
2018-03-13,4,22,55
2018-03-14,4,22,58
2018-03-15,4,22,61
2018-03-16,4,22,64
2018-03-17,4,22,68
2018-03-18,4,22,71
2018-03-19,4,22,52
2018-03-20,4,22,55
2018-03-21,4,22,58
2018-03-22,4,22,61
2018-03-23,4,22,64
2018-03-24,4,22,67
2018-03-25,4,22,71
2018-03-26,4,22,51
2018-03-27,4,22,54
2018-03-28,4,22,58
2018-03-29,4,22,61
2018-03-30,4,22,64
2018-03-31,4,22,67
2018-01-01,5,22,51
2018-01-02,5,22,54
2018-01-03,5,22,57
2018-01-04,5,22,60
2018-01-05,5,22,63
2018-01-06,5,22,66
2018-01-07,5,22,70
2018-01-08,5,22,50
2018-01-09,5,22,54
2018-01-10,5,22,57
2018-01-11,5,22,60
2018-01-12,5,22,63
2018-01-13,5,22,66
2018-01-14,5,22,69
2018-01-15,5,22,50
2018-01-16,5,22,53
2018-01-17,5,22,56
2018-01-18,5,22,60
2018-01-19,5,22,63
2018-01-20,5,22,66
2018-01-21,5,22,69
2018-01-22,5,22,50
2018-01-23,5,22,53
2018-01-24,5,22,56
2018-01-25,5,22,59
2018-01-26,5,22,62
2018-01-27,5,22,66
2018-01-28,5,22,69
2018-01-29,5,22,50
2018-01-30,5,22,53
2018-01-31,5,22,56
2018-02-01,5,22,61
2018-02-02,5,22,64
2018-02-03,5,22,67
2018-02-04,5,22,70
2018-02-05,5,22,51
2018-02-06,5,22,54
2018-02-07,5,22,58
2018-02-08,5,22,61
2018-02-09,5,22,64
2018-02-10,5,22,67
2018-02-11,5,22,70
2018-02-12,5,22,51
2018-02-13,5,22,54
2018-02-14,5,22,57
2018-02-15,5,22,60
2018-02-16,5,22,64
2018-02-17,5,22,67
2018-02-18,5,22,70
2018-02-19,5,22,51
2018-02-20,5,22,54
2018-02-21,5,22,57
2018-02-22,5,22,60
2018-02-23,5,22,63
2018-02-24,5,22,66
2018-02-25,5,22,70
2018-02-26,5,22,50
2018-02-27,5,22,54
2018-02-28,5,22,57
2018-03-01,5,22,62
2018-03-02,5,22,65
2018-03-03,5,22,68
2018-03-04,5,22,71
2018-03-05,5,22,52
2018-03-06,5,22,55
2018-03-07,5,22,58
2018-03-08,5,22,62
2018-03-09,5,22,65
2018-03-10,5,22,68
2018-03-11,5,22,71
2018-03-12,5,22,52
2018-03-13,5,22,55
2018-03-14,5,22,58
2018-03-15,5,22,61
2018-03-16,5,22,64
2018-03-17,5,22,68
2018-03-18,5,22,71
2018-03-19,5,22,51
2018-03-20,5,22,55
2018-03-21,5,22,58
2018-03-22,5,22,61
2018-03-23,5,22,64
2018-03-24,5,22,67
2018-03-25,5,22,70
2018-03-26,5,22,51
2018-03-27,5,22,54
2018-03-28,5,22,58
2018-03-29,5,22,61
2018-03-30,5,22,64
2018-03-31,5,22,67
2018-01-01,6,22,51
2018-01-02,6,22,54
2018-01-03,6,22,57
2018-01-04,6,22,60
2018-01-05,6,22,63
2018-01-06,6,22,66
2018-01-07,6,22,70
2018-01-08,6,22,50
2018-01-09,6,22,53
2018-01-10,6,22,57
2018-01-11,6,22,60
2018-01-12,6,22,63
2018-01-13,6,22,66
2018-01-14,6,22,69
2018-01-15,6,22,50
2018-01-16,6,22,53
2018-01-17,6,22,56
2018-01-18,6,22,59
2018-01-19,6,22,63
2018-01-20,6,22,66
2018-01-21,6,22,69
2018-01-22,6,22,50
2018-01-23,6,22,53
2018-01-24,6,22,56
2018-01-25,6,22,59
2018-01-26,6,22,62
2018-01-27,6,22,66
2018-01-28,6,22,69
2018-01-29,6,22,49
2018-01-30,6,22,53
2018-01-31,6,22,56
2018-02-01,6,22,61
2018-02-02,6,22,64
2018-02-03,6,22,67
2018-02-04,6,22,70
2018-02-05,6,22,51
2018-02-06,6,22,54
2018-02-07,6,22,57
2018-02-08,6,22,61
2018-02-09,6,22,64
2018-02-10,6,22,67
2018-02-11,6,22,70
2018-02-12,6,22,51
2018-02-13,6,22,54
2018-02-14,6,22,57
2018-02-15,6,22,60
2018-02-16,6,22,63
2018-02-17,6,22,67
2018-02-18,6,22,70
2018-02-19,6,22,51
2018-02-20,6,22,54
2018-02-21,6,22,57
2018-02-22,6,22,60
2018-02-23,6,22,63
2018-02-24,6,22,66
2018-02-25,6,22,70
2018-02-26,6,22,50
2018-02-27,6,22,53
2018-02-28,6,22,57
2018-03-01,6,22,62
2018-03-02,6,22,65
2018-03-03,6,22,68
2018-03-04,6,22,71
2018-03-05,6,22,52
2018-03-06,6,22,55
2018-03-07,6,22,58
2018-03-08,6,22,61
2018-03-09,6,22,65
2018-03-10,6,22,68
2018-03-11,6,22,71
2018-03-12,6,22,52
2018-03-13,6,22,55
2018-03-14,6,22,58
2018-03-15,6,22,61
2018-03-16,6,22,64
2018-03-17,6,22,67
2018-03-18,6,22,71
2018-03-19,6,22,51
2018-03-20,6,22,55
2018-03-21,6,22,58
2018-03-22,6,22,61
2018-03-23,6,22,64
2018-03-24,6,22,67
2018-03-25,6,22,70
2018-03-26,6,22,51
2018-03-27,6,22,54
2018-03-28,6,22,57
2018-03-29,6,22,61
2018-03-30,6,22,64
2018-03-31,6,22,67
2018-01-01,7,22,50
2018-01-02,7,22,54
2018-01-03,7,22,57
2018-01-04,7,22,60
2018-01-05,7,22,63
2018-01-06,7,22,66
2018-01-07,7,22,69
2018-01-08,7,22,50
2018-01-09,7,22,53
2018-01-10,7,22,57
2018-01-11,7,22,60
2018-01-12,7,22,63
2018-01-13,7,22,66
2018-01-14,7,22,69
2018-01-15,7,22,50
2018-01-16,7,22,53
2018-01-17,7,22,56
2018-01-18,7,22,59
2018-01-19,7,22,63
2018-01-20,7,22,66
2018-01-21,7,22,69
2018-01-22,7,22,50
2018-01-23,7,22,53
2018-01-24,7,22,56
2018-01-25,7,22,59
2018-01-26,7,22,62
2018-01-27,7,22,65
2018-01-28,7,22,69
2018-01-29,7,22,49
2018-01-30,7,22,53
2018-01-31,7,22,56
2018-02-01,7,22,61
2018-02-02,7,22,64
2018-02-03,7,22,67
2018-02-04,7,22,70
2018-02-05,7,22,51
2018-02-06,7,22,54
2018-02-07,7,22,57
2018-02-08,7,22,61
2018-02-09,7,22,64
2018-02-10,7,22,67
2018-02-11,7,22,70
2018-02-12,7,22,51
2018-02-13,7,22,54
2018-02-14,7,22,57
2018-02-15,7,22,60
2018-02-16,7,22,63
2018-02-17,7,22,67
2018-02-18,7,22,70
2018-02-19,7,22,50
2018-02-20,7,22,54
2018-02-21,7,22,57
2018-02-22,7,22,60
2018-02-23,7,22,63
2018-02-24,7,22,66
2018-02-25,7,22,69
2018-02-26,7,22,50
2018-02-27,7,22,53
2018-02-28,7,22,57
2018-03-01,7,22,62
2018-03-02,7,22,65
2018-03-03,7,22,68
2018-03-04,7,22,71
2018-03-05,7,22,52
2018-03-06,7,22,55
2018-03-07,7,22,58
2018-03-08,7,22,61
2018-03-09,7,22,65
2018-03-10,7,22,68
2018-03-11,7,22,71
2018-03-12,7,22,52
2018-03-13,7,22,55
2018-03-14,7,22,58
2018-03-15,7,22,61
2018-03-16,7,22,64
2018-03-17,7,22,67
2018-03-18,7,22,71
2018-03-19,7,22,51
2018-03-20,7,22,54
2018-03-21,7,22,58
2018-03-22,7,22,61
2018-03-23,7,22,64
2018-03-24,7,22,67
2018-03-25,7,22,70
2018-03-26,7,22,51
2018-03-27,7,22,54
2018-03-28,7,22,57
2018-03-29,7,22,61
2018-03-30,7,22,64
2018-03-31,7,22,67
2018-01-01,8,22,50
2018-01-02,8,22,54
2018-01-03,8,22,57
2018-01-04,8,22,60
2018-01-05,8,22,63
2018-01-06,8,22,66
2018-01-07,8,22,69
2018-01-08,8,22,50
2018-01-09,8,22,53
2018-01-10,8,22,56
2018-01-11,8,22,60
2018-01-12,8,22,63
2018-01-13,8,22,66
2018-01-14,8,22,69
2018-01-15,8,22,50
2018-01-16,8,22,53
2018-01-17,8,22,56
2018-01-18,8,22,59
2018-01-19,8,22,63
2018-01-20,8,22,66
2018-01-21,8,22,69
2018-01-22,8,22,50
2018-01-23,8,22,53
2018-01-24,8,22,56
2018-01-25,8,22,59
2018-01-26,8,22,62
2018-01-27,8,22,65
2018-01-28,8,22,69
2018-01-29,8,22,49
2018-01-30,8,22,52
2018-01-31,8,22,56
2018-02-01,8,22,61
2018-02-02,8,22,64
2018-02-03,8,22,67
2018-02-04,8,22,70
2018-02-05,8,22,51
2018-02-06,8,22,54
2018-02-07,8,22,57
2018-02-08,8,22,60
2018-02-09,8,22,64
2018-02-10,8,22,67
2018-02-11,8,22,70
2018-02-12,8,22,51
2018-02-13,8,22,54
2018-02-14,8,22,57
2018-02-15,8,22,60
2018-02-16,8,22,63
2018-02-17,8,22,67
2018-02-18,8,22,70
2018-02-19,8,22,50
2018-02-20,8,22,54
2018-02-21,8,22,57
2018-02-22,8,22,60
2018-02-23,8,22,63
2018-02-24,8,22,66
2018-02-25,8,22,69
2018-02-26,8,22,50
2018-02-27,8,22,53
2018-02-28,8,22,56
2018-03-01,8,22,62
2018-03-02,8,22,65
2018-03-03,8,22,68
2018-03-04,8,22,71
2018-03-05,8,22,52
2018-03-06,8,22,55
2018-03-07,8,22,58
2018-03-08,8,22,61
2018-03-09,8,22,64
2018-03-10,8,22,68
2018-03-11,8,22,71
2018-03-12,8,22,52
2018-03-13,8,22,55
2018-03-14,8,22,58
2018-03-15,8,22,61
2018-03-16,8,22,64
2018-03-17,8,22,67
2018-03-18,8,22,71
2018-03-19,8,22,51
2018-03-20,8,22,54
2018-03-21,8,22,58
2018-03-22,8,22,61
2018-03-23,8,22,64
2018-03-24,8,22,67
2018-03-25,8,22,70
2018-03-26,8,22,51
2018-03-27,8,22,54
2018-03-28,8,22,57
2018-03-29,8,22,60
2018-03-30,8,22,64
2018-03-31,8,22,67
2018-01-01,9,22,50
2018-01-02,9,22,53
2018-01-03,9,22,57
2018-01-04,9,22,60
2018-01-05,9,22,63
2018-01-06,9,22,66
2018-01-07,9,22,69
2018-01-08,9,22,50
2018-01-09,9,22,53
2018-01-10,9,22,56
2018-01-11,9,22,60
2018-01-12,9,22,63
2018-01-13,9,22,66
2018-01-14,9,22,69
2018-01-15,9,22,50
2018-01-16,9,22,53
2018-01-17,9,22,56
2018-01-18,9,22,59
2018-01-19,9,22,62
2018-01-20,9,22,66
2018-01-21,9,22,69
2018-01-22,9,22,49
2018-01-23,9,22,53
2018-01-24,9,22,56
2018-01-25,9,22,59
2018-01-26,9,22,62
2018-01-27,9,22,65
2018-01-28,9,22,68
2018-01-29,9,22,49
2018-01-30,9,22,52
2018-01-31,9,22,56
2018-02-01,9,22,61
2018-02-02,9,22,64
2018-02-03,9,22,67
2018-02-04,9,22,70
2018-02-05,9,22,51
2018-02-06,9,22,54
2018-02-07,9,22,57
2018-02-08,9,22,60
2018-02-09,9,22,64
2018-02-10,9,22,67
2018-02-11,9,22,70
2018-02-12,9,22,51
2018-02-13,9,22,54
2018-02-14,9,22,57
2018-02-15,9,22,60
2018-02-16,9,22,63
2018-02-17,9,22,66
2018-02-18,9,22,70
2018-02-19,9,22,50
2018-02-20,9,22,53
2018-02-21,9,22,57
2018-02-22,9,22,60
2018-02-23,9,22,63
2018-02-24,9,22,66
2018-02-25,9,22,69
2018-02-26,9,22,50
2018-02-27,9,22,53
2018-02-28,9,22,56
2018-03-01,9,22,61
2018-03-02,9,22,65
2018-03-03,9,22,68
2018-03-04,9,22,71
2018-03-05,9,22,52
2018-03-06,9,22,55
2018-03-07,9,22,58
2018-03-08,9,22,61
2018-03-09,9,22,64
2018-03-10,9,22,68
2018-03-11,9,22,71
2018-03-12,9,22,51
2018-03-13,9,22,55
2018-03-14,9,22,58
2018-03-15,9,22,61
2018-03-16,9,22,64
2018-03-17,9,22,67
2018-03-18,9,22,70
2018-03-19,9,22,51
2018-03-20,9,22,54
2018-03-21,9,22,57
2018-03-22,9,22,61
2018-03-23,9,22,64
2018-03-24,9,22,67
2018-03-25,9,22,70
2018-03-26,9,22,51
2018-03-27,9,22,54
2018-03-28,9,22,57
2018-03-29,9,22,60
2018-03-30,9,22,64
2018-03-31,9,22,67
2018-01-01,10,22,50
2018-01-02,10,22,53
2018-01-03,10,22,57
2018-01-04,10,22,60
2018-01-05,10,22,63
2018-01-06,10,22,66
2018-01-07,10,22,69
2018-01-08,10,22,50
2018-01-09,10,22,53
2018-01-10,10,22,56
2018-01-11,10,22,59
2018-01-12,10,22,63
2018-01-13,10,22,66
2018-01-14,10,22,69
2018-01-15,10,22,50
2018-01-16,10,22,53
2018-01-17,10,22,56
2018-01-18,10,22,59
2018-01-19,10,22,62
2018-01-20,10,22,66
2018-01-21,10,22,69
2018-01-22,10,22,49
2018-01-23,10,22,53
2018-01-24,10,22,56
2018-01-25,10,22,59
2018-01-26,10,22,62
2018-01-27,10,22,65
2018-01-28,10,22,68
2018-01-29,10,22,49
2018-01-30,10,22,52
2018-01-31,10,22,55
2018-02-01,10,22,61
2018-02-02,10,22,64
2018-02-03,10,22,67
2018-02-04,10,22,70
2018-02-05,10,22,51
2018-02-06,10,22,54
2018-02-07,10,22,57
2018-02-08,10,22,60
2018-02-09,10,22,63
2018-02-10,10,22,67
2018-02-11,10,22,70
2018-02-12,10,22,51
2018-02-13,10,22,54
2018-02-14,10,22,57
2018-02-15,10,22,60
2018-02-16,10,22,63
2018-02-17,10,22,66
2018-02-18,10,22,70
2018-02-19,10,22,50
2018-02-20,10,22,53
2018-02-21,10,22,57
2018-02-22,10,22,60
2018-02-23,10,22,63
2018-02-24,10,22,66
2018-02-25,10,22,69
2018-02-26,10,22,50
2018-02-27,10,22,53
2018-02-28,10,22,56
2018-03-01,10,22,61
2018-03-02,10,22,65
2018-03-03,10,22,68
2018-03-04,10,22,71
2018-03-05,10,22,52
2018-03-06,10,22,55
2018-03-07,10,22,58
2018-03-08,10,22,61
2018-03-09,10,22,64
2018-03-10,10,22,67
2018-03-11,10,22,71
2018-03-12,10,22,51
2018-03-13,10,22,55
2018-03-14,10,22,58
2018-03-15,10,22,61
2018-03-16,10,22,64
2018-03-17,10,22,67
2018-03-18,10,22,70
2018-03-19,10,22,51
2018-03-20,10,22,54
2018-03-21,10,22,57
2018-03-22,10,22,61
2018-03-23,10,22,64
2018-03-24,10,22,67
2018-03-25,10,22,70
2018-03-26,10,22,51
2018-03-27,10,22,54
2018-03-28,10,22,57
2018-03-29,10,22,60
2018-03-30,10,22,63
2018-03-31,10,22,67
2018-01-01,1,23,51
2018-01-02,1,23,54
2018-01-03,1,23,57
2018-01-04,1,23,60
2018-01-05,1,23,63
2018-01-06,1,23,67
2018-01-07,1,23,70
2018-01-08,1,23,51
2018-01-09,1,23,54
2018-01-10,1,23,57
2018-01-11,1,23,60
2018-01-12,1,23,63
2018-01-13,1,23,66
2018-01-14,1,23,70
2018-01-15,1,23,50
2018-01-16,1,23,53
2018-01-17,1,23,57
2018-01-18,1,23,60
2018-01-19,1,23,63
2018-01-20,1,23,66
2018-01-21,1,23,69
2018-01-22,1,23,50
2018-01-23,1,23,53
2018-01-24,1,23,56
2018-01-25,1,23,60
2018-01-26,1,23,63
2018-01-27,1,23,66
2018-01-28,1,23,69
2018-01-29,1,23,50
2018-01-30,1,23,53
2018-01-31,1,23,56
2018-02-01,1,23,61
2018-02-02,1,23,64
2018-02-03,1,23,67
2018-02-04,1,23,71
2018-02-05,1,23,51
2018-02-06,1,23,55
2018-02-07,1,23,58
2018-02-08,1,23,61
2018-02-09,1,23,64
2018-02-10,1,23,67
2018-02-11,1,23,70
2018-02-12,1,23,51
2018-02-13,1,23,54
2018-02-14,1,23,57
2018-02-15,1,23,61
2018-02-16,1,23,64
2018-02-17,1,23,67
2018-02-18,1,23,70
2018-02-19,1,23,51
2018-02-20,1,23,54
2018-02-21,1,23,57
2018-02-22,1,23,60
2018-02-23,1,23,63
2018-02-24,1,23,67
2018-02-25,1,23,70
2018-02-26,1,23,51
2018-02-27,1,23,54
2018-02-28,1,23,57
2018-03-01,1,23,62
2018-03-02,1,23,65
2018-03-03,1,23,68
2018-03-04,1,23,71
2018-03-05,1,23,52
2018-03-06,1,23,55
2018-03-07,1,23,59
2018-03-08,1,23,62
2018-03-09,1,23,65
2018-03-10,1,23,68
2018-03-11,1,23,71
2018-03-12,1,23,52
2018-03-13,1,23,55
2018-03-14,1,23,58
2018-03-15,1,23,61
2018-03-16,1,23,65
2018-03-17,1,23,68
2018-03-18,1,23,71
2018-03-19,1,23,52
2018-03-20,1,23,55
2018-03-21,1,23,58
2018-03-22,1,23,61
2018-03-23,1,23,64
2018-03-24,1,23,67
2018-03-25,1,23,71
2018-03-26,1,23,51
2018-03-27,1,23,55
2018-03-28,1,23,58
2018-03-29,1,23,61
2018-03-30,1,23,64
2018-03-31,1,23,67
2018-01-01,2,23,51
2018-01-02,2,23,54
2018-01-03,2,23,57
2018-01-04,2,23,60
2018-01-05,2,23,63
2018-01-06,2,23,67
2018-01-07,2,23,70
2018-01-08,2,23,50
2018-01-09,2,23,54
2018-01-10,2,23,57
2018-01-11,2,23,60
2018-01-12,2,23,63
2018-01-13,2,23,66
2018-01-14,2,23,69
2018-01-15,2,23,50
2018-01-16,2,23,53
2018-01-17,2,23,57
2018-01-18,2,23,60
2018-01-19,2,23,63
2018-01-20,2,23,66
2018-01-21,2,23,69
2018-01-22,2,23,50
2018-01-23,2,23,53
2018-01-24,2,23,56
2018-01-25,2,23,59
2018-01-26,2,23,63
2018-01-27,2,23,66
2018-01-28,2,23,69
2018-01-29,2,23,50
2018-01-30,2,23,53
2018-01-31,2,23,56
2018-02-01,2,23,61
2018-02-02,2,23,64
2018-02-03,2,23,67
2018-02-04,2,23,71
2018-02-05,2,23,51
2018-02-06,2,23,54
2018-02-07,2,23,58
2018-02-08,2,23,61
2018-02-09,2,23,64
2018-02-10,2,23,67
2018-02-11,2,23,70
2018-02-12,2,23,51
2018-02-13,2,23,54
2018-02-14,2,23,57
2018-02-15,2,23,61
2018-02-16,2,23,64
2018-02-17,2,23,67
2018-02-18,2,23,70
2018-02-19,2,23,51
2018-02-20,2,23,54
2018-02-21,2,23,57
2018-02-22,2,23,60
2018-02-23,2,23,63
2018-02-24,2,23,67
2018-02-25,2,23,70
2018-02-26,2,23,50
2018-02-27,2,23,54
2018-02-28,2,23,57
2018-03-01,2,23,62
2018-03-02,2,23,65
2018-03-03,2,23,68
2018-03-04,2,23,71
2018-03-05,2,23,52
2018-03-06,2,23,55
2018-03-07,2,23,58
2018-03-08,2,23,62
2018-03-09,2,23,65
2018-03-10,2,23,68
2018-03-11,2,23,71
2018-03-12,2,23,52
2018-03-13,2,23,55
2018-03-14,2,23,58
2018-03-15,2,23,61
2018-03-16,2,23,65
2018-03-17,2,23,68
2018-03-18,2,23,71
2018-03-19,2,23,52
2018-03-20,2,23,55
2018-03-21,2,23,58
2018-03-22,2,23,61
2018-03-23,2,23,64
2018-03-24,2,23,67
2018-03-25,2,23,71
2018-03-26,2,23,51
2018-03-27,2,23,54
2018-03-28,2,23,58
2018-03-29,2,23,61
2018-03-30,2,23,64
2018-03-31,2,23,67
2018-01-01,3,23,51
2018-01-02,3,23,54
2018-01-03,3,23,57
2018-01-04,3,23,60
2018-01-05,3,23,63
2018-01-06,3,23,66
2018-01-07,3,23,70
2018-01-08,3,23,50
2018-01-09,3,23,54
2018-01-10,3,23,57
2018-01-11,3,23,60
2018-01-12,3,23,63
2018-01-13,3,23,66
2018-01-14,3,23,69
2018-01-15,3,23,50
2018-01-16,3,23,53
2018-01-17,3,23,56
2018-01-18,3,23,60
2018-01-19,3,23,63
2018-01-20,3,23,66
2018-01-21,3,23,69
2018-01-22,3,23,50
2018-01-23,3,23,53
2018-01-24,3,23,56
2018-01-25,3,23,59
2018-01-26,3,23,63
2018-01-27,3,23,66
2018-01-28,3,23,69
2018-01-29,3,23,50
2018-01-30,3,23,53
2018-01-31,3,23,56
2018-02-01,3,23,61
2018-02-02,3,23,64
2018-02-03,3,23,67
2018-02-04,3,23,70
2018-02-05,3,23,51
2018-02-06,3,23,54
2018-02-07,3,23,58
2018-02-08,3,23,61
2018-02-09,3,23,64
2018-02-10,3,23,67
2018-02-11,3,23,70
2018-02-12,3,23,51
2018-02-13,3,23,54
2018-02-14,3,23,57
2018-02-15,3,23,60
2018-02-16,3,23,64
2018-02-17,3,23,67
2018-02-18,3,23,70
2018-02-19,3,23,51
2018-02-20,3,23,54
2018-02-21,3,23,57
2018-02-22,3,23,60
2018-02-23,3,23,63
2018-02-24,3,23,67
2018-02-25,3,23,70
2018-02-26,3,23,50
2018-02-27,3,23,54
2018-02-28,3,23,57
2018-03-01,3,23,62
2018-03-02,3,23,65
2018-03-03,3,23,68
2018-03-04,3,23,71
2018-03-05,3,23,52
2018-03-06,3,23,55
2018-03-07,3,23,58
2018-03-08,3,23,62
2018-03-09,3,23,65
2018-03-10,3,23,68
2018-03-11,3,23,71
2018-03-12,3,23,52
2018-03-13,3,23,55
2018-03-14,3,23,58
2018-03-15,3,23,61
2018-03-16,3,23,64
2018-03-17,3,23,68
2018-03-18,3,23,71
2018-03-19,3,23,52
2018-03-20,3,23,55
2018-03-21,3,23,58
2018-03-22,3,23,61
2018-03-23,3,23,64
2018-03-24,3,23,67
2018-03-25,3,23,71
2018-03-26,3,23,51
2018-03-27,3,23,54
2018-03-28,3,23,58
2018-03-29,3,23,61
2018-03-30,3,23,64
2018-03-31,3,23,67
2018-01-01,4,23,51
2018-01-02,4,23,54
2018-01-03,4,23,57
2018-01-04,4,23,60
2018-01-05,4,23,63
2018-01-06,4,23,66
2018-01-07,4,23,70
2018-01-08,4,23,50
2018-01-09,4,23,53
2018-01-10,4,23,57
2018-01-11,4,23,60
2018-01-12,4,23,63
2018-01-13,4,23,66
2018-01-14,4,23,69
2018-01-15,4,23,50
2018-01-16,4,23,53
2018-01-17,4,23,56
2018-01-18,4,23,60
2018-01-19,4,23,63
2018-01-20,4,23,66
2018-01-21,4,23,69
2018-01-22,4,23,50
2018-01-23,4,23,53
2018-01-24,4,23,56
2018-01-25,4,23,59
2018-01-26,4,23,62
2018-01-27,4,23,66
2018-01-28,4,23,69
2018-01-29,4,23,49
2018-01-30,4,23,53
2018-01-31,4,23,56
2018-02-01,4,23,61
2018-02-02,4,23,64
2018-02-03,4,23,67
2018-02-04,4,23,70
2018-02-05,4,23,51
2018-02-06,4,23,54
2018-02-07,4,23,57
2018-02-08,4,23,61
2018-02-09,4,23,64
2018-02-10,4,23,67
2018-02-11,4,23,70
2018-02-12,4,23,51
2018-02-13,4,23,54
2018-02-14,4,23,57
2018-02-15,4,23,60
2018-02-16,4,23,64
2018-02-17,4,23,67
2018-02-18,4,23,70
2018-02-19,4,23,51
2018-02-20,4,23,54
2018-02-21,4,23,57
2018-02-22,4,23,60
2018-02-23,4,23,63
2018-02-24,4,23,66
2018-02-25,4,23,70
2018-02-26,4,23,50
2018-02-27,4,23,53
2018-02-28,4,23,57
2018-03-01,4,23,62
2018-03-02,4,23,65
2018-03-03,4,23,68
2018-03-04,4,23,71
2018-03-05,4,23,52
2018-03-06,4,23,55
2018-03-07,4,23,58
2018-03-08,4,23,61
2018-03-09,4,23,65
2018-03-10,4,23,68
2018-03-11,4,23,71
2018-03-12,4,23,52
2018-03-13,4,23,55
2018-03-14,4,23,58
2018-03-15,4,23,61
2018-03-16,4,23,64
2018-03-17,4,23,68
2018-03-18,4,23,71
2018-03-19,4,23,51
2018-03-20,4,23,55
2018-03-21,4,23,58
2018-03-22,4,23,61
2018-03-23,4,23,64
2018-03-24,4,23,67
2018-03-25,4,23,70
2018-03-26,4,23,51
2018-03-27,4,23,54
2018-03-28,4,23,57
2018-03-29,4,23,61
2018-03-30,4,23,64
2018-03-31,4,23,67
2018-01-01,5,23,51
2018-01-02,5,23,54
2018-01-03,5,23,57
2018-01-04,5,23,60
2018-01-05,5,23,63
2018-01-06,5,23,66
2018-01-07,5,23,70
2018-01-08,5,23,50
2018-01-09,5,23,53
2018-01-10,5,23,57
2018-01-11,5,23,60
2018-01-12,5,23,63
2018-01-13,5,23,66
2018-01-14,5,23,69
2018-01-15,5,23,50
2018-01-16,5,23,53
2018-01-17,5,23,56
2018-01-18,5,23,59
2018-01-19,5,23,63
2018-01-20,5,23,66
2018-01-21,5,23,69
2018-01-22,5,23,50
2018-01-23,5,23,53
2018-01-24,5,23,56
2018-01-25,5,23,59
2018-01-26,5,23,62
2018-01-27,5,23,66
2018-01-28,5,23,69
2018-01-29,5,23,49
2018-01-30,5,23,53
2018-01-31,5,23,56
2018-02-01,5,23,61
2018-02-02,5,23,64
2018-02-03,5,23,67
2018-02-04,5,23,70
2018-02-05,5,23,51
2018-02-06,5,23,54
2018-02-07,5,23,57
2018-02-08,5,23,61
2018-02-09,5,23,64
2018-02-10,5,23,67
2018-02-11,5,23,70
2018-02-12,5,23,51
2018-02-13,5,23,54
2018-02-14,5,23,57
2018-02-15,5,23,60
2018-02-16,5,23,63
2018-02-17,5,23,67
2018-02-18,5,23,70
2018-02-19,5,23,51
2018-02-20,5,23,54
2018-02-21,5,23,57
2018-02-22,5,23,60
2018-02-23,5,23,63
2018-02-24,5,23,66
2018-02-25,5,23,70
2018-02-26,5,23,50
2018-02-27,5,23,53
2018-02-28,5,23,57
2018-03-01,5,23,62
2018-03-02,5,23,65
2018-03-03,5,23,68
2018-03-04,5,23,71
2018-03-05,5,23,52
2018-03-06,5,23,55
2018-03-07,5,23,58
2018-03-08,5,23,61
2018-03-09,5,23,65
2018-03-10,5,23,68
2018-03-11,5,23,71
2018-03-12,5,23,52
2018-03-13,5,23,55
2018-03-14,5,23,58
2018-03-15,5,23,61
2018-03-16,5,23,64
2018-03-17,5,23,67
2018-03-18,5,23,71
2018-03-19,5,23,51
2018-03-20,5,23,55
2018-03-21,5,23,58
2018-03-22,5,23,61
2018-03-23,5,23,64
2018-03-24,5,23,67
2018-03-25,5,23,70
2018-03-26,5,23,51
2018-03-27,5,23,54
2018-03-28,5,23,57
2018-03-29,5,23,61
2018-03-30,5,23,64
2018-03-31,5,23,67
2018-01-01,6,23,50
2018-01-02,6,23,54
2018-01-03,6,23,57
2018-01-04,6,23,60
2018-01-05,6,23,63
2018-01-06,6,23,66
2018-01-07,6,23,69
2018-01-08,6,23,50
2018-01-09,6,23,53
2018-01-10,6,23,56
2018-01-11,6,23,60
2018-01-12,6,23,63
2018-01-13,6,23,66
2018-01-14,6,23,69
2018-01-15,6,23,50
2018-01-16,6,23,53
2018-01-17,6,23,56
2018-01-18,6,23,59
2018-01-19,6,23,63
2018-01-20,6,23,66
2018-01-21,6,23,69
2018-01-22,6,23,50
2018-01-23,6,23,53
2018-01-24,6,23,56
2018-01-25,6,23,59
2018-01-26,6,23,62
2018-01-27,6,23,65
2018-01-28,6,23,69
2018-01-29,6,23,49
2018-01-30,6,23,53
2018-01-31,6,23,56
2018-02-01,6,23,61
2018-02-02,6,23,64
2018-02-03,6,23,67
2018-02-04,6,23,70
2018-02-05,6,23,51
2018-02-06,6,23,54
2018-02-07,6,23,57
2018-02-08,6,23,60
2018-02-09,6,23,64
2018-02-10,6,23,67
2018-02-11,6,23,70
2018-02-12,6,23,51
2018-02-13,6,23,54
2018-02-14,6,23,57
2018-02-15,6,23,60
2018-02-16,6,23,63
2018-02-17,6,23,67
2018-02-18,6,23,70
2018-02-19,6,23,50
2018-02-20,6,23,54
2018-02-21,6,23,57
2018-02-22,6,23,60
2018-02-23,6,23,63
2018-02-24,6,23,66
2018-02-25,6,23,69
2018-02-26,6,23,50
2018-02-27,6,23,53
2018-02-28,6,23,57
2018-03-01,6,23,62
2018-03-02,6,23,65
2018-03-03,6,23,68
2018-03-04,6,23,71
2018-03-05,6,23,52
2018-03-06,6,23,55
2018-03-07,6,23,58
2018-03-08,6,23,61
2018-03-09,6,23,64
2018-03-10,6,23,68
2018-03-11,6,23,71
2018-03-12,6,23,52
2018-03-13,6,23,55
2018-03-14,6,23,58
2018-03-15,6,23,61
2018-03-16,6,23,64
2018-03-17,6,23,67
2018-03-18,6,23,71
2018-03-19,6,23,51
2018-03-20,6,23,54
2018-03-21,6,23,58
2018-03-22,6,23,61
2018-03-23,6,23,64
2018-03-24,6,23,67
2018-03-25,6,23,70
2018-03-26,6,23,51
2018-03-27,6,23,54
2018-03-28,6,23,57
2018-03-29,6,23,61
2018-03-30,6,23,64
2018-03-31,6,23,67
2018-01-01,7,23,50
2018-01-02,7,23,54
2018-01-03,7,23,57
2018-01-04,7,23,60
2018-01-05,7,23,63
2018-01-06,7,23,66
2018-01-07,7,23,69
2018-01-08,7,23,50
2018-01-09,7,23,53
2018-01-10,7,23,56
2018-01-11,7,23,60
2018-01-12,7,23,63
2018-01-13,7,23,66
2018-01-14,7,23,69
2018-01-15,7,23,50
2018-01-16,7,23,53
2018-01-17,7,23,56
2018-01-18,7,23,59
2018-01-19,7,23,62
2018-01-20,7,23,66
2018-01-21,7,23,69
2018-01-22,7,23,50
2018-01-23,7,23,53
2018-01-24,7,23,56
2018-01-25,7,23,59
2018-01-26,7,23,62
2018-01-27,7,23,65
2018-01-28,7,23,69
2018-01-29,7,23,49
2018-01-30,7,23,52
2018-01-31,7,23,56
2018-02-01,7,23,61
2018-02-02,7,23,64
2018-02-03,7,23,67
2018-02-04,7,23,70
2018-02-05,7,23,51
2018-02-06,7,23,54
2018-02-07,7,23,57
2018-02-08,7,23,60
2018-02-09,7,23,64
2018-02-10,7,23,67
2018-02-11,7,23,70
2018-02-12,7,23,51
2018-02-13,7,23,54
2018-02-14,7,23,57
2018-02-15,7,23,60
2018-02-16,7,23,63
2018-02-17,7,23,66
2018-02-18,7,23,70
2018-02-19,7,23,50
2018-02-20,7,23,54
2018-02-21,7,23,57
2018-02-22,7,23,60
2018-02-23,7,23,63
2018-02-24,7,23,66
2018-02-25,7,23,69
2018-02-26,7,23,50
2018-02-27,7,23,53
2018-02-28,7,23,56
2018-03-01,7,23,62
2018-03-02,7,23,65
2018-03-03,7,23,68
2018-03-04,7,23,71
2018-03-05,7,23,52
2018-03-06,7,23,55
2018-03-07,7,23,58
2018-03-08,7,23,61
2018-03-09,7,23,64
2018-03-10,7,23,68
2018-03-11,7,23,71
2018-03-12,7,23,51
2018-03-13,7,23,55
2018-03-14,7,23,58
2018-03-15,7,23,61
2018-03-16,7,23,64
2018-03-17,7,23,67
2018-03-18,7,23,70
2018-03-19,7,23,51
2018-03-20,7,23,54
2018-03-21,7,23,58
2018-03-22,7,23,61
2018-03-23,7,23,64
2018-03-24,7,23,67
2018-03-25,7,23,70
2018-03-26,7,23,51
2018-03-27,7,23,54
2018-03-28,7,23,57
2018-03-29,7,23,60
2018-03-30,7,23,64
2018-03-31,7,23,67
2018-01-01,8,23,50
2018-01-02,8,23,53
2018-01-03,8,23,57
2018-01-04,8,23,60
2018-01-05,8,23,63
2018-01-06,8,23,66
2018-01-07,8,23,69
2018-01-08,8,23,50
2018-01-09,8,23,53
2018-01-10,8,23,56
2018-01-11,8,23,60
2018-01-12,8,23,63
2018-01-13,8,23,66
2018-01-14,8,23,69
2018-01-15,8,23,50
2018-01-16,8,23,53
2018-01-17,8,23,56
2018-01-18,8,23,59
2018-01-19,8,23,62
2018-01-20,8,23,66
2018-01-21,8,23,69
2018-01-22,8,23,49
2018-01-23,8,23,53
2018-01-24,8,23,56
2018-01-25,8,23,59
2018-01-26,8,23,62
2018-01-27,8,23,65
2018-01-28,8,23,68
2018-01-29,8,23,49
2018-01-30,8,23,52
2018-01-31,8,23,56
2018-02-01,8,23,61
2018-02-02,8,23,64
2018-02-03,8,23,67
2018-02-04,8,23,70
2018-02-05,8,23,51
2018-02-06,8,23,54
2018-02-07,8,23,57
2018-02-08,8,23,60
2018-02-09,8,23,63
2018-02-10,8,23,67
2018-02-11,8,23,70
2018-02-12,8,23,51
2018-02-13,8,23,54
2018-02-14,8,23,57
2018-02-15,8,23,60
2018-02-16,8,23,63
2018-02-17,8,23,66
2018-02-18,8,23,70
2018-02-19,8,23,50
2018-02-20,8,23,53
2018-02-21,8,23,57
2018-02-22,8,23,60
2018-02-23,8,23,63
2018-02-24,8,23,66
2018-02-25,8,23,69
2018-02-26,8,23,50
2018-02-27,8,23,53
2018-02-28,8,23,56
2018-03-01,8,23,61
2018-03-02,8,23,65
2018-03-03,8,23,68
2018-03-04,8,23,71
2018-03-05,8,23,52
2018-03-06,8,23,55
2018-03-07,8,23,58
2018-03-08,8,23,61
2018-03-09,8,23,64
2018-03-10,8,23,67
2018-03-11,8,23,71
2018-03-12,8,23,51
2018-03-13,8,23,55
2018-03-14,8,23,58
2018-03-15,8,23,61
2018-03-16,8,23,64
2018-03-17,8,23,67
2018-03-18,8,23,70
2018-03-19,8,23,51
2018-03-20,8,23,54
2018-03-21,8,23,57
2018-03-22,8,23,61
2018-03-23,8,23,64
2018-03-24,8,23,67
2018-03-25,8,23,70
2018-03-26,8,23,51
2018-03-27,8,23,54
2018-03-28,8,23,57
2018-03-29,8,23,60
2018-03-30,8,23,64
2018-03-31,8,23,67
2018-01-01,9,23,50
2018-01-02,9,23,53
2018-01-03,9,23,57
2018-01-04,9,23,60
2018-01-05,9,23,63
2018-01-06,9,23,66
2018-01-07,9,23,69
2018-01-08,9,23,50
2018-01-09,9,23,53
2018-01-10,9,23,56
2018-01-11,9,23,59
2018-01-12,9,23,63
2018-01-13,9,23,66
2018-01-14,9,23,69
2018-01-15,9,23,50
2018-01-16,9,23,53
2018-01-17,9,23,56
2018-01-18,9,23,59
2018-01-19,9,23,62
2018-01-20,9,23,65
2018-01-21,9,23,69
2018-01-22,9,23,49
2018-01-23,9,23,53
2018-01-24,9,23,56
2018-01-25,9,23,59
2018-01-26,9,23,62
2018-01-27,9,23,65
2018-01-28,9,23,68
2018-01-29,9,23,49
2018-01-30,9,23,52
2018-01-31,9,23,55
2018-02-01,9,23,61
2018-02-02,9,23,64
2018-02-03,9,23,67
2018-02-04,9,23,70
2018-02-05,9,23,51
2018-02-06,9,23,54
2018-02-07,9,23,57
2018-02-08,9,23,60
2018-02-09,9,23,63
2018-02-10,9,23,67
2018-02-11,9,23,70
2018-02-12,9,23,50
2018-02-13,9,23,54
2018-02-14,9,23,57
2018-02-15,9,23,60
2018-02-16,9,23,63
2018-02-17,9,23,66
2018-02-18,9,23,69
2018-02-19,9,23,50
2018-02-20,9,23,53
2018-02-21,9,23,57
2018-02-22,9,23,60
2018-02-23,9,23,63
2018-02-24,9,23,66
2018-02-25,9,23,69
2018-02-26,9,23,50
2018-02-27,9,23,53
2018-02-28,9,23,56
2018-03-01,9,23,61
2018-03-02,9,23,65
2018-03-03,9,23,68
2018-03-04,9,23,71
2018-03-05,9,23,52
2018-03-06,9,23,55
2018-03-07,9,23,58
2018-03-08,9,23,61
2018-03-09,9,23,64
2018-03-10,9,23,67
2018-03-11,9,23,71
2018-03-12,9,23,51
2018-03-13,9,23,54
2018-03-14,9,23,58
2018-03-15,9,23,61
2018-03-16,9,23,64
2018-03-17,9,23,67
2018-03-18,9,23,70
2018-03-19,9,23,51
2018-03-20,9,23,54
2018-03-21,9,23,57
2018-03-22,9,23,61
2018-03-23,9,23,64
2018-03-24,9,23,67
2018-03-25,9,23,70
2018-03-26,9,23,51
2018-03-27,9,23,54
2018-03-28,9,23,57
2018-03-29,9,23,60
2018-03-30,9,23,63
2018-03-31,9,23,67
2018-01-01,10,23,50
2018-01-02,10,23,53
2018-01-03,10,23,56
2018-01-04,10,23,60
2018-01-05,10,23,63
2018-01-06,10,23,66
2018-01-07,10,23,69
2018-01-08,10,23,50
2018-01-09,10,23,53
2018-01-10,10,23,56
2018-01-11,10,23,59
2018-01-12,10,23,63
2018-01-13,10,23,66
2018-01-14,10,23,69
2018-01-15,10,23,50
2018-01-16,10,23,53
2018-01-17,10,23,56
2018-01-18,10,23,59
2018-01-19,10,23,62
2018-01-20,10,23,65
2018-01-21,10,23,69
2018-01-22,10,23,49
2018-01-23,10,23,52
2018-01-24,10,23,56
2018-01-25,10,23,59
2018-01-26,10,23,62
2018-01-27,10,23,65
2018-01-28,10,23,68
2018-01-29,10,23,49
2018-01-30,10,23,52
2018-01-31,10,23,55
2018-02-01,10,23,60
2018-02-02,10,23,64
2018-02-03,10,23,67
2018-02-04,10,23,70
2018-02-05,10,23,51
2018-02-06,10,23,54
2018-02-07,10,23,57
2018-02-08,10,23,60
2018-02-09,10,23,63
2018-02-10,10,23,67
2018-02-11,10,23,70
2018-02-12,10,23,50
2018-02-13,10,23,54
2018-02-14,10,23,57
2018-02-15,10,23,60
2018-02-16,10,23,63
2018-02-17,10,23,66
2018-02-18,10,23,69
2018-02-19,10,23,50
2018-02-20,10,23,53
2018-02-21,10,23,56
2018-02-22,10,23,60
2018-02-23,10,23,63
2018-02-24,10,23,66
2018-02-25,10,23,69
2018-02-26,10,23,50
2018-02-27,10,23,53
2018-02-28,10,23,56
2018-03-01,10,23,61
2018-03-02,10,23,64
2018-03-03,10,23,68
2018-03-04,10,23,71
2018-03-05,10,23,52
2018-03-06,10,23,55
2018-03-07,10,23,58
2018-03-08,10,23,61
2018-03-09,10,23,64
2018-03-10,10,23,67
2018-03-11,10,23,71
2018-03-12,10,23,51
2018-03-13,10,23,54
2018-03-14,10,23,58
2018-03-15,10,23,61
2018-03-16,10,23,64
2018-03-17,10,23,67
2018-03-18,10,23,70
2018-03-19,10,23,51
2018-03-20,10,23,54
2018-03-21,10,23,57
2018-03-22,10,23,60
2018-03-23,10,23,64
2018-03-24,10,23,67
2018-03-25,10,23,70
2018-03-26,10,23,51
2018-03-27,10,23,54
2018-03-28,10,23,57
2018-03-29,10,23,60
2018-03-30,10,23,63
2018-03-31,10,23,67
2018-01-01,1,24,51
2018-01-02,1,24,54
2018-01-03,1,24,57
2018-01-04,1,24,60
2018-01-05,1,24,63
2018-01-06,1,24,67
2018-01-07,1,24,70
2018-01-08,1,24,50
2018-01-09,1,24,54
2018-01-10,1,24,57
2018-01-11,1,24,60
2018-01-12,1,24,63
2018-01-13,1,24,66
2018-01-14,1,24,69
2018-01-15,1,24,50
2018-01-16,1,24,53
2018-01-17,1,24,56
2018-01-18,1,24,60
2018-01-19,1,24,63
2018-01-20,1,24,66
2018-01-21,1,24,69
2018-01-22,1,24,50
2018-01-23,1,24,53
2018-01-24,1,24,56
2018-01-25,1,24,59
2018-01-26,1,24,63
2018-01-27,1,24,66
2018-01-28,1,24,69
2018-01-29,1,24,50
2018-01-30,1,24,53
2018-01-31,1,24,56
2018-02-01,1,24,61
2018-02-02,1,24,64
2018-02-03,1,24,67
2018-02-04,1,24,71
2018-02-05,1,24,51
2018-02-06,1,24,54
2018-02-07,1,24,58
2018-02-08,1,24,61
2018-02-09,1,24,64
2018-02-10,1,24,67
2018-02-11,1,24,70
2018-02-12,1,24,51
2018-02-13,1,24,54
2018-02-14,1,24,57
2018-02-15,1,24,60
2018-02-16,1,24,64
2018-02-17,1,24,67
2018-02-18,1,24,70
2018-02-19,1,24,51
2018-02-20,1,24,54
2018-02-21,1,24,57
2018-02-22,1,24,60
2018-02-23,1,24,63
2018-02-24,1,24,67
2018-02-25,1,24,70
2018-02-26,1,24,50
2018-02-27,1,24,54
2018-02-28,1,24,57
2018-03-01,1,24,62
2018-03-02,1,24,65
2018-03-03,1,24,68
2018-03-04,1,24,71
2018-03-05,1,24,52
2018-03-06,1,24,55
2018-03-07,1,24,58
2018-03-08,1,24,62
2018-03-09,1,24,65
2018-03-10,1,24,68
2018-03-11,1,24,71
2018-03-12,1,24,52
2018-03-13,1,24,55
2018-03-14,1,24,58
2018-03-15,1,24,61
2018-03-16,1,24,64
2018-03-17,1,24,68
2018-03-18,1,24,71
2018-03-19,1,24,52
2018-03-20,1,24,55
2018-03-21,1,24,58
2018-03-22,1,24,61
2018-03-23,1,24,64
2018-03-24,1,24,67
2018-03-25,1,24,71
2018-03-26,1,24,51
2018-03-27,1,24,54
2018-03-28,1,24,58
2018-03-29,1,24,61
2018-03-30,1,24,64
2018-03-31,1,24,67
2018-01-01,2,24,51
2018-01-02,2,24,54
2018-01-03,2,24,57
2018-01-04,2,24,60
2018-01-05,2,24,63
2018-01-06,2,24,66
2018-01-07,2,24,70
2018-01-08,2,24,50
2018-01-09,2,24,54
2018-01-10,2,24,57
2018-01-11,2,24,60
2018-01-12,2,24,63
2018-01-13,2,24,66
2018-01-14,2,24,69
2018-01-15,2,24,50
2018-01-16,2,24,53
2018-01-17,2,24,56
2018-01-18,2,24,60
2018-01-19,2,24,63
2018-01-20,2,24,66
2018-01-21,2,24,69
2018-01-22,2,24,50
2018-01-23,2,24,53
2018-01-24,2,24,56
2018-01-25,2,24,59
2018-01-26,2,24,62
2018-01-27,2,24,66
2018-01-28,2,24,69
2018-01-29,2,24,50
2018-01-30,2,24,53
2018-01-31,2,24,56
2018-02-01,2,24,61
2018-02-02,2,24,64
2018-02-03,2,24,67
2018-02-04,2,24,70
2018-02-05,2,24,51
2018-02-06,2,24,54
2018-02-07,2,24,58
2018-02-08,2,24,61
2018-02-09,2,24,64
2018-02-10,2,24,67
2018-02-11,2,24,70
2018-02-12,2,24,51
2018-02-13,2,24,54
2018-02-14,2,24,57
2018-02-15,2,24,60
2018-02-16,2,24,64
2018-02-17,2,24,67
2018-02-18,2,24,70
2018-02-19,2,24,51
2018-02-20,2,24,54
2018-02-21,2,24,57
2018-02-22,2,24,60
2018-02-23,2,24,63
2018-02-24,2,24,66
2018-02-25,2,24,70
2018-02-26,2,24,50
2018-02-27,2,24,54
2018-02-28,2,24,57
2018-03-01,2,24,62
2018-03-02,2,24,65
2018-03-03,2,24,68
2018-03-04,2,24,71
2018-03-05,2,24,52
2018-03-06,2,24,55
2018-03-07,2,24,58
2018-03-08,2,24,62
2018-03-09,2,24,65
2018-03-10,2,24,68
2018-03-11,2,24,71
2018-03-12,2,24,52
2018-03-13,2,24,55
2018-03-14,2,24,58
2018-03-15,2,24,61
2018-03-16,2,24,64
2018-03-17,2,24,68
2018-03-18,2,24,71
2018-03-19,2,24,51
2018-03-20,2,24,55
2018-03-21,2,24,58
2018-03-22,2,24,61
2018-03-23,2,24,64
2018-03-24,2,24,67
2018-03-25,2,24,70
2018-03-26,2,24,51
2018-03-27,2,24,54
2018-03-28,2,24,58
2018-03-29,2,24,61
2018-03-30,2,24,64
2018-03-31,2,24,67
2018-01-01,3,24,51
2018-01-02,3,24,54
2018-01-03,3,24,57
2018-01-04,3,24,60
2018-01-05,3,24,63
2018-01-06,3,24,66
2018-01-07,3,24,70
2018-01-08,3,24,50
2018-01-09,3,24,53
2018-01-10,3,24,57
2018-01-11,3,24,60
2018-01-12,3,24,63
2018-01-13,3,24,66
2018-01-14,3,24,69
2018-01-15,3,24,50
2018-01-16,3,24,53
2018-01-17,3,24,56
2018-01-18,3,24,60
2018-01-19,3,24,63
2018-01-20,3,24,66
2018-01-21,3,24,69
2018-01-22,3,24,50
2018-01-23,3,24,53
2018-01-24,3,24,56
2018-01-25,3,24,59
2018-01-26,3,24,62
2018-01-27,3,24,66
2018-01-28,3,24,69
2018-01-29,3,24,49
2018-01-30,3,24,53
2018-01-31,3,24,56
2018-02-01,3,24,61
2018-02-02,3,24,64
2018-02-03,3,24,67
2018-02-04,3,24,70
2018-02-05,3,24,51
2018-02-06,3,24,54
2018-02-07,3,24,57
2018-02-08,3,24,61
2018-02-09,3,24,64
2018-02-10,3,24,67
2018-02-11,3,24,70
2018-02-12,3,24,51
2018-02-13,3,24,54
2018-02-14,3,24,57
2018-02-15,3,24,60
2018-02-16,3,24,64
2018-02-17,3,24,67
2018-02-18,3,24,70
2018-02-19,3,24,51
2018-02-20,3,24,54
2018-02-21,3,24,57
2018-02-22,3,24,60
2018-02-23,3,24,63
2018-02-24,3,24,66
2018-02-25,3,24,70
2018-02-26,3,24,50
2018-02-27,3,24,53
2018-02-28,3,24,57
2018-03-01,3,24,62
2018-03-02,3,24,65
2018-03-03,3,24,68
2018-03-04,3,24,71
2018-03-05,3,24,52
2018-03-06,3,24,55
2018-03-07,3,24,58
2018-03-08,3,24,61
2018-03-09,3,24,65
2018-03-10,3,24,68
2018-03-11,3,24,71
2018-03-12,3,24,52
2018-03-13,3,24,55
2018-03-14,3,24,58
2018-03-15,3,24,61
2018-03-16,3,24,64
2018-03-17,3,24,68
2018-03-18,3,24,71
2018-03-19,3,24,51
2018-03-20,3,24,55
2018-03-21,3,24,58
2018-03-22,3,24,61
2018-03-23,3,24,64
2018-03-24,3,24,67
2018-03-25,3,24,70
2018-03-26,3,24,51
2018-03-27,3,24,54
2018-03-28,3,24,57
2018-03-29,3,24,61
2018-03-30,3,24,64
2018-03-31,3,24,67
2018-01-01,4,24,50
2018-01-02,4,24,54
2018-01-03,4,24,57
2018-01-04,4,24,60
2018-01-05,4,24,63
2018-01-06,4,24,66
2018-01-07,4,24,69
2018-01-08,4,24,50
2018-01-09,4,24,53
2018-01-10,4,24,57
2018-01-11,4,24,60
2018-01-12,4,24,63
2018-01-13,4,24,66
2018-01-14,4,24,69
2018-01-15,4,24,50
2018-01-16,4,24,53
2018-01-17,4,24,56
2018-01-18,4,24,59
2018-01-19,4,24,63
2018-01-20,4,24,66
2018-01-21,4,24,69
2018-01-22,4,24,50
2018-01-23,4,24,53
2018-01-24,4,24,56
2018-01-25,4,24,59
2018-01-26,4,24,62
2018-01-27,4,24,65
2018-01-28,4,24,69
2018-01-29,4,24,49
2018-01-30,4,24,53
2018-01-31,4,24,56
2018-02-01,4,24,61
2018-02-02,4,24,64
2018-02-03,4,24,67
2018-02-04,4,24,70
2018-02-05,4,24,51
2018-02-06,4,24,54
2018-02-07,4,24,57
2018-02-08,4,24,61
2018-02-09,4,24,64
2018-02-10,4,24,67
2018-02-11,4,24,70
2018-02-12,4,24,51
2018-02-13,4,24,54
2018-02-14,4,24,57
2018-02-15,4,24,60
2018-02-16,4,24,63
2018-02-17,4,24,67
2018-02-18,4,24,70
2018-02-19,4,24,50
2018-02-20,4,24,54
2018-02-21,4,24,57
2018-02-22,4,24,60
2018-02-23,4,24,63
2018-02-24,4,24,66
2018-02-25,4,24,69
2018-02-26,4,24,50
2018-02-27,4,24,53
2018-02-28,4,24,57
2018-03-01,4,24,62
2018-03-02,4,24,65
2018-03-03,4,24,68
2018-03-04,4,24,71
2018-03-05,4,24,52
2018-03-06,4,24,55
2018-03-07,4,24,58
2018-03-08,4,24,61
2018-03-09,4,24,65
2018-03-10,4,24,68
2018-03-11,4,24,71
2018-03-12,4,24,52
2018-03-13,4,24,55
2018-03-14,4,24,58
2018-03-15,4,24,61
2018-03-16,4,24,64
2018-03-17,4,24,67
2018-03-18,4,24,71
2018-03-19,4,24,51
2018-03-20,4,24,54
2018-03-21,4,24,58
2018-03-22,4,24,61
2018-03-23,4,24,64
2018-03-24,4,24,67
2018-03-25,4,24,70
2018-03-26,4,24,51
2018-03-27,4,24,54
2018-03-28,4,24,57
2018-03-29,4,24,61
2018-03-30,4,24,64
2018-03-31,4,24,67
2018-01-01,5,24,50
2018-01-02,5,24,54
2018-01-03,5,24,57
2018-01-04,5,24,60
2018-01-05,5,24,63
2018-01-06,5,24,66
2018-01-07,5,24,69
2018-01-08,5,24,50
2018-01-09,5,24,53
2018-01-10,5,24,56
2018-01-11,5,24,60
2018-01-12,5,24,63
2018-01-13,5,24,66
2018-01-14,5,24,69
2018-01-15,5,24,50
2018-01-16,5,24,53
2018-01-17,5,24,56
2018-01-18,5,24,59
2018-01-19,5,24,63
2018-01-20,5,24,66
2018-01-21,5,24,69
2018-01-22,5,24,50
2018-01-23,5,24,53
2018-01-24,5,24,56
2018-01-25,5,24,59
2018-01-26,5,24,62
2018-01-27,5,24,65
2018-01-28,5,24,69
2018-01-29,5,24,49
2018-01-30,5,24,52
2018-01-31,5,24,56
2018-02-01,5,24,61
2018-02-02,5,24,64
2018-02-03,5,24,67
2018-02-04,5,24,70
2018-02-05,5,24,51
2018-02-06,5,24,54
2018-02-07,5,24,57
2018-02-08,5,24,60
2018-02-09,5,24,64
2018-02-10,5,24,67
2018-02-11,5,24,70
2018-02-12,5,24,51
2018-02-13,5,24,54
2018-02-14,5,24,57
2018-02-15,5,24,60
2018-02-16,5,24,63
2018-02-17,5,24,67
2018-02-18,5,24,70
2018-02-19,5,24,50
2018-02-20,5,24,54
2018-02-21,5,24,57
2018-02-22,5,24,60
2018-02-23,5,24,63
2018-02-24,5,24,66
2018-02-25,5,24,69
2018-02-26,5,24,50
2018-02-27,5,24,53
2018-02-28,5,24,56
2018-03-01,5,24,62
2018-03-02,5,24,65
2018-03-03,5,24,68
2018-03-04,5,24,71
2018-03-05,5,24,52
2018-03-06,5,24,55
2018-03-07,5,24,58
2018-03-08,5,24,61
2018-03-09,5,24,64
2018-03-10,5,24,68
2018-03-11,5,24,71
2018-03-12,5,24,52
2018-03-13,5,24,55
2018-03-14,5,24,58
2018-03-15,5,24,61
2018-03-16,5,24,64
2018-03-17,5,24,67
2018-03-18,5,24,71
2018-03-19,5,24,51
2018-03-20,5,24,54
2018-03-21,5,24,58
2018-03-22,5,24,61
2018-03-23,5,24,64
2018-03-24,5,24,67
2018-03-25,5,24,70
2018-03-26,5,24,51
2018-03-27,5,24,54
2018-03-28,5,24,57
2018-03-29,5,24,60
2018-03-30,5,24,64
2018-03-31,5,24,67
2018-01-01,6,24,50
2018-01-02,6,24,53
2018-01-03,6,24,57
2018-01-04,6,24,60
2018-01-05,6,24,63
2018-01-06,6,24,66
2018-01-07,6,24,69
2018-01-08,6,24,50
2018-01-09,6,24,53
2018-01-10,6,24,56
2018-01-11,6,24,60
2018-01-12,6,24,63
2018-01-13,6,24,66
2018-01-14,6,24,69
2018-01-15,6,24,50
2018-01-16,6,24,53
2018-01-17,6,24,56
2018-01-18,6,24,59
2018-01-19,6,24,62
2018-01-20,6,24,66
2018-01-21,6,24,69
2018-01-22,6,24,50
2018-01-23,6,24,53
2018-01-24,6,24,56
2018-01-25,6,24,59
2018-01-26,6,24,62
2018-01-27,6,24,65
2018-01-28,6,24,69
2018-01-29,6,24,49
2018-01-30,6,24,52
2018-01-31,6,24,56
2018-02-01,6,24,61
2018-02-02,6,24,64
2018-02-03,6,24,67
2018-02-04,6,24,70
2018-02-05,6,24,51
2018-02-06,6,24,54
2018-02-07,6,24,57
2018-02-08,6,24,60
2018-02-09,6,24,64
2018-02-10,6,24,67
2018-02-11,6,24,70
2018-02-12,6,24,51
2018-02-13,6,24,54
2018-02-14,6,24,57
2018-02-15,6,24,60
2018-02-16,6,24,63
2018-02-17,6,24,66
2018-02-18,6,24,70
2018-02-19,6,24,50
2018-02-20,6,24,54
2018-02-21,6,24,57
2018-02-22,6,24,60
2018-02-23,6,24,63
2018-02-24,6,24,66
2018-02-25,6,24,69
2018-02-26,6,24,50
2018-02-27,6,24,53
2018-02-28,6,24,56
2018-03-01,6,24,61
2018-03-02,6,24,65
2018-03-03,6,24,68
2018-03-04,6,24,71
2018-03-05,6,24,52
2018-03-06,6,24,55
2018-03-07,6,24,58
2018-03-08,6,24,61
2018-03-09,6,24,64
2018-03-10,6,24,68
2018-03-11,6,24,71
2018-03-12,6,24,51
2018-03-13,6,24,55
2018-03-14,6,24,58
2018-03-15,6,24,61
2018-03-16,6,24,64
2018-03-17,6,24,67
2018-03-18,6,24,70
2018-03-19,6,24,51
2018-03-20,6,24,54
2018-03-21,6,24,57
2018-03-22,6,24,61
2018-03-23,6,24,64
2018-03-24,6,24,67
2018-03-25,6,24,70
2018-03-26,6,24,51
2018-03-27,6,24,54
2018-03-28,6,24,57
2018-03-29,6,24,60
2018-03-30,6,24,64
2018-03-31,6,24,67
2018-01-01,7,24,50
2018-01-02,7,24,53
2018-01-03,7,24,57
2018-01-04,7,24,60
2018-01-05,7,24,63
2018-01-06,7,24,66
2018-01-07,7,24,69
2018-01-08,7,24,50
2018-01-09,7,24,53
2018-01-10,7,24,56
2018-01-11,7,24,59
2018-01-12,7,24,63
2018-01-13,7,24,66
2018-01-14,7,24,69
2018-01-15,7,24,50
2018-01-16,7,24,53
2018-01-17,7,24,56
2018-01-18,7,24,59
2018-01-19,7,24,62
2018-01-20,7,24,66
2018-01-21,7,24,69
2018-01-22,7,24,49
2018-01-23,7,24,53
2018-01-24,7,24,56
2018-01-25,7,24,59
2018-01-26,7,24,62
2018-01-27,7,24,65
2018-01-28,7,24,68
2018-01-29,7,24,49
2018-01-30,7,24,52
2018-01-31,7,24,55
2018-02-01,7,24,61
2018-02-02,7,24,64
2018-02-03,7,24,67
2018-02-04,7,24,70
2018-02-05,7,24,51
2018-02-06,7,24,54
2018-02-07,7,24,57
2018-02-08,7,24,60
2018-02-09,7,24,63
2018-02-10,7,24,67
2018-02-11,7,24,70
2018-02-12,7,24,51
2018-02-13,7,24,54
2018-02-14,7,24,57
2018-02-15,7,24,60
2018-02-16,7,24,63
2018-02-17,7,24,66
2018-02-18,7,24,70
2018-02-19,7,24,50
2018-02-20,7,24,53
2018-02-21,7,24,57
2018-02-22,7,24,60
2018-02-23,7,24,63
2018-02-24,7,24,66
2018-02-25,7,24,69
2018-02-26,7,24,50
2018-02-27,7,24,53
2018-02-28,7,24,56
2018-03-01,7,24,61
2018-03-02,7,24,65
2018-03-03,7,24,68
2018-03-04,7,24,71
2018-03-05,7,24,52
2018-03-06,7,24,55
2018-03-07,7,24,58
2018-03-08,7,24,61
2018-03-09,7,24,64
2018-03-10,7,24,67
2018-03-11,7,24,71
2018-03-12,7,24,51
2018-03-13,7,24,55
2018-03-14,7,24,58
2018-03-15,7,24,61
2018-03-16,7,24,64
2018-03-17,7,24,67
2018-03-18,7,24,70
2018-03-19,7,24,51
2018-03-20,7,24,54
2018-03-21,7,24,57
2018-03-22,7,24,61
2018-03-23,7,24,64
2018-03-24,7,24,67
2018-03-25,7,24,70
2018-03-26,7,24,51
2018-03-27,7,24,54
2018-03-28,7,24,57
2018-03-29,7,24,60
2018-03-30,7,24,63
2018-03-31,7,24,67
2018-01-01,8,24,50
2018-01-02,8,24,53
2018-01-03,8,24,56
2018-01-04,8,24,60
2018-01-05,8,24,63
2018-01-06,8,24,66
2018-01-07,8,24,69
2018-01-08,8,24,50
2018-01-09,8,24,53
2018-01-10,8,24,56
2018-01-11,8,24,59
2018-01-12,8,24,63
2018-01-13,8,24,66
2018-01-14,8,24,69
2018-01-15,8,24,50
2018-01-16,8,24,53
2018-01-17,8,24,56
2018-01-18,8,24,59
2018-01-19,8,24,62
2018-01-20,8,24,65
2018-01-21,8,24,69
2018-01-22,8,24,49
2018-01-23,8,24,53
2018-01-24,8,24,56
2018-01-25,8,24,59
2018-01-26,8,24,62
2018-01-27,8,24,65
2018-01-28,8,24,68
2018-01-29,8,24,49
2018-01-30,8,24,52
2018-01-31,8,24,55
2018-02-01,8,24,60
2018-02-02,8,24,64
2018-02-03,8,24,67
2018-02-04,8,24,70
2018-02-05,8,24,51
2018-02-06,8,24,54
2018-02-07,8,24,57
2018-02-08,8,24,60
2018-02-09,8,24,63
2018-02-10,8,24,67
2018-02-11,8,24,70
2018-02-12,8,24,50
2018-02-13,8,24,54
2018-02-14,8,24,57
2018-02-15,8,24,60
2018-02-16,8,24,63
2018-02-17,8,24,66
2018-02-18,8,24,69
2018-02-19,8,24,50
2018-02-20,8,24,53
2018-02-21,8,24,57
2018-02-22,8,24,60
2018-02-23,8,24,63
2018-02-24,8,24,66
2018-02-25,8,24,69
2018-02-26,8,24,50
2018-02-27,8,24,53
2018-02-28,8,24,56
2018-03-01,8,24,61
2018-03-02,8,24,64
2018-03-03,8,24,68
2018-03-04,8,24,71
2018-03-05,8,24,52
2018-03-06,8,24,55
2018-03-07,8,24,58
2018-03-08,8,24,61
2018-03-09,8,24,64
2018-03-10,8,24,67
2018-03-11,8,24,71
2018-03-12,8,24,51
2018-03-13,8,24,54
2018-03-14,8,24,58
2018-03-15,8,24,61
2018-03-16,8,24,64
2018-03-17,8,24,67
2018-03-18,8,24,70
2018-03-19,8,24,51
2018-03-20,8,24,54
2018-03-21,8,24,57
2018-03-22,8,24,61
2018-03-23,8,24,64
2018-03-24,8,24,67
2018-03-25,8,24,70
2018-03-26,8,24,51
2018-03-27,8,24,54
2018-03-28,8,24,57
2018-03-29,8,24,60
2018-03-30,8,24,63
2018-03-31,8,24,67
2018-01-01,9,24,50
2018-01-02,9,24,53
2018-01-03,9,24,56
2018-01-04,9,24,60
2018-01-05,9,24,63
2018-01-06,9,24,66
2018-01-07,9,24,69
2018-01-08,9,24,50
2018-01-09,9,24,53
2018-01-10,9,24,56
2018-01-11,9,24,59
2018-01-12,9,24,62
2018-01-13,9,24,66
2018-01-14,9,24,69
2018-01-15,9,24,50
2018-01-16,9,24,53
2018-01-17,9,24,56
2018-01-18,9,24,59
2018-01-19,9,24,62
2018-01-20,9,24,65
2018-01-21,9,24,69
2018-01-22,9,24,49
2018-01-23,9,24,52
2018-01-24,9,24,56
2018-01-25,9,24,59
2018-01-26,9,24,62
2018-01-27,9,24,65
2018-01-28,9,24,68
2018-01-29,9,24,49
2018-01-30,9,24,52
2018-01-31,9,24,55
2018-02-01,9,24,60
2018-02-02,9,24,64
2018-02-03,9,24,67
2018-02-04,9,24,70
2018-02-05,9,24,51
2018-02-06,9,24,54
2018-02-07,9,24,57
2018-02-08,9,24,60
2018-02-09,9,24,63
2018-02-10,9,24,66
2018-02-11,9,24,70
2018-02-12,9,24,50
2018-02-13,9,24,54
2018-02-14,9,24,57
2018-02-15,9,24,60
2018-02-16,9,24,63
2018-02-17,9,24,66
2018-02-18,9,24,69
2018-02-19,9,24,50
2018-02-20,9,24,53
2018-02-21,9,24,56
2018-02-22,9,24,60
2018-02-23,9,24,63
2018-02-24,9,24,66
2018-02-25,9,24,69
2018-02-26,9,24,50
2018-02-27,9,24,53
2018-02-28,9,24,56
2018-03-01,9,24,61
2018-03-02,9,24,64
2018-03-03,9,24,68
2018-03-04,9,24,71
2018-03-05,9,24,51
2018-03-06,9,24,55
2018-03-07,9,24,58
2018-03-08,9,24,61
2018-03-09,9,24,64
2018-03-10,9,24,67
2018-03-11,9,24,70
2018-03-12,9,24,51
2018-03-13,9,24,54
2018-03-14,9,24,58
2018-03-15,9,24,61
2018-03-16,9,24,64
2018-03-17,9,24,67
2018-03-18,9,24,70
2018-03-19,9,24,51
2018-03-20,9,24,54
2018-03-21,9,24,57
2018-03-22,9,24,60
2018-03-23,9,24,64
2018-03-24,9,24,67
2018-03-25,9,24,70
2018-03-26,9,24,51
2018-03-27,9,24,54
2018-03-28,9,24,57
2018-03-29,9,24,60
2018-03-30,9,24,63
2018-03-31,9,24,66
2018-01-01,10,24,50
2018-01-02,10,24,53
2018-01-03,10,24,56
2018-01-04,10,24,60
2018-01-05,10,24,63
2018-01-06,10,24,66
2018-01-07,10,24,69
2018-01-08,10,24,50
2018-01-09,10,24,53
2018-01-10,10,24,56
2018-01-11,10,24,59
2018-01-12,10,24,62
2018-01-13,10,24,66
2018-01-14,10,24,69
2018-01-15,10,24,49
2018-01-16,10,24,53
2018-01-17,10,24,56
2018-01-18,10,24,59
2018-01-19,10,24,62
2018-01-20,10,24,65
2018-01-21,10,24,68
2018-01-22,10,24,49
2018-01-23,10,24,52
2018-01-24,10,24,56
2018-01-25,10,24,59
2018-01-26,10,24,62
2018-01-27,10,24,65
2018-01-28,10,24,68
2018-01-29,10,24,49
2018-01-30,10,24,52
2018-01-31,10,24,55
2018-02-01,10,24,60
2018-02-02,10,24,64
2018-02-03,10,24,67
2018-02-04,10,24,70
2018-02-05,10,24,51
2018-02-06,10,24,54
2018-02-07,10,24,57
2018-02-08,10,24,60
2018-02-09,10,24,63
2018-02-10,10,24,66
2018-02-11,10,24,70
2018-02-12,10,24,50
2018-02-13,10,24,53
2018-02-14,10,24,57
2018-02-15,10,24,60
2018-02-16,10,24,63
2018-02-17,10,24,66
2018-02-18,10,24,69
2018-02-19,10,24,50
2018-02-20,10,24,53
2018-02-21,10,24,56
2018-02-22,10,24,60
2018-02-23,10,24,63
2018-02-24,10,24,66
2018-02-25,10,24,69
2018-02-26,10,24,50
2018-02-27,10,24,53
2018-02-28,10,24,56
2018-03-01,10,24,61
2018-03-02,10,24,64
2018-03-03,10,24,68
2018-03-04,10,24,71
2018-03-05,10,24,51
2018-03-06,10,24,55
2018-03-07,10,24,58
2018-03-08,10,24,61
2018-03-09,10,24,64
2018-03-10,10,24,67
2018-03-11,10,24,70
2018-03-12,10,24,51
2018-03-13,10,24,54
2018-03-14,10,24,57
2018-03-15,10,24,61
2018-03-16,10,24,64
2018-03-17,10,24,67
2018-03-18,10,24,70
2018-03-19,10,24,51
2018-03-20,10,24,54
2018-03-21,10,24,57
2018-03-22,10,24,60
2018-03-23,10,24,64
2018-03-24,10,24,67
2018-03-25,10,24,70
2018-03-26,10,24,51
2018-03-27,10,24,54
2018-03-28,10,24,57
2018-03-29,10,24,60
2018-03-30,10,24,63
2018-03-31,10,24,66
2018-01-01,1,25,51
2018-01-02,1,25,54
2018-01-03,1,25,57
2018-01-04,1,25,60
2018-01-05,1,25,63
2018-01-06,1,25,66
2018-01-07,1,25,70
2018-01-08,1,25,50
2018-01-09,1,25,53
2018-01-10,1,25,57
2018-01-11,1,25,60
2018-01-12,1,25,63
2018-01-13,1,25,66
2018-01-14,1,25,69
2018-01-15,1,25,50
2018-01-16,1,25,53
2018-01-17,1,25,56
2018-01-18,1,25,60
2018-01-19,1,25,63
2018-01-20,1,25,66
2018-01-21,1,25,69
2018-01-22,1,25,50
2018-01-23,1,25,53
2018-01-24,1,25,56
2018-01-25,1,25,59
2018-01-26,1,25,62
2018-01-27,1,25,66
2018-01-28,1,25,69
2018-01-29,1,25,50
2018-01-30,1,25,53
2018-01-31,1,25,56
2018-02-01,1,25,61
2018-02-02,1,25,64
2018-02-03,1,25,67
2018-02-04,1,25,70
2018-02-05,1,25,51
2018-02-06,1,25,54
2018-02-07,1,25,57
2018-02-08,1,25,61
2018-02-09,1,25,64
2018-02-10,1,25,67
2018-02-11,1,25,70
2018-02-12,1,25,51
2018-02-13,1,25,54
2018-02-14,1,25,57
2018-02-15,1,25,60
2018-02-16,1,25,64
2018-02-17,1,25,67
2018-02-18,1,25,70
2018-02-19,1,25,51
2018-02-20,1,25,54
2018-02-21,1,25,57
2018-02-22,1,25,60
2018-02-23,1,25,63
2018-02-24,1,25,66
2018-02-25,1,25,70
2018-02-26,1,25,50
2018-02-27,1,25,54
2018-02-28,1,25,57
2018-03-01,1,25,62
2018-03-02,1,25,65
2018-03-03,1,25,68
2018-03-04,1,25,71
2018-03-05,1,25,52
2018-03-06,1,25,55
2018-03-07,1,25,58
2018-03-08,1,25,61
2018-03-09,1,25,65
2018-03-10,1,25,68
2018-03-11,1,25,71
2018-03-12,1,25,52
2018-03-13,1,25,55
2018-03-14,1,25,58
2018-03-15,1,25,61
2018-03-16,1,25,64
2018-03-17,1,25,68
2018-03-18,1,25,71
2018-03-19,1,25,51
2018-03-20,1,25,55
2018-03-21,1,25,58
2018-03-22,1,25,61
2018-03-23,1,25,64
2018-03-24,1,25,67
2018-03-25,1,25,70
2018-03-26,1,25,51
2018-03-27,1,25,54
2018-03-28,1,25,58
2018-03-29,1,25,61
2018-03-30,1,25,64
2018-03-31,1,25,67
2018-01-01,2,25,51
2018-01-02,2,25,54
2018-01-03,2,25,57
2018-01-04,2,25,60
2018-01-05,2,25,63
2018-01-06,2,25,66
2018-01-07,2,25,70
2018-01-08,2,25,50
2018-01-09,2,25,53
2018-01-10,2,25,57
2018-01-11,2,25,60
2018-01-12,2,25,63
2018-01-13,2,25,66
2018-01-14,2,25,69
2018-01-15,2,25,50
2018-01-16,2,25,53
2018-01-17,2,25,56
2018-01-18,2,25,59
2018-01-19,2,25,63
2018-01-20,2,25,66
2018-01-21,2,25,69
2018-01-22,2,25,50
2018-01-23,2,25,53
2018-01-24,2,25,56
2018-01-25,2,25,59
2018-01-26,2,25,62
2018-01-27,2,25,66
2018-01-28,2,25,69
2018-01-29,2,25,49
2018-01-30,2,25,53
2018-01-31,2,25,56
2018-02-01,2,25,61
2018-02-02,2,25,64
2018-02-03,2,25,67
2018-02-04,2,25,70
2018-02-05,2,25,51
2018-02-06,2,25,54
2018-02-07,2,25,57
2018-02-08,2,25,61
2018-02-09,2,25,64
2018-02-10,2,25,67
2018-02-11,2,25,70
2018-02-12,2,25,51
2018-02-13,2,25,54
2018-02-14,2,25,57
2018-02-15,2,25,60
2018-02-16,2,25,63
2018-02-17,2,25,67
2018-02-18,2,25,70
2018-02-19,2,25,51
2018-02-20,2,25,54
2018-02-21,2,25,57
2018-02-22,2,25,60
2018-02-23,2,25,63
2018-02-24,2,25,66
2018-02-25,2,25,70
2018-02-26,2,25,50
2018-02-27,2,25,53
2018-02-28,2,25,57
2018-03-01,2,25,62
2018-03-02,2,25,65
2018-03-03,2,25,68
2018-03-04,2,25,71
2018-03-05,2,25,52
2018-03-06,2,25,55
2018-03-07,2,25,58
2018-03-08,2,25,61
2018-03-09,2,25,65
2018-03-10,2,25,68
2018-03-11,2,25,71
2018-03-12,2,25,52
2018-03-13,2,25,55
2018-03-14,2,25,58
2018-03-15,2,25,61
2018-03-16,2,25,64
2018-03-17,2,25,67
2018-03-18,2,25,71
2018-03-19,2,25,51
2018-03-20,2,25,55
2018-03-21,2,25,58
2018-03-22,2,25,61
2018-03-23,2,25,64
2018-03-24,2,25,67
2018-03-25,2,25,70
2018-03-26,2,25,51
2018-03-27,2,25,54
2018-03-28,2,25,57
2018-03-29,2,25,61
2018-03-30,2,25,64
2018-03-31,2,25,67
2018-01-01,3,25,50
2018-01-02,3,25,54
2018-01-03,3,25,57
2018-01-04,3,25,60
2018-01-05,3,25,63
2018-01-06,3,25,66
2018-01-07,3,25,69
2018-01-08,3,25,50
2018-01-09,3,25,53
2018-01-10,3,25,57
2018-01-11,3,25,60
2018-01-12,3,25,63
2018-01-13,3,25,66
2018-01-14,3,25,69
2018-01-15,3,25,50
2018-01-16,3,25,53
2018-01-17,3,25,56
2018-01-18,3,25,59
2018-01-19,3,25,63
2018-01-20,3,25,66
2018-01-21,3,25,69
2018-01-22,3,25,50
2018-01-23,3,25,53
2018-01-24,3,25,56
2018-01-25,3,25,59
2018-01-26,3,25,62
2018-01-27,3,25,65
2018-01-28,3,25,69
2018-01-29,3,25,49
2018-01-30,3,25,53
2018-01-31,3,25,56
2018-02-01,3,25,61
2018-02-02,3,25,64
2018-02-03,3,25,67
2018-02-04,3,25,70
2018-02-05,3,25,51
2018-02-06,3,25,54
2018-02-07,3,25,57
2018-02-08,3,25,60
2018-02-09,3,25,64
2018-02-10,3,25,67
2018-02-11,3,25,70
2018-02-12,3,25,51
2018-02-13,3,25,54
2018-02-14,3,25,57
2018-02-15,3,25,60
2018-02-16,3,25,63
2018-02-17,3,25,67
2018-02-18,3,25,70
2018-02-19,3,25,50
2018-02-20,3,25,54
2018-02-21,3,25,57
2018-02-22,3,25,60
2018-02-23,3,25,63
2018-02-24,3,25,66
2018-02-25,3,25,69
2018-02-26,3,25,50
2018-02-27,3,25,53
2018-02-28,3,25,57
2018-03-01,3,25,62
2018-03-02,3,25,65
2018-03-03,3,25,68
2018-03-04,3,25,71
2018-03-05,3,25,52
2018-03-06,3,25,55
2018-03-07,3,25,58
2018-03-08,3,25,61
2018-03-09,3,25,64
2018-03-10,3,25,68
2018-03-11,3,25,71
2018-03-12,3,25,52
2018-03-13,3,25,55
2018-03-14,3,25,58
2018-03-15,3,25,61
2018-03-16,3,25,64
2018-03-17,3,25,67
2018-03-18,3,25,71
2018-03-19,3,25,51
2018-03-20,3,25,54
2018-03-21,3,25,58
2018-03-22,3,25,61
2018-03-23,3,25,64
2018-03-24,3,25,67
2018-03-25,3,25,70
2018-03-26,3,25,51
2018-03-27,3,25,54
2018-03-28,3,25,57
2018-03-29,3,25,61
2018-03-30,3,25,64
2018-03-31,3,25,67
2018-01-01,4,25,50
2018-01-02,4,25,54
2018-01-03,4,25,57
2018-01-04,4,25,60
2018-01-05,4,25,63
2018-01-06,4,25,66
2018-01-07,4,25,69
2018-01-08,4,25,50
2018-01-09,4,25,53
2018-01-10,4,25,56
2018-01-11,4,25,60
2018-01-12,4,25,63
2018-01-13,4,25,66
2018-01-14,4,25,69
2018-01-15,4,25,50
2018-01-16,4,25,53
2018-01-17,4,25,56
2018-01-18,4,25,59
2018-01-19,4,25,62
2018-01-20,4,25,66
2018-01-21,4,25,69
2018-01-22,4,25,50
2018-01-23,4,25,53
2018-01-24,4,25,56
2018-01-25,4,25,59
2018-01-26,4,25,62
2018-01-27,4,25,65
2018-01-28,4,25,69
2018-01-29,4,25,49
2018-01-30,4,25,52
2018-01-31,4,25,56
2018-02-01,4,25,61
2018-02-02,4,25,64
2018-02-03,4,25,67
2018-02-04,4,25,70
2018-02-05,4,25,51
2018-02-06,4,25,54
2018-02-07,4,25,57
2018-02-08,4,25,60
2018-02-09,4,25,64
2018-02-10,4,25,67
2018-02-11,4,25,70
2018-02-12,4,25,51
2018-02-13,4,25,54
2018-02-14,4,25,57
2018-02-15,4,25,60
2018-02-16,4,25,63
2018-02-17,4,25,66
2018-02-18,4,25,70
2018-02-19,4,25,50
2018-02-20,4,25,54
2018-02-21,4,25,57
2018-02-22,4,25,60
2018-02-23,4,25,63
2018-02-24,4,25,66
2018-02-25,4,25,69
2018-02-26,4,25,50
2018-02-27,4,25,53
2018-02-28,4,25,56
2018-03-01,4,25,62
2018-03-02,4,25,65
2018-03-03,4,25,68
2018-03-04,4,25,71
2018-03-05,4,25,52
2018-03-06,4,25,55
2018-03-07,4,25,58
2018-03-08,4,25,61
2018-03-09,4,25,64
2018-03-10,4,25,68
2018-03-11,4,25,71
2018-03-12,4,25,51
2018-03-13,4,25,55
2018-03-14,4,25,58
2018-03-15,4,25,61
2018-03-16,4,25,64
2018-03-17,4,25,67
2018-03-18,4,25,70
2018-03-19,4,25,51
2018-03-20,4,25,54
2018-03-21,4,25,58
2018-03-22,4,25,61
2018-03-23,4,25,64
2018-03-24,4,25,67
2018-03-25,4,25,70
2018-03-26,4,25,51
2018-03-27,4,25,54
2018-03-28,4,25,57
2018-03-29,4,25,60
2018-03-30,4,25,64
2018-03-31,4,25,67
2018-01-01,5,25,50
2018-01-02,5,25,53
2018-01-03,5,25,57
2018-01-04,5,25,60
2018-01-05,5,25,63
2018-01-06,5,25,66
2018-01-07,5,25,69
2018-01-08,5,25,50
2018-01-09,5,25,53
2018-01-10,5,25,56
2018-01-11,5,25,60
2018-01-12,5,25,63
2018-01-13,5,25,66
2018-01-14,5,25,69
2018-01-15,5,25,50
2018-01-16,5,25,53
2018-01-17,5,25,56
2018-01-18,5,25,59
2018-01-19,5,25,62
2018-01-20,5,25,66
2018-01-21,5,25,69
2018-01-22,5,25,49
2018-01-23,5,25,53
2018-01-24,5,25,56
2018-01-25,5,25,59
2018-01-26,5,25,62
2018-01-27,5,25,65
2018-01-28,5,25,68
2018-01-29,5,25,49
2018-01-30,5,25,52
2018-01-31,5,25,56
2018-02-01,5,25,61
2018-02-02,5,25,64
2018-02-03,5,25,67
2018-02-04,5,25,70
2018-02-05,5,25,51
2018-02-06,5,25,54
2018-02-07,5,25,57
2018-02-08,5,25,60
2018-02-09,5,25,64
2018-02-10,5,25,67
2018-02-11,5,25,70
2018-02-12,5,25,51
2018-02-13,5,25,54
2018-02-14,5,25,57
2018-02-15,5,25,60
2018-02-16,5,25,63
2018-02-17,5,25,66
2018-02-18,5,25,70
2018-02-19,5,25,50
2018-02-20,5,25,53
2018-02-21,5,25,57
2018-02-22,5,25,60
2018-02-23,5,25,63
2018-02-24,5,25,66
2018-02-25,5,25,69
2018-02-26,5,25,50
2018-02-27,5,25,53
2018-02-28,5,25,56
2018-03-01,5,25,61
2018-03-02,5,25,65
2018-03-03,5,25,68
2018-03-04,5,25,71
2018-03-05,5,25,52
2018-03-06,5,25,55
2018-03-07,5,25,58
2018-03-08,5,25,61
2018-03-09,5,25,64
2018-03-10,5,25,68
2018-03-11,5,25,71
2018-03-12,5,25,51
2018-03-13,5,25,55
2018-03-14,5,25,58
2018-03-15,5,25,61
2018-03-16,5,25,64
2018-03-17,5,25,67
2018-03-18,5,25,70
2018-03-19,5,25,51
2018-03-20,5,25,54
2018-03-21,5,25,57
2018-03-22,5,25,61
2018-03-23,5,25,64
2018-03-24,5,25,67
2018-03-25,5,25,70
2018-03-26,5,25,51
2018-03-27,5,25,54
2018-03-28,5,25,57
2018-03-29,5,25,60
2018-03-30,5,25,64
2018-03-31,5,25,67
2018-01-01,6,25,50
2018-01-02,6,25,53
2018-01-03,6,25,57
2018-01-04,6,25,60
2018-01-05,6,25,63
2018-01-06,6,25,66
2018-01-07,6,25,69
2018-01-08,6,25,50
2018-01-09,6,25,53
2018-01-10,6,25,56
2018-01-11,6,25,59
2018-01-12,6,25,63
2018-01-13,6,25,66
2018-01-14,6,25,69
2018-01-15,6,25,50
2018-01-16,6,25,53
2018-01-17,6,25,56
2018-01-18,6,25,59
2018-01-19,6,25,62
2018-01-20,6,25,65
2018-01-21,6,25,69
2018-01-22,6,25,49
2018-01-23,6,25,53
2018-01-24,6,25,56
2018-01-25,6,25,59
2018-01-26,6,25,62
2018-01-27,6,25,65
2018-01-28,6,25,68
2018-01-29,6,25,49
2018-01-30,6,25,52
2018-01-31,6,25,55
2018-02-01,6,25,61
2018-02-02,6,25,64
2018-02-03,6,25,67
2018-02-04,6,25,70
2018-02-05,6,25,51
2018-02-06,6,25,54
2018-02-07,6,25,57
2018-02-08,6,25,60
2018-02-09,6,25,63
2018-02-10,6,25,67
2018-02-11,6,25,70
2018-02-12,6,25,50
2018-02-13,6,25,54
2018-02-14,6,25,57
2018-02-15,6,25,60
2018-02-16,6,25,63
2018-02-17,6,25,66
2018-02-18,6,25,69
2018-02-19,6,25,50
2018-02-20,6,25,53
2018-02-21,6,25,57
2018-02-22,6,25,60
2018-02-23,6,25,63
2018-02-24,6,25,66
2018-02-25,6,25,69
2018-02-26,6,25,50
2018-02-27,6,25,53
2018-02-28,6,25,56
2018-03-01,6,25,61
2018-03-02,6,25,65
2018-03-03,6,25,68
2018-03-04,6,25,71
2018-03-05,6,25,52
2018-03-06,6,25,55
2018-03-07,6,25,58
2018-03-08,6,25,61
2018-03-09,6,25,64
2018-03-10,6,25,67
2018-03-11,6,25,71
2018-03-12,6,25,51
2018-03-13,6,25,54
2018-03-14,6,25,58
2018-03-15,6,25,61
2018-03-16,6,25,64
2018-03-17,6,25,67
2018-03-18,6,25,70
2018-03-19,6,25,51
2018-03-20,6,25,54
2018-03-21,6,25,57
2018-03-22,6,25,61
2018-03-23,6,25,64
2018-03-24,6,25,67
2018-03-25,6,25,70
2018-03-26,6,25,51
2018-03-27,6,25,54
2018-03-28,6,25,57
2018-03-29,6,25,60
2018-03-30,6,25,63
2018-03-31,6,25,67
2018-01-01,7,25,50
2018-01-02,7,25,53
2018-01-03,7,25,56
2018-01-04,7,25,60
2018-01-05,7,25,63
2018-01-06,7,25,66
2018-01-07,7,25,69
2018-01-08,7,25,50
2018-01-09,7,25,53
2018-01-10,7,25,56
2018-01-11,7,25,59
2018-01-12,7,25,63
2018-01-13,7,25,66
2018-01-14,7,25,69
2018-01-15,7,25,50
2018-01-16,7,25,53
2018-01-17,7,25,56
2018-01-18,7,25,59
2018-01-19,7,25,62
2018-01-20,7,25,65
2018-01-21,7,25,69
2018-01-22,7,25,49
2018-01-23,7,25,52
2018-01-24,7,25,56
2018-01-25,7,25,59
2018-01-26,7,25,62
2018-01-27,7,25,65
2018-01-28,7,25,68
2018-01-29,7,25,49
2018-01-30,7,25,52
2018-01-31,7,25,55
2018-02-01,7,25,60
2018-02-02,7,25,64
2018-02-03,7,25,67
2018-02-04,7,25,70
2018-02-05,7,25,51
2018-02-06,7,25,54
2018-02-07,7,25,57
2018-02-08,7,25,60
2018-02-09,7,25,63
2018-02-10,7,25,67
2018-02-11,7,25,70
2018-02-12,7,25,50
2018-02-13,7,25,54
2018-02-14,7,25,57
2018-02-15,7,25,60
2018-02-16,7,25,63
2018-02-17,7,25,66
2018-02-18,7,25,69
2018-02-19,7,25,50
2018-02-20,7,25,53
2018-02-21,7,25,56
2018-02-22,7,25,60
2018-02-23,7,25,63
2018-02-24,7,25,66
2018-02-25,7,25,69
2018-02-26,7,25,50
2018-02-27,7,25,53
2018-02-28,7,25,56
2018-03-01,7,25,61
2018-03-02,7,25,64
2018-03-03,7,25,68
2018-03-04,7,25,71
2018-03-05,7,25,52
2018-03-06,7,25,55
2018-03-07,7,25,58
2018-03-08,7,25,61
2018-03-09,7,25,64
2018-03-10,7,25,67
2018-03-11,7,25,71
2018-03-12,7,25,51
2018-03-13,7,25,54
2018-03-14,7,25,58
2018-03-15,7,25,61
2018-03-16,7,25,64
2018-03-17,7,25,67
2018-03-18,7,25,70
2018-03-19,7,25,51
2018-03-20,7,25,54
2018-03-21,7,25,57
2018-03-22,7,25,60
2018-03-23,7,25,64
2018-03-24,7,25,67
2018-03-25,7,25,70
2018-03-26,7,25,51
2018-03-27,7,25,54
2018-03-28,7,25,57
2018-03-29,7,25,60
2018-03-30,7,25,63
2018-03-31,7,25,67
2018-01-01,8,25,50
2018-01-02,8,25,53
2018-01-03,8,25,56
2018-01-04,8,25,60
2018-01-05,8,25,63
2018-01-06,8,25,66
2018-01-07,8,25,69
2018-01-08,8,25,50
2018-01-09,8,25,53
2018-01-10,8,25,56
2018-01-11,8,25,59
2018-01-12,8,25,62
2018-01-13,8,25,66
2018-01-14,8,25,69
2018-01-15,8,25,50
2018-01-16,8,25,53
2018-01-17,8,25,56
2018-01-18,8,25,59
2018-01-19,8,25,62
2018-01-20,8,25,65
2018-01-21,8,25,69
2018-01-22,8,25,49
2018-01-23,8,25,52
2018-01-24,8,25,56
2018-01-25,8,25,59
2018-01-26,8,25,62
2018-01-27,8,25,65
2018-01-28,8,25,68
2018-01-29,8,25,49
2018-01-30,8,25,52
2018-01-31,8,25,55
2018-02-01,8,25,60
2018-02-02,8,25,64
2018-02-03,8,25,67
2018-02-04,8,25,70
2018-02-05,8,25,51
2018-02-06,8,25,54
2018-02-07,8,25,57
2018-02-08,8,25,60
2018-02-09,8,25,63
2018-02-10,8,25,66
2018-02-11,8,25,70
2018-02-12,8,25,50
2018-02-13,8,25,54
2018-02-14,8,25,57
2018-02-15,8,25,60
2018-02-16,8,25,63
2018-02-17,8,25,66
2018-02-18,8,25,69
2018-02-19,8,25,50
2018-02-20,8,25,53
2018-02-21,8,25,56
2018-02-22,8,25,60
2018-02-23,8,25,63
2018-02-24,8,25,66
2018-02-25,8,25,69
2018-02-26,8,25,50
2018-02-27,8,25,53
2018-02-28,8,25,56
2018-03-01,8,25,61
2018-03-02,8,25,64
2018-03-03,8,25,68
2018-03-04,8,25,71
2018-03-05,8,25,51
2018-03-06,8,25,55
2018-03-07,8,25,58
2018-03-08,8,25,61
2018-03-09,8,25,64
2018-03-10,8,25,67
2018-03-11,8,25,70
2018-03-12,8,25,51
2018-03-13,8,25,54
2018-03-14,8,25,58
2018-03-15,8,25,61
2018-03-16,8,25,64
2018-03-17,8,25,67
2018-03-18,8,25,70
2018-03-19,8,25,51
2018-03-20,8,25,54
2018-03-21,8,25,57
2018-03-22,8,25,60
2018-03-23,8,25,64
2018-03-24,8,25,67
2018-03-25,8,25,70
2018-03-26,8,25,51
2018-03-27,8,25,54
2018-03-28,8,25,57
2018-03-29,8,25,60
2018-03-30,8,25,63
2018-03-31,8,25,66
2018-01-01,9,25,50
2018-01-02,9,25,53
2018-01-03,9,25,56
2018-01-04,9,25,59
2018-01-05,9,25,63
2018-01-06,9,25,66
2018-01-07,9,25,69
2018-01-08,9,25,50
2018-01-09,9,25,53
2018-01-10,9,25,56
2018-01-11,9,25,59
2018-01-12,9,25,62
2018-01-13,9,25,66
2018-01-14,9,25,69
2018-01-15,9,25,49
2018-01-16,9,25,53
2018-01-17,9,25,56
2018-01-18,9,25,59
2018-01-19,9,25,62
2018-01-20,9,25,65
2018-01-21,9,25,68
2018-01-22,9,25,49
2018-01-23,9,25,52
2018-01-24,9,25,55
2018-01-25,9,25,59
2018-01-26,9,25,62
2018-01-27,9,25,65
2018-01-28,9,25,68
2018-01-29,9,25,49
2018-01-30,9,25,52
2018-01-31,9,25,55
2018-02-01,9,25,60
2018-02-02,9,25,63
2018-02-03,9,25,67
2018-02-04,9,25,70
2018-02-05,9,25,51
2018-02-06,9,25,54
2018-02-07,9,25,57
2018-02-08,9,25,60
2018-02-09,9,25,63
2018-02-10,9,25,66
2018-02-11,9,25,70
2018-02-12,9,25,50
2018-02-13,9,25,53
2018-02-14,9,25,57
2018-02-15,9,25,60
2018-02-16,9,25,63
2018-02-17,9,25,66
2018-02-18,9,25,69
2018-02-19,9,25,50
2018-02-20,9,25,53
2018-02-21,9,25,56
2018-02-22,9,25,59
2018-02-23,9,25,63
2018-02-24,9,25,66
2018-02-25,9,25,69
2018-02-26,9,25,50
2018-02-27,9,25,53
2018-02-28,9,25,56
2018-03-01,9,25,61
2018-03-02,9,25,64
2018-03-03,9,25,67
2018-03-04,9,25,71
2018-03-05,9,25,51
2018-03-06,9,25,55
2018-03-07,9,25,58
2018-03-08,9,25,61
2018-03-09,9,25,64
2018-03-10,9,25,67
2018-03-11,9,25,70
2018-03-12,9,25,51
2018-03-13,9,25,54
2018-03-14,9,25,57
2018-03-15,9,25,61
2018-03-16,9,25,64
2018-03-17,9,25,67
2018-03-18,9,25,70
2018-03-19,9,25,51
2018-03-20,9,25,54
2018-03-21,9,25,57
2018-03-22,9,25,60
2018-03-23,9,25,63
2018-03-24,9,25,67
2018-03-25,9,25,70
2018-03-26,9,25,51
2018-03-27,9,25,54
2018-03-28,9,25,57
2018-03-29,9,25,60
2018-03-30,9,25,63
2018-03-31,9,25,66
2018-01-01,10,25,50
2018-01-02,10,25,53
2018-01-03,10,25,56
2018-01-04,10,25,59
2018-01-05,10,25,63
2018-01-06,10,25,66
2018-01-07,10,25,69
2018-01-08,10,25,50
2018-01-09,10,25,53
2018-01-10,10,25,56
2018-01-11,10,25,59
2018-01-12,10,25,62
2018-01-13,10,25,65
2018-01-14,10,25,69
2018-01-15,10,25,49
2018-01-16,10,25,53
2018-01-17,10,25,56
2018-01-18,10,25,59
2018-01-19,10,25,62
2018-01-20,10,25,65
2018-01-21,10,25,68
2018-01-22,10,25,49
2018-01-23,10,25,52
2018-01-24,10,25,55
2018-01-25,10,25,59
2018-01-26,10,25,62
2018-01-27,10,25,65
2018-01-28,10,25,68
2018-01-29,10,25,49
2018-01-30,10,25,52
2018-01-31,10,25,55
2018-02-01,10,25,60
2018-02-02,10,25,63
2018-02-03,10,25,67
2018-02-04,10,25,70
2018-02-05,10,25,50
2018-02-06,10,25,54
2018-02-07,10,25,57
2018-02-08,10,25,60
2018-02-09,10,25,63
2018-02-10,10,25,66
2018-02-11,10,25,69
2018-02-12,10,25,50
2018-02-13,10,25,53
2018-02-14,10,25,57
2018-02-15,10,25,60
2018-02-16,10,25,63
2018-02-17,10,25,66
2018-02-18,10,25,69
2018-02-19,10,25,50
2018-02-20,10,25,53
2018-02-21,10,25,56
2018-02-22,10,25,59
2018-02-23,10,25,63
2018-02-24,10,25,66
2018-02-25,10,25,69
2018-02-26,10,25,50
2018-02-27,10,25,53
2018-02-28,10,25,56
2018-03-01,10,25,61
2018-03-02,10,25,64
2018-03-03,10,25,67
2018-03-04,10,25,71
2018-03-05,10,25,51
2018-03-06,10,25,54
2018-03-07,10,25,58
2018-03-08,10,25,61
2018-03-09,10,25,64
2018-03-10,10,25,67
2018-03-11,10,25,70
2018-03-12,10,25,51
2018-03-13,10,25,54
2018-03-14,10,25,57
2018-03-15,10,25,61
2018-03-16,10,25,64
2018-03-17,10,25,67
2018-03-18,10,25,70
2018-03-19,10,25,51
2018-03-20,10,25,54
2018-03-21,10,25,57
2018-03-22,10,25,60
2018-03-23,10,25,63
2018-03-24,10,25,67
2018-03-25,10,25,70
2018-03-26,10,25,50
2018-03-27,10,25,54
2018-03-28,10,25,57
2018-03-29,10,25,60
2018-03-30,10,25,63
2018-03-31,10,25,66
2018-01-01,1,26,50
2018-01-02,1,26,54
2018-01-03,1,26,57
2018-01-04,1,26,60
2018-01-05,1,26,63
2018-01-06,1,26,66
2018-01-07,1,26,69
2018-01-08,1,26,50
2018-01-09,1,26,53
2018-01-10,1,26,57
2018-01-11,1,26,60
2018-01-12,1,26,63
2018-01-13,1,26,66
2018-01-14,1,26,69
2018-01-15,1,26,50
2018-01-16,1,26,53
2018-01-17,1,26,56
2018-01-18,1,26,59
2018-01-19,1,26,63
2018-01-20,1,26,66
2018-01-21,1,26,69
2018-01-22,1,26,50
2018-01-23,1,26,53
2018-01-24,1,26,56
2018-01-25,1,26,59
2018-01-26,1,26,62
2018-01-27,1,26,66
2018-01-28,1,26,69
2018-01-29,1,26,49
2018-01-30,1,26,53
2018-01-31,1,26,56
2018-02-01,1,26,61
2018-02-02,1,26,64
2018-02-03,1,26,67
2018-02-04,1,26,70
2018-02-05,1,26,51
2018-02-06,1,26,54
2018-02-07,1,26,57
2018-02-08,1,26,61
2018-02-09,1,26,64
2018-02-10,1,26,67
2018-02-11,1,26,70
2018-02-12,1,26,51
2018-02-13,1,26,54
2018-02-14,1,26,57
2018-02-15,1,26,60
2018-02-16,1,26,63
2018-02-17,1,26,67
2018-02-18,1,26,70
2018-02-19,1,26,50
2018-02-20,1,26,54
2018-02-21,1,26,57
2018-02-22,1,26,60
2018-02-23,1,26,63
2018-02-24,1,26,66
2018-02-25,1,26,69
2018-02-26,1,26,50
2018-02-27,1,26,53
2018-02-28,1,26,57
2018-03-01,1,26,62
2018-03-02,1,26,65
2018-03-03,1,26,68
2018-03-04,1,26,71
2018-03-05,1,26,52
2018-03-06,1,26,55
2018-03-07,1,26,58
2018-03-08,1,26,61
2018-03-09,1,26,65
2018-03-10,1,26,68
2018-03-11,1,26,71
2018-03-12,1,26,52
2018-03-13,1,26,55
2018-03-14,1,26,58
2018-03-15,1,26,61
2018-03-16,1,26,64
2018-03-17,1,26,67
2018-03-18,1,26,71
2018-03-19,1,26,51
2018-03-20,1,26,54
2018-03-21,1,26,58
2018-03-22,1,26,61
2018-03-23,1,26,64
2018-03-24,1,26,67
2018-03-25,1,26,70
2018-03-26,1,26,51
2018-03-27,1,26,54
2018-03-28,1,26,57
2018-03-29,1,26,61
2018-03-30,1,26,64
2018-03-31,1,26,67
2018-01-01,2,26,50
2018-01-02,2,26,54
2018-01-03,2,26,57
2018-01-04,2,26,60
2018-01-05,2,26,63
2018-01-06,2,26,66
2018-01-07,2,26,69
2018-01-08,2,26,50
2018-01-09,2,26,53
2018-01-10,2,26,56
2018-01-11,2,26,60
2018-01-12,2,26,63
2018-01-13,2,26,66
2018-01-14,2,26,69
2018-01-15,2,26,50
2018-01-16,2,26,53
2018-01-17,2,26,56
2018-01-18,2,26,59
2018-01-19,2,26,63
2018-01-20,2,26,66
2018-01-21,2,26,69
2018-01-22,2,26,50
2018-01-23,2,26,53
2018-01-24,2,26,56
2018-01-25,2,26,59
2018-01-26,2,26,62
2018-01-27,2,26,65
2018-01-28,2,26,69
2018-01-29,2,26,49
2018-01-30,2,26,52
2018-01-31,2,26,56
2018-02-01,2,26,61
2018-02-02,2,26,64
2018-02-03,2,26,67
2018-02-04,2,26,70
2018-02-05,2,26,51
2018-02-06,2,26,54
2018-02-07,2,26,57
2018-02-08,2,26,60
2018-02-09,2,26,64
2018-02-10,2,26,67
2018-02-11,2,26,70
2018-02-12,2,26,51
2018-02-13,2,26,54
2018-02-14,2,26,57
2018-02-15,2,26,60
2018-02-16,2,26,63
2018-02-17,2,26,67
2018-02-18,2,26,70
2018-02-19,2,26,50
2018-02-20,2,26,54
2018-02-21,2,26,57
2018-02-22,2,26,60
2018-02-23,2,26,63
2018-02-24,2,26,66
2018-02-25,2,26,69
2018-02-26,2,26,50
2018-02-27,2,26,53
2018-02-28,2,26,56
2018-03-01,2,26,62
2018-03-02,2,26,65
2018-03-03,2,26,68
2018-03-04,2,26,71
2018-03-05,2,26,52
2018-03-06,2,26,55
2018-03-07,2,26,58
2018-03-08,2,26,61
2018-03-09,2,26,64
2018-03-10,2,26,68
2018-03-11,2,26,71
2018-03-12,2,26,52
2018-03-13,2,26,55
2018-03-14,2,26,58
2018-03-15,2,26,61
2018-03-16,2,26,64
2018-03-17,2,26,67
2018-03-18,2,26,71
2018-03-19,2,26,51
2018-03-20,2,26,54
2018-03-21,2,26,58
2018-03-22,2,26,61
2018-03-23,2,26,64
2018-03-24,2,26,67
2018-03-25,2,26,70
2018-03-26,2,26,51
2018-03-27,2,26,54
2018-03-28,2,26,57
2018-03-29,2,26,60
2018-03-30,2,26,64
2018-03-31,2,26,67
2018-01-01,3,26,50
2018-01-02,3,26,53
2018-01-03,3,26,57
2018-01-04,3,26,60
2018-01-05,3,26,63
2018-01-06,3,26,66
2018-01-07,3,26,69
2018-01-08,3,26,50
2018-01-09,3,26,53
2018-01-10,3,26,56
2018-01-11,3,26,60
2018-01-12,3,26,63
2018-01-13,3,26,66
2018-01-14,3,26,69
2018-01-15,3,26,50
2018-01-16,3,26,53
2018-01-17,3,26,56
2018-01-18,3,26,59
2018-01-19,3,26,62
2018-01-20,3,26,66
2018-01-21,3,26,69
2018-01-22,3,26,50
2018-01-23,3,26,53
2018-01-24,3,26,56
2018-01-25,3,26,59
2018-01-26,3,26,62
2018-01-27,3,26,65
2018-01-28,3,26,69
2018-01-29,3,26,49
2018-01-30,3,26,52
2018-01-31,3,26,56
2018-02-01,3,26,61
2018-02-02,3,26,64
2018-02-03,3,26,67
2018-02-04,3,26,70
2018-02-05,3,26,51
2018-02-06,3,26,54
2018-02-07,3,26,57
2018-02-08,3,26,60
2018-02-09,3,26,64
2018-02-10,3,26,67
2018-02-11,3,26,70
2018-02-12,3,26,51
2018-02-13,3,26,54
2018-02-14,3,26,57
2018-02-15,3,26,60
2018-02-16,3,26,63
2018-02-17,3,26,66
2018-02-18,3,26,70
2018-02-19,3,26,50
2018-02-20,3,26,54
2018-02-21,3,26,57
2018-02-22,3,26,60
2018-02-23,3,26,63
2018-02-24,3,26,66
2018-02-25,3,26,69
2018-02-26,3,26,50
2018-02-27,3,26,53
2018-02-28,3,26,56
2018-03-01,3,26,61
2018-03-02,3,26,65
2018-03-03,3,26,68
2018-03-04,3,26,71
2018-03-05,3,26,52
2018-03-06,3,26,55
2018-03-07,3,26,58
2018-03-08,3,26,61
2018-03-09,3,26,64
2018-03-10,3,26,68
2018-03-11,3,26,71
2018-03-12,3,26,51
2018-03-13,3,26,55
2018-03-14,3,26,58
2018-03-15,3,26,61
2018-03-16,3,26,64
2018-03-17,3,26,67
2018-03-18,3,26,70
2018-03-19,3,26,51
2018-03-20,3,26,54
2018-03-21,3,26,58
2018-03-22,3,26,61
2018-03-23,3,26,64
2018-03-24,3,26,67
2018-03-25,3,26,70
2018-03-26,3,26,51
2018-03-27,3,26,54
2018-03-28,3,26,57
2018-03-29,3,26,60
2018-03-30,3,26,64
2018-03-31,3,26,67
2018-01-01,4,26,50
2018-01-02,4,26,53
2018-01-03,4,26,57
2018-01-04,4,26,60
2018-01-05,4,26,63
2018-01-06,4,26,66
2018-01-07,4,26,69
2018-01-08,4,26,50
2018-01-09,4,26,53
2018-01-10,4,26,56
2018-01-11,4,26,59
2018-01-12,4,26,63
2018-01-13,4,26,66
2018-01-14,4,26,69
2018-01-15,4,26,50
2018-01-16,4,26,53
2018-01-17,4,26,56
2018-01-18,4,26,59
2018-01-19,4,26,62
2018-01-20,4,26,66
2018-01-21,4,26,69
2018-01-22,4,26,49
2018-01-23,4,26,53
2018-01-24,4,26,56
2018-01-25,4,26,59
2018-01-26,4,26,62
2018-01-27,4,26,65
2018-01-28,4,26,68
2018-01-29,4,26,49
2018-01-30,4,26,52
2018-01-31,4,26,56
2018-02-01,4,26,61
2018-02-02,4,26,64
2018-02-03,4,26,67
2018-02-04,4,26,70
2018-02-05,4,26,51
2018-02-06,4,26,54
2018-02-07,4,26,57
2018-02-08,4,26,60
2018-02-09,4,26,63
2018-02-10,4,26,67
2018-02-11,4,26,70
2018-02-12,4,26,51
2018-02-13,4,26,54
2018-02-14,4,26,57
2018-02-15,4,26,60
2018-02-16,4,26,63
2018-02-17,4,26,66
2018-02-18,4,26,70
2018-02-19,4,26,50
2018-02-20,4,26,53
2018-02-21,4,26,57
2018-02-22,4,26,60
2018-02-23,4,26,63
2018-02-24,4,26,66
2018-02-25,4,26,69
2018-02-26,4,26,50
2018-02-27,4,26,53
2018-02-28,4,26,56
2018-03-01,4,26,61
2018-03-02,4,26,65
2018-03-03,4,26,68
2018-03-04,4,26,71
2018-03-05,4,26,52
2018-03-06,4,26,55
2018-03-07,4,26,58
2018-03-08,4,26,61
2018-03-09,4,26,64
2018-03-10,4,26,67
2018-03-11,4,26,71
2018-03-12,4,26,51
2018-03-13,4,26,55
2018-03-14,4,26,58
2018-03-15,4,26,61
2018-03-16,4,26,64
2018-03-17,4,26,67
2018-03-18,4,26,70
2018-03-19,4,26,51
2018-03-20,4,26,54
2018-03-21,4,26,57
2018-03-22,4,26,61
2018-03-23,4,26,64
2018-03-24,4,26,67
2018-03-25,4,26,70
2018-03-26,4,26,51
2018-03-27,4,26,54
2018-03-28,4,26,57
2018-03-29,4,26,60
2018-03-30,4,26,63
2018-03-31,4,26,67
2018-01-01,5,26,50
2018-01-02,5,26,53
2018-01-03,5,26,57
2018-01-04,5,26,60
2018-01-05,5,26,63
2018-01-06,5,26,66
2018-01-07,5,26,69
2018-01-08,5,26,50
2018-01-09,5,26,53
2018-01-10,5,26,56
2018-01-11,5,26,59
2018-01-12,5,26,63
2018-01-13,5,26,66
2018-01-14,5,26,69
2018-01-15,5,26,50
2018-01-16,5,26,53
2018-01-17,5,26,56
2018-01-18,5,26,59
2018-01-19,5,26,62
2018-01-20,5,26,65
2018-01-21,5,26,69
2018-01-22,5,26,49
2018-01-23,5,26,53
2018-01-24,5,26,56
2018-01-25,5,26,59
2018-01-26,5,26,62
2018-01-27,5,26,65
2018-01-28,5,26,68
2018-01-29,5,26,49
2018-01-30,5,26,52
2018-01-31,5,26,55
2018-02-01,5,26,61
2018-02-02,5,26,64
2018-02-03,5,26,67
2018-02-04,5,26,70
2018-02-05,5,26,51
2018-02-06,5,26,54
2018-02-07,5,26,57
2018-02-08,5,26,60
2018-02-09,5,26,63
2018-02-10,5,26,67
2018-02-11,5,26,70
2018-02-12,5,26,50
2018-02-13,5,26,54
2018-02-14,5,26,57
2018-02-15,5,26,60
2018-02-16,5,26,63
2018-02-17,5,26,66
2018-02-18,5,26,69
2018-02-19,5,26,50
2018-02-20,5,26,53
2018-02-21,5,26,57
2018-02-22,5,26,60
2018-02-23,5,26,63
2018-02-24,5,26,66
2018-02-25,5,26,69
2018-02-26,5,26,50
2018-02-27,5,26,53
2018-02-28,5,26,56
2018-03-01,5,26,61
2018-03-02,5,26,64
2018-03-03,5,26,68
2018-03-04,5,26,71
2018-03-05,5,26,52
2018-03-06,5,26,55
2018-03-07,5,26,58
2018-03-08,5,26,61
2018-03-09,5,26,64
2018-03-10,5,26,67
2018-03-11,5,26,71
2018-03-12,5,26,51
2018-03-13,5,26,54
2018-03-14,5,26,58
2018-03-15,5,26,61
2018-03-16,5,26,64
2018-03-17,5,26,67
2018-03-18,5,26,70
2018-03-19,5,26,51
2018-03-20,5,26,54
2018-03-21,5,26,57
2018-03-22,5,26,61
2018-03-23,5,26,64
2018-03-24,5,26,67
2018-03-25,5,26,70
2018-03-26,5,26,51
2018-03-27,5,26,54
2018-03-28,5,26,57
2018-03-29,5,26,60
2018-03-30,5,26,63
2018-03-31,5,26,67
2018-01-01,6,26,50
2018-01-02,6,26,53
2018-01-03,6,26,56
2018-01-04,6,26,60
2018-01-05,6,26,63
2018-01-06,6,26,66
2018-01-07,6,26,69
2018-01-08,6,26,50
2018-01-09,6,26,53
2018-01-10,6,26,56
2018-01-11,6,26,59
2018-01-12,6,26,62
2018-01-13,6,26,66
2018-01-14,6,26,69
2018-01-15,6,26,50
2018-01-16,6,26,53
2018-01-17,6,26,56
2018-01-18,6,26,59
2018-01-19,6,26,62
2018-01-20,6,26,65
2018-01-21,6,26,69
2018-01-22,6,26,49
2018-01-23,6,26,52
2018-01-24,6,26,56
2018-01-25,6,26,59
2018-01-26,6,26,62
2018-01-27,6,26,65
2018-01-28,6,26,68
2018-01-29,6,26,49
2018-01-30,6,26,52
2018-01-31,6,26,55
2018-02-01,6,26,60
2018-02-02,6,26,64
2018-02-03,6,26,67
2018-02-04,6,26,70
2018-02-05,6,26,51
2018-02-06,6,26,54
2018-02-07,6,26,57
2018-02-08,6,26,60
2018-02-09,6,26,63
2018-02-10,6,26,66
2018-02-11,6,26,70
2018-02-12,6,26,50
2018-02-13,6,26,54
2018-02-14,6,26,57
2018-02-15,6,26,60
2018-02-16,6,26,63
2018-02-17,6,26,66
2018-02-18,6,26,69
2018-02-19,6,26,50
2018-02-20,6,26,53
2018-02-21,6,26,56
2018-02-22,6,26,60
2018-02-23,6,26,63
2018-02-24,6,26,66
2018-02-25,6,26,69
2018-02-26,6,26,50
2018-02-27,6,26,53
2018-02-28,6,26,56
2018-03-01,6,26,61
2018-03-02,6,26,64
2018-03-03,6,26,68
2018-03-04,6,26,71
2018-03-05,6,26,51
2018-03-06,6,26,55
2018-03-07,6,26,58
2018-03-08,6,26,61
2018-03-09,6,26,64
2018-03-10,6,26,67
2018-03-11,6,26,70
2018-03-12,6,26,51
2018-03-13,6,26,54
2018-03-14,6,26,58
2018-03-15,6,26,61
2018-03-16,6,26,64
2018-03-17,6,26,67
2018-03-18,6,26,70
2018-03-19,6,26,51
2018-03-20,6,26,54
2018-03-21,6,26,57
2018-03-22,6,26,60
2018-03-23,6,26,64
2018-03-24,6,26,67
2018-03-25,6,26,70
2018-03-26,6,26,51
2018-03-27,6,26,54
2018-03-28,6,26,57
2018-03-29,6,26,60
2018-03-30,6,26,63
2018-03-31,6,26,67
2018-01-01,7,26,50
2018-01-02,7,26,53
2018-01-03,7,26,56
2018-01-04,7,26,60
2018-01-05,7,26,63
2018-01-06,7,26,66
2018-01-07,7,26,69
2018-01-08,7,26,50
2018-01-09,7,26,53
2018-01-10,7,26,56
2018-01-11,7,26,59
2018-01-12,7,26,62
2018-01-13,7,26,66
2018-01-14,7,26,69
2018-01-15,7,26,49
2018-01-16,7,26,53
2018-01-17,7,26,56
2018-01-18,7,26,59
2018-01-19,7,26,62
2018-01-20,7,26,65
2018-01-21,7,26,68
2018-01-22,7,26,49
2018-01-23,7,26,52
2018-01-24,7,26,56
2018-01-25,7,26,59
2018-01-26,7,26,62
2018-01-27,7,26,65
2018-01-28,7,26,68
2018-01-29,7,26,49
2018-01-30,7,26,52
2018-01-31,7,26,55
2018-02-01,7,26,60
2018-02-02,7,26,64
2018-02-03,7,26,67
2018-02-04,7,26,70
2018-02-05,7,26,51
2018-02-06,7,26,54
2018-02-07,7,26,57
2018-02-08,7,26,60
2018-02-09,7,26,63
2018-02-10,7,26,66
2018-02-11,7,26,70
2018-02-12,7,26,50
2018-02-13,7,26,53
2018-02-14,7,26,57
2018-02-15,7,26,60
2018-02-16,7,26,63
2018-02-17,7,26,66
2018-02-18,7,26,69
2018-02-19,7,26,50
2018-02-20,7,26,53
2018-02-21,7,26,56
2018-02-22,7,26,60
2018-02-23,7,26,63
2018-02-24,7,26,66
2018-02-25,7,26,69
2018-02-26,7,26,50
2018-02-27,7,26,53
2018-02-28,7,26,56
2018-03-01,7,26,61
2018-03-02,7,26,64
2018-03-03,7,26,68
2018-03-04,7,26,71
2018-03-05,7,26,51
2018-03-06,7,26,55
2018-03-07,7,26,58
2018-03-08,7,26,61
2018-03-09,7,26,64
2018-03-10,7,26,67
2018-03-11,7,26,70
2018-03-12,7,26,51
2018-03-13,7,26,54
2018-03-14,7,26,57
2018-03-15,7,26,61
2018-03-16,7,26,64
2018-03-17,7,26,67
2018-03-18,7,26,70
2018-03-19,7,26,51
2018-03-20,7,26,54
2018-03-21,7,26,57
2018-03-22,7,26,60
2018-03-23,7,26,64
2018-03-24,7,26,67
2018-03-25,7,26,70
2018-03-26,7,26,51
2018-03-27,7,26,54
2018-03-28,7,26,57
2018-03-29,7,26,60
2018-03-30,7,26,63
2018-03-31,7,26,66
2018-01-01,8,26,50
2018-01-02,8,26,53
2018-01-03,8,26,56
2018-01-04,8,26,59
2018-01-05,8,26,63
2018-01-06,8,26,66
2018-01-07,8,26,69
2018-01-08,8,26,50
2018-01-09,8,26,53
2018-01-10,8,26,56
2018-01-11,8,26,59
2018-01-12,8,26,62
2018-01-13,8,26,66
2018-01-14,8,26,69
2018-01-15,8,26,49
2018-01-16,8,26,53
2018-01-17,8,26,56
2018-01-18,8,26,59
2018-01-19,8,26,62
2018-01-20,8,26,65
2018-01-21,8,26,68
2018-01-22,8,26,49
2018-01-23,8,26,52
2018-01-24,8,26,55
2018-01-25,8,26,59
2018-01-26,8,26,62
2018-01-27,8,26,65
2018-01-28,8,26,68
2018-01-29,8,26,49
2018-01-30,8,26,52
2018-01-31,8,26,55
2018-02-01,8,26,60
2018-02-02,8,26,63
2018-02-03,8,26,67
2018-02-04,8,26,70
2018-02-05,8,26,51
2018-02-06,8,26,54
2018-02-07,8,26,57
2018-02-08,8,26,60
2018-02-09,8,26,63
2018-02-10,8,26,66
2018-02-11,8,26,70
2018-02-12,8,26,50
2018-02-13,8,26,53
2018-02-14,8,26,57
2018-02-15,8,26,60
2018-02-16,8,26,63
2018-02-17,8,26,66
2018-02-18,8,26,69
2018-02-19,8,26,50
2018-02-20,8,26,53
2018-02-21,8,26,56
2018-02-22,8,26,59
2018-02-23,8,26,63
2018-02-24,8,26,66
2018-02-25,8,26,69
2018-02-26,8,26,50
2018-02-27,8,26,53
2018-02-28,8,26,56
2018-03-01,8,26,61
2018-03-02,8,26,64
2018-03-03,8,26,67
2018-03-04,8,26,71
2018-03-05,8,26,51
2018-03-06,8,26,54
2018-03-07,8,26,58
2018-03-08,8,26,61
2018-03-09,8,26,64
2018-03-10,8,26,67
2018-03-11,8,26,70
2018-03-12,8,26,51
2018-03-13,8,26,54
2018-03-14,8,26,57
2018-03-15,8,26,61
2018-03-16,8,26,64
2018-03-17,8,26,67
2018-03-18,8,26,70
2018-03-19,8,26,51
2018-03-20,8,26,54
2018-03-21,8,26,57
2018-03-22,8,26,60
2018-03-23,8,26,63
2018-03-24,8,26,67
2018-03-25,8,26,70
2018-03-26,8,26,51
2018-03-27,8,26,54
2018-03-28,8,26,57
2018-03-29,8,26,60
2018-03-30,8,26,63
2018-03-31,8,26,66
2018-01-01,9,26,50
2018-01-02,9,26,53
2018-01-03,9,26,56
2018-01-04,9,26,59
2018-01-05,9,26,63
2018-01-06,9,26,66
2018-01-07,9,26,69
2018-01-08,9,26,50
2018-01-09,9,26,53
2018-01-10,9,26,56
2018-01-11,9,26,59
2018-01-12,9,26,62
2018-01-13,9,26,65
2018-01-14,9,26,69
2018-01-15,9,26,49
2018-01-16,9,26,52
2018-01-17,9,26,56
2018-01-18,9,26,59
2018-01-19,9,26,62
2018-01-20,9,26,65
2018-01-21,9,26,68
2018-01-22,9,26,49
2018-01-23,9,26,52
2018-01-24,9,26,55
2018-01-25,9,26,59
2018-01-26,9,26,62
2018-01-27,9,26,65
2018-01-28,9,26,68
2018-01-29,9,26,49
2018-01-30,9,26,52
2018-01-31,9,26,55
2018-02-01,9,26,60
2018-02-02,9,26,63
2018-02-03,9,26,67
2018-02-04,9,26,70
2018-02-05,9,26,50
2018-02-06,9,26,54
2018-02-07,9,26,57
2018-02-08,9,26,60
2018-02-09,9,26,63
2018-02-10,9,26,66
2018-02-11,9,26,69
2018-02-12,9,26,50
2018-02-13,9,26,53
2018-02-14,9,26,56
2018-02-15,9,26,60
2018-02-16,9,26,63
2018-02-17,9,26,66
2018-02-18,9,26,69
2018-02-19,9,26,50
2018-02-20,9,26,53
2018-02-21,9,26,56
2018-02-22,9,26,59
2018-02-23,9,26,63
2018-02-24,9,26,66
2018-02-25,9,26,69
2018-02-26,9,26,50
2018-02-27,9,26,53
2018-02-28,9,26,56
2018-03-01,9,26,61
2018-03-02,9,26,64
2018-03-03,9,26,67
2018-03-04,9,26,71
2018-03-05,9,26,51
2018-03-06,9,26,54
2018-03-07,9,26,58
2018-03-08,9,26,61
2018-03-09,9,26,64
2018-03-10,9,26,67
2018-03-11,9,26,70
2018-03-12,9,26,51
2018-03-13,9,26,54
2018-03-14,9,26,57
2018-03-15,9,26,60
2018-03-16,9,26,64
2018-03-17,9,26,67
2018-03-18,9,26,70
2018-03-19,9,26,51
2018-03-20,9,26,54
2018-03-21,9,26,57
2018-03-22,9,26,60
2018-03-23,9,26,63
2018-03-24,9,26,67
2018-03-25,9,26,70
2018-03-26,9,26,50
2018-03-27,9,26,54
2018-03-28,9,26,57
2018-03-29,9,26,60
2018-03-30,9,26,63
2018-03-31,9,26,66
2018-01-01,10,26,50
2018-01-02,10,26,53
2018-01-03,10,26,56
2018-01-04,10,26,59
2018-01-05,10,26,62
2018-01-06,10,26,66
2018-01-07,10,26,69
2018-01-08,10,26,50
2018-01-09,10,26,53
2018-01-10,10,26,56
2018-01-11,10,26,59
2018-01-12,10,26,62
2018-01-13,10,26,65
2018-01-14,10,26,69
2018-01-15,10,26,49
2018-01-16,10,26,52
2018-01-17,10,26,56
2018-01-18,10,26,59
2018-01-19,10,26,62
2018-01-20,10,26,65
2018-01-21,10,26,68
2018-01-22,10,26,49
2018-01-23,10,26,52
2018-01-24,10,26,55
2018-01-25,10,26,58
2018-01-26,10,26,62
2018-01-27,10,26,65
2018-01-28,10,26,68
2018-01-29,10,26,49
2018-01-30,10,26,52
2018-01-31,10,26,55
2018-02-01,10,26,60
2018-02-02,10,26,63
2018-02-03,10,26,66
2018-02-04,10,26,70
2018-02-05,10,26,50
2018-02-06,10,26,54
2018-02-07,10,26,57
2018-02-08,10,26,60
2018-02-09,10,26,63
2018-02-10,10,26,66
2018-02-11,10,26,69
2018-02-12,10,26,50
2018-02-13,10,26,53
2018-02-14,10,26,56
2018-02-15,10,26,60
2018-02-16,10,26,63
2018-02-17,10,26,66
2018-02-18,10,26,69
2018-02-19,10,26,50
2018-02-20,10,26,53
2018-02-21,10,26,56
2018-02-22,10,26,59
2018-02-23,10,26,62
2018-02-24,10,26,66
2018-02-25,10,26,69
2018-02-26,10,26,50
2018-02-27,10,26,53
2018-02-28,10,26,56
2018-03-01,10,26,61
2018-03-02,10,26,64
2018-03-03,10,26,67
2018-03-04,10,26,70
2018-03-05,10,26,51
2018-03-06,10,26,54
2018-03-07,10,26,58
2018-03-08,10,26,61
2018-03-09,10,26,64
2018-03-10,10,26,67
2018-03-11,10,26,70
2018-03-12,10,26,51
2018-03-13,10,26,54
2018-03-14,10,26,57
2018-03-15,10,26,60
2018-03-16,10,26,64
2018-03-17,10,26,67
2018-03-18,10,26,70
2018-03-19,10,26,51
2018-03-20,10,26,54
2018-03-21,10,26,57
2018-03-22,10,26,60
2018-03-23,10,26,63
2018-03-24,10,26,66
2018-03-25,10,26,70
2018-03-26,10,26,50
2018-03-27,10,26,54
2018-03-28,10,26,57
2018-03-29,10,26,60
2018-03-30,10,26,63
2018-03-31,10,26,66
2018-01-01,1,27,50
2018-01-02,1,27,54
2018-01-03,1,27,57
2018-01-04,1,27,60
2018-01-05,1,27,63
2018-01-06,1,27,66
2018-01-07,1,27,69
2018-01-08,1,27,50
2018-01-09,1,27,53
2018-01-10,1,27,56
2018-01-11,1,27,60
2018-01-12,1,27,63
2018-01-13,1,27,66
2018-01-14,1,27,69
2018-01-15,1,27,50
2018-01-16,1,27,53
2018-01-17,1,27,56
2018-01-18,1,27,59
2018-01-19,1,27,62
2018-01-20,1,27,66
2018-01-21,1,27,69
2018-01-22,1,27,50
2018-01-23,1,27,53
2018-01-24,1,27,56
2018-01-25,1,27,59
2018-01-26,1,27,62
2018-01-27,1,27,65
2018-01-28,1,27,69
2018-01-29,1,27,49
2018-01-30,1,27,52
2018-01-31,1,27,56
2018-02-01,1,27,61
2018-02-02,1,27,64
2018-02-03,1,27,67
2018-02-04,1,27,70
2018-02-05,1,27,51
2018-02-06,1,27,54
2018-02-07,1,27,57
2018-02-08,1,27,60
2018-02-09,1,27,64
2018-02-10,1,27,67
2018-02-11,1,27,70
2018-02-12,1,27,51
2018-02-13,1,27,54
2018-02-14,1,27,57
2018-02-15,1,27,60
2018-02-16,1,27,63
2018-02-17,1,27,66
2018-02-18,1,27,70
2018-02-19,1,27,50
2018-02-20,1,27,54
2018-02-21,1,27,57
2018-02-22,1,27,60
2018-02-23,1,27,63
2018-02-24,1,27,66
2018-02-25,1,27,69
2018-02-26,1,27,50
2018-02-27,1,27,53
2018-02-28,1,27,56
2018-03-01,1,27,62
2018-03-02,1,27,65
2018-03-03,1,27,68
2018-03-04,1,27,71
2018-03-05,1,27,52
2018-03-06,1,27,55
2018-03-07,1,27,58
2018-03-08,1,27,61
2018-03-09,1,27,64
2018-03-10,1,27,68
2018-03-11,1,27,71
2018-03-12,1,27,51
2018-03-13,1,27,55
2018-03-14,1,27,58
2018-03-15,1,27,61
2018-03-16,1,27,64
2018-03-17,1,27,67
2018-03-18,1,27,70
2018-03-19,1,27,51
2018-03-20,1,27,54
2018-03-21,1,27,58
2018-03-22,1,27,61
2018-03-23,1,27,64
2018-03-24,1,27,67
2018-03-25,1,27,70
2018-03-26,1,27,51
2018-03-27,1,27,54
2018-03-28,1,27,57
2018-03-29,1,27,60
2018-03-30,1,27,64
2018-03-31,1,27,67
2018-01-01,2,27,50
2018-01-02,2,27,53
2018-01-03,2,27,57
2018-01-04,2,27,60
2018-01-05,2,27,63
2018-01-06,2,27,66
2018-01-07,2,27,69
2018-01-08,2,27,50
2018-01-09,2,27,53
2018-01-10,2,27,56
2018-01-11,2,27,60
2018-01-12,2,27,63
2018-01-13,2,27,66
2018-01-14,2,27,69
2018-01-15,2,27,50
2018-01-16,2,27,53
2018-01-17,2,27,56
2018-01-18,2,27,59
2018-01-19,2,27,62
2018-01-20,2,27,66
2018-01-21,2,27,69
2018-01-22,2,27,49
2018-01-23,2,27,53
2018-01-24,2,27,56
2018-01-25,2,27,59
2018-01-26,2,27,62
2018-01-27,2,27,65
2018-01-28,2,27,68
2018-01-29,2,27,49
2018-01-30,2,27,52
2018-01-31,2,27,56
2018-02-01,2,27,61
2018-02-02,2,27,64
2018-02-03,2,27,67
2018-02-04,2,27,70
2018-02-05,2,27,51
2018-02-06,2,27,54
2018-02-07,2,27,57
2018-02-08,2,27,60
2018-02-09,2,27,64
2018-02-10,2,27,67
2018-02-11,2,27,70
2018-02-12,2,27,51
2018-02-13,2,27,54
2018-02-14,2,27,57
2018-02-15,2,27,60
2018-02-16,2,27,63
2018-02-17,2,27,66
2018-02-18,2,27,70
2018-02-19,2,27,50
2018-02-20,2,27,53
2018-02-21,2,27,57
2018-02-22,2,27,60
2018-02-23,2,27,63
2018-02-24,2,27,66
2018-02-25,2,27,69
2018-02-26,2,27,50
2018-02-27,2,27,53
2018-02-28,2,27,56
2018-03-01,2,27,61
2018-03-02,2,27,65
2018-03-03,2,27,68
2018-03-04,2,27,71
2018-03-05,2,27,52
2018-03-06,2,27,55
2018-03-07,2,27,58
2018-03-08,2,27,61
2018-03-09,2,27,64
2018-03-10,2,27,68
2018-03-11,2,27,71
2018-03-12,2,27,51
2018-03-13,2,27,55
2018-03-14,2,27,58
2018-03-15,2,27,61
2018-03-16,2,27,64
2018-03-17,2,27,67
2018-03-18,2,27,70
2018-03-19,2,27,51
2018-03-20,2,27,54
2018-03-21,2,27,57
2018-03-22,2,27,61
2018-03-23,2,27,64
2018-03-24,2,27,67
2018-03-25,2,27,70
2018-03-26,2,27,51
2018-03-27,2,27,54
2018-03-28,2,27,57
2018-03-29,2,27,60
2018-03-30,2,27,64
2018-03-31,2,27,67
2018-01-01,3,27,50
2018-01-02,3,27,53
2018-01-03,3,27,57
2018-01-04,3,27,60
2018-01-05,3,27,63
2018-01-06,3,27,66
2018-01-07,3,27,69
2018-01-08,3,27,50
2018-01-09,3,27,53
2018-01-10,3,27,56
2018-01-11,3,27,59
2018-01-12,3,27,63
2018-01-13,3,27,66
2018-01-14,3,27,69
2018-01-15,3,27,50
2018-01-16,3,27,53
2018-01-17,3,27,56
2018-01-18,3,27,59
2018-01-19,3,27,62
2018-01-20,3,27,66
2018-01-21,3,27,69
2018-01-22,3,27,49
2018-01-23,3,27,53
2018-01-24,3,27,56
2018-01-25,3,27,59
2018-01-26,3,27,62
2018-01-27,3,27,65
2018-01-28,3,27,68
2018-01-29,3,27,49
2018-01-30,3,27,52
2018-01-31,3,27,55
2018-02-01,3,27,61
2018-02-02,3,27,64
2018-02-03,3,27,67
2018-02-04,3,27,70
2018-02-05,3,27,51
2018-02-06,3,27,54
2018-02-07,3,27,57
2018-02-08,3,27,60
2018-02-09,3,27,63
2018-02-10,3,27,67
2018-02-11,3,27,70
2018-02-12,3,27,51
2018-02-13,3,27,54
2018-02-14,3,27,57
2018-02-15,3,27,60
2018-02-16,3,27,63
2018-02-17,3,27,66
2018-02-18,3,27,70
2018-02-19,3,27,50
2018-02-20,3,27,53
2018-02-21,3,27,57
2018-02-22,3,27,60
2018-02-23,3,27,63
2018-02-24,3,27,66
2018-02-25,3,27,69
2018-02-26,3,27,50
2018-02-27,3,27,53
2018-02-28,3,27,56
2018-03-01,3,27,61
2018-03-02,3,27,65
2018-03-03,3,27,68
2018-03-04,3,27,71
2018-03-05,3,27,52
2018-03-06,3,27,55
2018-03-07,3,27,58
2018-03-08,3,27,61
2018-03-09,3,27,64
2018-03-10,3,27,67
2018-03-11,3,27,71
2018-03-12,3,27,51
2018-03-13,3,27,55
2018-03-14,3,27,58
2018-03-15,3,27,61
2018-03-16,3,27,64
2018-03-17,3,27,67
2018-03-18,3,27,70
2018-03-19,3,27,51
2018-03-20,3,27,54
2018-03-21,3,27,57
2018-03-22,3,27,61
2018-03-23,3,27,64
2018-03-24,3,27,67
2018-03-25,3,27,70
2018-03-26,3,27,51
2018-03-27,3,27,54
2018-03-28,3,27,57
2018-03-29,3,27,60
2018-03-30,3,27,63
2018-03-31,3,27,67
2018-01-01,4,27,50
2018-01-02,4,27,53
2018-01-03,4,27,56
2018-01-04,4,27,60
2018-01-05,4,27,63
2018-01-06,4,27,66
2018-01-07,4,27,69
2018-01-08,4,27,50
2018-01-09,4,27,53
2018-01-10,4,27,56
2018-01-11,4,27,59
2018-01-12,4,27,63
2018-01-13,4,27,66
2018-01-14,4,27,69
2018-01-15,4,27,50
2018-01-16,4,27,53
2018-01-17,4,27,56
2018-01-18,4,27,59
2018-01-19,4,27,62
2018-01-20,4,27,65
2018-01-21,4,27,69
2018-01-22,4,27,49
2018-01-23,4,27,52
2018-01-24,4,27,56
2018-01-25,4,27,59
2018-01-26,4,27,62
2018-01-27,4,27,65
2018-01-28,4,27,68
2018-01-29,4,27,49
2018-01-30,4,27,52
2018-01-31,4,27,55
2018-02-01,4,27,60
2018-02-02,4,27,64
2018-02-03,4,27,67
2018-02-04,4,27,70
2018-02-05,4,27,51
2018-02-06,4,27,54
2018-02-07,4,27,57
2018-02-08,4,27,60
2018-02-09,4,27,63
2018-02-10,4,27,67
2018-02-11,4,27,70
2018-02-12,4,27,50
2018-02-13,4,27,54
2018-02-14,4,27,57
2018-02-15,4,27,60
2018-02-16,4,27,63
2018-02-17,4,27,66
2018-02-18,4,27,69
2018-02-19,4,27,50
2018-02-20,4,27,53
2018-02-21,4,27,56
2018-02-22,4,27,60
2018-02-23,4,27,63
2018-02-24,4,27,66
2018-02-25,4,27,69
2018-02-26,4,27,50
2018-02-27,4,27,53
2018-02-28,4,27,56
2018-03-01,4,27,61
2018-03-02,4,27,64
2018-03-03,4,27,68
2018-03-04,4,27,71
2018-03-05,4,27,52
2018-03-06,4,27,55
2018-03-07,4,27,58
2018-03-08,4,27,61
2018-03-09,4,27,64
2018-03-10,4,27,67
2018-03-11,4,27,71
2018-03-12,4,27,51
2018-03-13,4,27,54
2018-03-14,4,27,58
2018-03-15,4,27,61
2018-03-16,4,27,64
2018-03-17,4,27,67
2018-03-18,4,27,70
2018-03-19,4,27,51
2018-03-20,4,27,54
2018-03-21,4,27,57
2018-03-22,4,27,60
2018-03-23,4,27,64
2018-03-24,4,27,67
2018-03-25,4,27,70
2018-03-26,4,27,51
2018-03-27,4,27,54
2018-03-28,4,27,57
2018-03-29,4,27,60
2018-03-30,4,27,63
2018-03-31,4,27,67
2018-01-01,5,27,50
2018-01-02,5,27,53
2018-01-03,5,27,56
2018-01-04,5,27,60
2018-01-05,5,27,63
2018-01-06,5,27,66
2018-01-07,5,27,69
2018-01-08,5,27,50
2018-01-09,5,27,53
2018-01-10,5,27,56
2018-01-11,5,27,59
2018-01-12,5,27,62
2018-01-13,5,27,66
2018-01-14,5,27,69
2018-01-15,5,27,50
2018-01-16,5,27,53
2018-01-17,5,27,56
2018-01-18,5,27,59
2018-01-19,5,27,62
2018-01-20,5,27,65
2018-01-21,5,27,69
2018-01-22,5,27,49
2018-01-23,5,27,52
2018-01-24,5,27,56
2018-01-25,5,27,59
2018-01-26,5,27,62
2018-01-27,5,27,65
2018-01-28,5,27,68
2018-01-29,5,27,49
2018-01-30,5,27,52
2018-01-31,5,27,55
2018-02-01,5,27,60
2018-02-02,5,27,64
2018-02-03,5,27,67
2018-02-04,5,27,70
2018-02-05,5,27,51
2018-02-06,5,27,54
2018-02-07,5,27,57
2018-02-08,5,27,60
2018-02-09,5,27,63
2018-02-10,5,27,66
2018-02-11,5,27,70
2018-02-12,5,27,50
2018-02-13,5,27,54
2018-02-14,5,27,57
2018-02-15,5,27,60
2018-02-16,5,27,63
2018-02-17,5,27,66
2018-02-18,5,27,69
2018-02-19,5,27,50
2018-02-20,5,27,53
2018-02-21,5,27,56
2018-02-22,5,27,60
2018-02-23,5,27,63
2018-02-24,5,27,66
2018-02-25,5,27,69
2018-02-26,5,27,50
2018-02-27,5,27,53
2018-02-28,5,27,56
2018-03-01,5,27,61
2018-03-02,5,27,64
2018-03-03,5,27,68
2018-03-04,5,27,71
2018-03-05,5,27,51
2018-03-06,5,27,55
2018-03-07,5,27,58
2018-03-08,5,27,61
2018-03-09,5,27,64
2018-03-10,5,27,67
2018-03-11,5,27,70
2018-03-12,5,27,51
2018-03-13,5,27,54
2018-03-14,5,27,58
2018-03-15,5,27,61
2018-03-16,5,27,64
2018-03-17,5,27,67
2018-03-18,5,27,70
2018-03-19,5,27,51
2018-03-20,5,27,54
2018-03-21,5,27,57
2018-03-22,5,27,60
2018-03-23,5,27,64
2018-03-24,5,27,67
2018-03-25,5,27,70
2018-03-26,5,27,51
2018-03-27,5,27,54
2018-03-28,5,27,57
2018-03-29,5,27,60
2018-03-30,5,27,63
2018-03-31,5,27,66
2018-01-01,6,27,50
2018-01-02,6,27,53
2018-01-03,6,27,56
2018-01-04,6,27,59
2018-01-05,6,27,63
2018-01-06,6,27,66
2018-01-07,6,27,69
2018-01-08,6,27,50
2018-01-09,6,27,53
2018-01-10,6,27,56
2018-01-11,6,27,59
2018-01-12,6,27,62
2018-01-13,6,27,66
2018-01-14,6,27,69
2018-01-15,6,27,49
2018-01-16,6,27,53
2018-01-17,6,27,56
2018-01-18,6,27,59
2018-01-19,6,27,62
2018-01-20,6,27,65
2018-01-21,6,27,68
2018-01-22,6,27,49
2018-01-23,6,27,52
2018-01-24,6,27,56
2018-01-25,6,27,59
2018-01-26,6,27,62
2018-01-27,6,27,65
2018-01-28,6,27,68
2018-01-29,6,27,49
2018-01-30,6,27,52
2018-01-31,6,27,55
2018-02-01,6,27,60
2018-02-02,6,27,63
2018-02-03,6,27,67
2018-02-04,6,27,70
2018-02-05,6,27,51
2018-02-06,6,27,54
2018-02-07,6,27,57
2018-02-08,6,27,60
2018-02-09,6,27,63
2018-02-10,6,27,66
2018-02-11,6,27,70
2018-02-12,6,27,50
2018-02-13,6,27,53
2018-02-14,6,27,57
2018-02-15,6,27,60
2018-02-16,6,27,63
2018-02-17,6,27,66
2018-02-18,6,27,69
2018-02-19,6,27,50
2018-02-20,6,27,53
2018-02-21,6,27,56
2018-02-22,6,27,60
2018-02-23,6,27,63
2018-02-24,6,27,66
2018-02-25,6,27,69
2018-02-26,6,27,50
2018-02-27,6,27,53
2018-02-28,6,27,56
2018-03-01,6,27,61
2018-03-02,6,27,64
2018-03-03,6,27,67
2018-03-04,6,27,71
2018-03-05,6,27,51
2018-03-06,6,27,55
2018-03-07,6,27,58
2018-03-08,6,27,61
2018-03-09,6,27,64
2018-03-10,6,27,67
2018-03-11,6,27,70
2018-03-12,6,27,51
2018-03-13,6,27,54
2018-03-14,6,27,57
2018-03-15,6,27,61
2018-03-16,6,27,64
2018-03-17,6,27,67
2018-03-18,6,27,70
2018-03-19,6,27,51
2018-03-20,6,27,54
2018-03-21,6,27,57
2018-03-22,6,27,60
2018-03-23,6,27,63
2018-03-24,6,27,67
2018-03-25,6,27,70
2018-03-26,6,27,51
2018-03-27,6,27,54
2018-03-28,6,27,57
2018-03-29,6,27,60
2018-03-30,6,27,63
2018-03-31,6,27,66
2018-01-01,7,27,50
2018-01-02,7,27,53
2018-01-03,7,27,56
2018-01-04,7,27,59
2018-01-05,7,27,63
2018-01-06,7,27,66
2018-01-07,7,27,69
2018-01-08,7,27,50
2018-01-09,7,27,53
2018-01-10,7,27,56
2018-01-11,7,27,59
2018-01-12,7,27,62
2018-01-13,7,27,65
2018-01-14,7,27,69
2018-01-15,7,27,49
2018-01-16,7,27,53
2018-01-17,7,27,56
2018-01-18,7,27,59
2018-01-19,7,27,62
2018-01-20,7,27,65
2018-01-21,7,27,68
2018-01-22,7,27,49
2018-01-23,7,27,52
2018-01-24,7,27,55
2018-01-25,7,27,59
2018-01-26,7,27,62
2018-01-27,7,27,65
2018-01-28,7,27,68
2018-01-29,7,27,49
2018-01-30,7,27,52
2018-01-31,7,27,55
2018-02-01,7,27,60
2018-02-02,7,27,63
2018-02-03,7,27,67
2018-02-04,7,27,70
2018-02-05,7,27,50
2018-02-06,7,27,54
2018-02-07,7,27,57
2018-02-08,7,27,60
2018-02-09,7,27,63
2018-02-10,7,27,66
2018-02-11,7,27,69
2018-02-12,7,27,50
2018-02-13,7,27,53
2018-02-14,7,27,57
2018-02-15,7,27,60
2018-02-16,7,27,63
2018-02-17,7,27,66
2018-02-18,7,27,69
2018-02-19,7,27,50
2018-02-20,7,27,53
2018-02-21,7,27,56
2018-02-22,7,27,59
2018-02-23,7,27,63
2018-02-24,7,27,66
2018-02-25,7,27,69
2018-02-26,7,27,50
2018-02-27,7,27,53
2018-02-28,7,27,56
2018-03-01,7,27,61
2018-03-02,7,27,64
2018-03-03,7,27,67
2018-03-04,7,27,71
2018-03-05,7,27,51
2018-03-06,7,27,54
2018-03-07,7,27,58
2018-03-08,7,27,61
2018-03-09,7,27,64
2018-03-10,7,27,67
2018-03-11,7,27,70
2018-03-12,7,27,51
2018-03-13,7,27,54
2018-03-14,7,27,57
2018-03-15,7,27,61
2018-03-16,7,27,64
2018-03-17,7,27,67
2018-03-18,7,27,70
2018-03-19,7,27,51
2018-03-20,7,27,54
2018-03-21,7,27,57
2018-03-22,7,27,60
2018-03-23,7,27,63
2018-03-24,7,27,67
2018-03-25,7,27,70
2018-03-26,7,27,50
2018-03-27,7,27,54
2018-03-28,7,27,57
2018-03-29,7,27,60
2018-03-30,7,27,63
2018-03-31,7,27,66
2018-01-01,8,27,50
2018-01-02,8,27,53
2018-01-03,8,27,56
2018-01-04,8,27,59
2018-01-05,8,27,62
2018-01-06,8,27,66
2018-01-07,8,27,69
2018-01-08,8,27,50
2018-01-09,8,27,53
2018-01-10,8,27,56
2018-01-11,8,27,59
2018-01-12,8,27,62
2018-01-13,8,27,65
2018-01-14,8,27,69
2018-01-15,8,27,49
2018-01-16,8,27,52
2018-01-17,8,27,56
2018-01-18,8,27,59
2018-01-19,8,27,62
2018-01-20,8,27,65
2018-01-21,8,27,68
2018-01-22,8,27,49
2018-01-23,8,27,52
2018-01-24,8,27,55
2018-01-25,8,27,59
2018-01-26,8,27,62
2018-01-27,8,27,65
2018-01-28,8,27,68
2018-01-29,8,27,49
2018-01-30,8,27,52
2018-01-31,8,27,55
2018-02-01,8,27,60
2018-02-02,8,27,63
2018-02-03,8,27,66
2018-02-04,8,27,70
2018-02-05,8,27,50
2018-02-06,8,27,54
2018-02-07,8,27,57
2018-02-08,8,27,60
2018-02-09,8,27,63
2018-02-10,8,27,66
2018-02-11,8,27,69
2018-02-12,8,27,50
2018-02-13,8,27,53
2018-02-14,8,27,56
2018-02-15,8,27,60
2018-02-16,8,27,63
2018-02-17,8,27,66
2018-02-18,8,27,69
2018-02-19,8,27,50
2018-02-20,8,27,53
2018-02-21,8,27,56
2018-02-22,8,27,59
2018-02-23,8,27,63
2018-02-24,8,27,66
2018-02-25,8,27,69
2018-02-26,8,27,50
2018-02-27,8,27,53
2018-02-28,8,27,56
2018-03-01,8,27,61
2018-03-02,8,27,64
2018-03-03,8,27,67
2018-03-04,8,27,70
2018-03-05,8,27,51
2018-03-06,8,27,54
2018-03-07,8,27,58
2018-03-08,8,27,61
2018-03-09,8,27,64
2018-03-10,8,27,67
2018-03-11,8,27,70
2018-03-12,8,27,51
2018-03-13,8,27,54
2018-03-14,8,27,57
2018-03-15,8,27,60
2018-03-16,8,27,64
2018-03-17,8,27,67
2018-03-18,8,27,70
2018-03-19,8,27,51
2018-03-20,8,27,54
2018-03-21,8,27,57
2018-03-22,8,27,60
2018-03-23,8,27,63
2018-03-24,8,27,67
2018-03-25,8,27,70
2018-03-26,8,27,50
2018-03-27,8,27,54
2018-03-28,8,27,57
2018-03-29,8,27,60
2018-03-30,8,27,63
2018-03-31,8,27,66
2018-01-01,9,27,50
2018-01-02,9,27,53
2018-01-03,9,27,56
2018-01-04,9,27,59
2018-01-05,9,27,62
2018-01-06,9,27,66
2018-01-07,9,27,69
2018-01-08,9,27,49
2018-01-09,9,27,53
2018-01-10,9,27,56
2018-01-11,9,27,59
2018-01-12,9,27,62
2018-01-13,9,27,65
2018-01-14,9,27,68
2018-01-15,9,27,49
2018-01-16,9,27,52
2018-01-17,9,27,56
2018-01-18,9,27,59
2018-01-19,9,27,62
2018-01-20,9,27,65
2018-01-21,9,27,68
2018-01-22,9,27,49
2018-01-23,9,27,52
2018-01-24,9,27,55
2018-01-25,9,27,58
2018-01-26,9,27,62
2018-01-27,9,27,65
2018-01-28,9,27,68
2018-01-29,9,27,49
2018-01-30,9,27,52
2018-01-31,9,27,55
2018-02-01,9,27,60
2018-02-02,9,27,63
2018-02-03,9,27,66
2018-02-04,9,27,70
2018-02-05,9,27,50
2018-02-06,9,27,53
2018-02-07,9,27,57
2018-02-08,9,27,60
2018-02-09,9,27,63
2018-02-10,9,27,66
2018-02-11,9,27,69
2018-02-12,9,27,50
2018-02-13,9,27,53
2018-02-14,9,27,56
2018-02-15,9,27,60
2018-02-16,9,27,63
2018-02-17,9,27,66
2018-02-18,9,27,69
2018-02-19,9,27,50
2018-02-20,9,27,53
2018-02-21,9,27,56
2018-02-22,9,27,59
2018-02-23,9,27,62
2018-02-24,9,27,66
2018-02-25,9,27,69
2018-02-26,9,27,50
2018-02-27,9,27,53
2018-02-28,9,27,56
2018-03-01,9,27,61
2018-03-02,9,27,64
2018-03-03,9,27,67
2018-03-04,9,27,70
2018-03-05,9,27,51
2018-03-06,9,27,54
2018-03-07,9,27,57
2018-03-08,9,27,61
2018-03-09,9,27,64
2018-03-10,9,27,67
2018-03-11,9,27,70
2018-03-12,9,27,51
2018-03-13,9,27,54
2018-03-14,9,27,57
2018-03-15,9,27,60
2018-03-16,9,27,64
2018-03-17,9,27,67
2018-03-18,9,27,70
2018-03-19,9,27,51
2018-03-20,9,27,54
2018-03-21,9,27,57
2018-03-22,9,27,60
2018-03-23,9,27,63
2018-03-24,9,27,66
2018-03-25,9,27,70
2018-03-26,9,27,50
2018-03-27,9,27,53
2018-03-28,9,27,57
2018-03-29,9,27,60
2018-03-30,9,27,63
2018-03-31,9,27,66
2018-01-01,10,27,50
2018-01-02,10,27,53
2018-01-03,10,27,56
2018-01-04,10,27,59
2018-01-05,10,27,62
2018-01-06,10,27,66
2018-01-07,10,27,69
2018-01-08,10,27,49
2018-01-09,10,27,53
2018-01-10,10,27,56
2018-01-11,10,27,59
2018-01-12,10,27,62
2018-01-13,10,27,65
2018-01-14,10,27,68
2018-01-15,10,27,49
2018-01-16,10,27,52
2018-01-17,10,27,55
2018-01-18,10,27,59
2018-01-19,10,27,62
2018-01-20,10,27,65
2018-01-21,10,27,68
2018-01-22,10,27,49
2018-01-23,10,27,52
2018-01-24,10,27,55
2018-01-25,10,27,58
2018-01-26,10,27,62
2018-01-27,10,27,65
2018-01-28,10,27,68
2018-01-29,10,27,49
2018-01-30,10,27,52
2018-01-31,10,27,55
2018-02-01,10,27,60
2018-02-02,10,27,63
2018-02-03,10,27,66
2018-02-04,10,27,70
2018-02-05,10,27,50
2018-02-06,10,27,53
2018-02-07,10,27,57
2018-02-08,10,27,60
2018-02-09,10,27,63
2018-02-10,10,27,66
2018-02-11,10,27,69
2018-02-12,10,27,50
2018-02-13,10,27,53
2018-02-14,10,27,56
2018-02-15,10,27,59
2018-02-16,10,27,63
2018-02-17,10,27,66
2018-02-18,10,27,69
2018-02-19,10,27,50
2018-02-20,10,27,53
2018-02-21,10,27,56
2018-02-22,10,27,59
2018-02-23,10,27,62
2018-02-24,10,27,66
2018-02-25,10,27,69
2018-02-26,10,27,49
2018-02-27,10,27,53
2018-02-28,10,27,56
2018-03-01,10,27,61
2018-03-02,10,27,64
2018-03-03,10,27,67
2018-03-04,10,27,70
2018-03-05,10,27,51
2018-03-06,10,27,54
2018-03-07,10,27,57
2018-03-08,10,27,61
2018-03-09,10,27,64
2018-03-10,10,27,67
2018-03-11,10,27,70
2018-03-12,10,27,51
2018-03-13,10,27,54
2018-03-14,10,27,57
2018-03-15,10,27,60
2018-03-16,10,27,63
2018-03-17,10,27,67
2018-03-18,10,27,70
2018-03-19,10,27,51
2018-03-20,10,27,54
2018-03-21,10,27,57
2018-03-22,10,27,60
2018-03-23,10,27,63
2018-03-24,10,27,66
2018-03-25,10,27,70
2018-03-26,10,27,50
2018-03-27,10,27,53
2018-03-28,10,27,57
2018-03-29,10,27,60
2018-03-30,10,27,63
2018-03-31,10,27,66
2018-01-01,1,28,50
2018-01-02,1,28,53
2018-01-03,1,28,57
2018-01-04,1,28,60
2018-01-05,1,28,63
2018-01-06,1,28,66
2018-01-07,1,28,69
2018-01-08,1,28,50
2018-01-09,1,28,53
2018-01-10,1,28,56
2018-01-11,1,28,59
2018-01-12,1,28,63
2018-01-13,1,28,66
2018-01-14,1,28,69
2018-01-15,1,28,50
2018-01-16,1,28,53
2018-01-17,1,28,56
2018-01-18,1,28,59
2018-01-19,1,28,62
2018-01-20,1,28,66
2018-01-21,1,28,69
2018-01-22,1,28,49
2018-01-23,1,28,53
2018-01-24,1,28,56
2018-01-25,1,28,59
2018-01-26,1,28,62
2018-01-27,1,28,65
2018-01-28,1,28,68
2018-01-29,1,28,49
2018-01-30,1,28,52
2018-01-31,1,28,56
2018-02-01,1,28,61
2018-02-02,1,28,64
2018-02-03,1,28,67
2018-02-04,1,28,70
2018-02-05,1,28,51
2018-02-06,1,28,54
2018-02-07,1,28,57
2018-02-08,1,28,60
2018-02-09,1,28,63
2018-02-10,1,28,67
2018-02-11,1,28,70
2018-02-12,1,28,51
2018-02-13,1,28,54
2018-02-14,1,28,57
2018-02-15,1,28,60
2018-02-16,1,28,63
2018-02-17,1,28,66
2018-02-18,1,28,70
2018-02-19,1,28,50
2018-02-20,1,28,53
2018-02-21,1,28,57
2018-02-22,1,28,60
2018-02-23,1,28,63
2018-02-24,1,28,66
2018-02-25,1,28,69
2018-02-26,1,28,50
2018-02-27,1,28,53
2018-02-28,1,28,56
2018-03-01,1,28,61
2018-03-02,1,28,65
2018-03-03,1,28,68
2018-03-04,1,28,71
2018-03-05,1,28,52
2018-03-06,1,28,55
2018-03-07,1,28,58
2018-03-08,1,28,61
2018-03-09,1,28,64
2018-03-10,1,28,67
2018-03-11,1,28,71
2018-03-12,1,28,51
2018-03-13,1,28,55
2018-03-14,1,28,58
2018-03-15,1,28,61
2018-03-16,1,28,64
2018-03-17,1,28,67
2018-03-18,1,28,70
2018-03-19,1,28,51
2018-03-20,1,28,54
2018-03-21,1,28,57
2018-03-22,1,28,61
2018-03-23,1,28,64
2018-03-24,1,28,67
2018-03-25,1,28,70
2018-03-26,1,28,51
2018-03-27,1,28,54
2018-03-28,1,28,57
2018-03-29,1,28,60
2018-03-30,1,28,64
2018-03-31,1,28,67
2018-01-01,2,28,50
2018-01-02,2,28,53
2018-01-03,2,28,57
2018-01-04,2,28,60
2018-01-05,2,28,63
2018-01-06,2,28,66
2018-01-07,2,28,69
2018-01-08,2,28,50
2018-01-09,2,28,53
2018-01-10,2,28,56
2018-01-11,2,28,59
2018-01-12,2,28,63
2018-01-13,2,28,66
2018-01-14,2,28,69
2018-01-15,2,28,50
2018-01-16,2,28,53
2018-01-17,2,28,56
2018-01-18,2,28,59
2018-01-19,2,28,62
2018-01-20,2,28,65
2018-01-21,2,28,69
2018-01-22,2,28,49
2018-01-23,2,28,53
2018-01-24,2,28,56
2018-01-25,2,28,59
2018-01-26,2,28,62
2018-01-27,2,28,65
2018-01-28,2,28,68
2018-01-29,2,28,49
2018-01-30,2,28,52
2018-01-31,2,28,55
2018-02-01,2,28,61
2018-02-02,2,28,64
2018-02-03,2,28,67
2018-02-04,2,28,70
2018-02-05,2,28,51
2018-02-06,2,28,54
2018-02-07,2,28,57
2018-02-08,2,28,60
2018-02-09,2,28,63
2018-02-10,2,28,67
2018-02-11,2,28,70
2018-02-12,2,28,50
2018-02-13,2,28,54
2018-02-14,2,28,57
2018-02-15,2,28,60
2018-02-16,2,28,63
2018-02-17,2,28,66
2018-02-18,2,28,69
2018-02-19,2,28,50
2018-02-20,2,28,53
2018-02-21,2,28,57
2018-02-22,2,28,60
2018-02-23,2,28,63
2018-02-24,2,28,66
2018-02-25,2,28,69
2018-02-26,2,28,50
2018-02-27,2,28,53
2018-02-28,2,28,56
2018-03-01,2,28,61
2018-03-02,2,28,65
2018-03-03,2,28,68
2018-03-04,2,28,71
2018-03-05,2,28,52
2018-03-06,2,28,55
2018-03-07,2,28,58
2018-03-08,2,28,61
2018-03-09,2,28,64
2018-03-10,2,28,67
2018-03-11,2,28,71
2018-03-12,2,28,51
2018-03-13,2,28,54
2018-03-14,2,28,58
2018-03-15,2,28,61
2018-03-16,2,28,64
2018-03-17,2,28,67
2018-03-18,2,28,70
2018-03-19,2,28,51
2018-03-20,2,28,54
2018-03-21,2,28,57
2018-03-22,2,28,61
2018-03-23,2,28,64
2018-03-24,2,28,67
2018-03-25,2,28,70
2018-03-26,2,28,51
2018-03-27,2,28,54
2018-03-28,2,28,57
2018-03-29,2,28,60
2018-03-30,2,28,63
2018-03-31,2,28,67
2018-01-01,3,28,50
2018-01-02,3,28,53
2018-01-03,3,28,56
2018-01-04,3,28,60
2018-01-05,3,28,63
2018-01-06,3,28,66
2018-01-07,3,28,69
2018-01-08,3,28,50
2018-01-09,3,28,53
2018-01-10,3,28,56
2018-01-11,3,28,59
2018-01-12,3,28,63
2018-01-13,3,28,66
2018-01-14,3,28,69
2018-01-15,3,28,50
2018-01-16,3,28,53
2018-01-17,3,28,56
2018-01-18,3,28,59
2018-01-19,3,28,62
2018-01-20,3,28,65
2018-01-21,3,28,69
2018-01-22,3,28,49
2018-01-23,3,28,52
2018-01-24,3,28,56
2018-01-25,3,28,59
2018-01-26,3,28,62
2018-01-27,3,28,65
2018-01-28,3,28,68
2018-01-29,3,28,49
2018-01-30,3,28,52
2018-01-31,3,28,55
2018-02-01,3,28,60
2018-02-02,3,28,64
2018-02-03,3,28,67
2018-02-04,3,28,70
2018-02-05,3,28,51
2018-02-06,3,28,54
2018-02-07,3,28,57
2018-02-08,3,28,60
2018-02-09,3,28,63
2018-02-10,3,28,66
2018-02-11,3,28,70
2018-02-12,3,28,50
2018-02-13,3,28,54
2018-02-14,3,28,57
2018-02-15,3,28,60
2018-02-16,3,28,63
2018-02-17,3,28,66
2018-02-18,3,28,69
2018-02-19,3,28,50
2018-02-20,3,28,53
2018-02-21,3,28,56
2018-02-22,3,28,60
2018-02-23,3,28,63
2018-02-24,3,28,66
2018-02-25,3,28,69
2018-02-26,3,28,50
2018-02-27,3,28,53
2018-02-28,3,28,56
2018-03-01,3,28,61
2018-03-02,3,28,64
2018-03-03,3,28,68
2018-03-04,3,28,71
2018-03-05,3,28,51
2018-03-06,3,28,55
2018-03-07,3,28,58
2018-03-08,3,28,61
2018-03-09,3,28,64
2018-03-10,3,28,67
2018-03-11,3,28,70
2018-03-12,3,28,51
2018-03-13,3,28,54
2018-03-14,3,28,58
2018-03-15,3,28,61
2018-03-16,3,28,64
2018-03-17,3,28,67
2018-03-18,3,28,70
2018-03-19,3,28,51
2018-03-20,3,28,54
2018-03-21,3,28,57
2018-03-22,3,28,60
2018-03-23,3,28,64
2018-03-24,3,28,67
2018-03-25,3,28,70
2018-03-26,3,28,51
2018-03-27,3,28,54
2018-03-28,3,28,57
2018-03-29,3,28,60
2018-03-30,3,28,63
2018-03-31,3,28,67
2018-01-01,4,28,50
2018-01-02,4,28,53
2018-01-03,4,28,56
2018-01-04,4,28,60
2018-01-05,4,28,63
2018-01-06,4,28,66
2018-01-07,4,28,69
2018-01-08,4,28,50
2018-01-09,4,28,53
2018-01-10,4,28,56
2018-01-11,4,28,59
2018-01-12,4,28,62
2018-01-13,4,28,66
2018-01-14,4,28,69
2018-01-15,4,28,49
2018-01-16,4,28,53
2018-01-17,4,28,56
2018-01-18,4,28,59
2018-01-19,4,28,62
2018-01-20,4,28,65
2018-01-21,4,28,68
2018-01-22,4,28,49
2018-01-23,4,28,52
2018-01-24,4,28,56
2018-01-25,4,28,59
2018-01-26,4,28,62
2018-01-27,4,28,65
2018-01-28,4,28,68
2018-01-29,4,28,49
2018-01-30,4,28,52
2018-01-31,4,28,55
2018-02-01,4,28,60
2018-02-02,4,28,64
2018-02-03,4,28,67
2018-02-04,4,28,70
2018-02-05,4,28,51
2018-02-06,4,28,54
2018-02-07,4,28,57
2018-02-08,4,28,60
2018-02-09,4,28,63
2018-02-10,4,28,66
2018-02-11,4,28,70
2018-02-12,4,28,50
2018-02-13,4,28,53
2018-02-14,4,28,57
2018-02-15,4,28,60
2018-02-16,4,28,63
2018-02-17,4,28,66
2018-02-18,4,28,69
2018-02-19,4,28,50
2018-02-20,4,28,53
2018-02-21,4,28,56
2018-02-22,4,28,60
2018-02-23,4,28,63
2018-02-24,4,28,66
2018-02-25,4,28,69
2018-02-26,4,28,50
2018-02-27,4,28,53
2018-02-28,4,28,56
2018-03-01,4,28,61
2018-03-02,4,28,64
2018-03-03,4,28,68
2018-03-04,4,28,71
2018-03-05,4,28,51
2018-03-06,4,28,55
2018-03-07,4,28,58
2018-03-08,4,28,61
2018-03-09,4,28,64
2018-03-10,4,28,67
2018-03-11,4,28,70
2018-03-12,4,28,51
2018-03-13,4,28,54
2018-03-14,4,28,57
2018-03-15,4,28,61
2018-03-16,4,28,64
2018-03-17,4,28,67
2018-03-18,4,28,70
2018-03-19,4,28,51
2018-03-20,4,28,54
2018-03-21,4,28,57
2018-03-22,4,28,60
2018-03-23,4,28,64
2018-03-24,4,28,67
2018-03-25,4,28,70
2018-03-26,4,28,51
2018-03-27,4,28,54
2018-03-28,4,28,57
2018-03-29,4,28,60
2018-03-30,4,28,63
2018-03-31,4,28,66
2018-01-01,5,28,50
2018-01-02,5,28,53
2018-01-03,5,28,56
2018-01-04,5,28,59
2018-01-05,5,28,63
2018-01-06,5,28,66
2018-01-07,5,28,69
2018-01-08,5,28,50
2018-01-09,5,28,53
2018-01-10,5,28,56
2018-01-11,5,28,59
2018-01-12,5,28,62
2018-01-13,5,28,66
2018-01-14,5,28,69
2018-01-15,5,28,49
2018-01-16,5,28,53
2018-01-17,5,28,56
2018-01-18,5,28,59
2018-01-19,5,28,62
2018-01-20,5,28,65
2018-01-21,5,28,68
2018-01-22,5,28,49
2018-01-23,5,28,52
2018-01-24,5,28,55
2018-01-25,5,28,59
2018-01-26,5,28,62
2018-01-27,5,28,65
2018-01-28,5,28,68
2018-01-29,5,28,49
2018-01-30,5,28,52
2018-01-31,5,28,55
2018-02-01,5,28,60
2018-02-02,5,28,63
2018-02-03,5,28,67
2018-02-04,5,28,70
2018-02-05,5,28,51
2018-02-06,5,28,54
2018-02-07,5,28,57
2018-02-08,5,28,60
2018-02-09,5,28,63
2018-02-10,5,28,66
2018-02-11,5,28,70
2018-02-12,5,28,50
2018-02-13,5,28,53
2018-02-14,5,28,57
2018-02-15,5,28,60
2018-02-16,5,28,63
2018-02-17,5,28,66
2018-02-18,5,28,69
2018-02-19,5,28,50
2018-02-20,5,28,53
2018-02-21,5,28,56
2018-02-22,5,28,59
2018-02-23,5,28,63
2018-02-24,5,28,66
2018-02-25,5,28,69
2018-02-26,5,28,50
2018-02-27,5,28,53
2018-02-28,5,28,56
2018-03-01,5,28,61
2018-03-02,5,28,64
2018-03-03,5,28,67
2018-03-04,5,28,71
2018-03-05,5,28,51
2018-03-06,5,28,55
2018-03-07,5,28,58
2018-03-08,5,28,61
2018-03-09,5,28,64
2018-03-10,5,28,67
2018-03-11,5,28,70
2018-03-12,5,28,51
2018-03-13,5,28,54
2018-03-14,5,28,57
2018-03-15,5,28,61
2018-03-16,5,28,64
2018-03-17,5,28,67
2018-03-18,5,28,70
2018-03-19,5,28,51
2018-03-20,5,28,54
2018-03-21,5,28,57
2018-03-22,5,28,60
2018-03-23,5,28,63
2018-03-24,5,28,67
2018-03-25,5,28,70
2018-03-26,5,28,51
2018-03-27,5,28,54
2018-03-28,5,28,57
2018-03-29,5,28,60
2018-03-30,5,28,63
2018-03-31,5,28,66
2018-01-01,6,28,50
2018-01-02,6,28,53
2018-01-03,6,28,56
2018-01-04,6,28,59
2018-01-05,6,28,63
2018-01-06,6,28,66
2018-01-07,6,28,69
2018-01-08,6,28,50
2018-01-09,6,28,53
2018-01-10,6,28,56
2018-01-11,6,28,59
2018-01-12,6,28,62
2018-01-13,6,28,65
2018-01-14,6,28,69
2018-01-15,6,28,49
2018-01-16,6,28,53
2018-01-17,6,28,56
2018-01-18,6,28,59
2018-01-19,6,28,62
2018-01-20,6,28,65
2018-01-21,6,28,68
2018-01-22,6,28,49
2018-01-23,6,28,52
2018-01-24,6,28,55
2018-01-25,6,28,59
2018-01-26,6,28,62
2018-01-27,6,28,65
2018-01-28,6,28,68
2018-01-29,6,28,49
2018-01-30,6,28,52
2018-01-31,6,28,55
2018-02-01,6,28,60
2018-02-02,6,28,63
2018-02-03,6,28,67
2018-02-04,6,28,70
2018-02-05,6,28,50
2018-02-06,6,28,54
2018-02-07,6,28,57
2018-02-08,6,28,60
2018-02-09,6,28,63
2018-02-10,6,28,66
2018-02-11,6,28,69
2018-02-12,6,28,50
2018-02-13,6,28,53
2018-02-14,6,28,56
2018-02-15,6,28,60
2018-02-16,6,28,63
2018-02-17,6,28,66
2018-02-18,6,28,69
2018-02-19,6,28,50
2018-02-20,6,28,53
2018-02-21,6,28,56
2018-02-22,6,28,59
2018-02-23,6,28,63
2018-02-24,6,28,66
2018-02-25,6,28,69
2018-02-26,6,28,50
2018-02-27,6,28,53
2018-02-28,6,28,56
2018-03-01,6,28,61
2018-03-02,6,28,64
2018-03-03,6,28,67
2018-03-04,6,28,71
2018-03-05,6,28,51
2018-03-06,6,28,54
2018-03-07,6,28,58
2018-03-08,6,28,61
2018-03-09,6,28,64
2018-03-10,6,28,67
2018-03-11,6,28,70
2018-03-12,6,28,51
2018-03-13,6,28,54
2018-03-14,6,28,57
2018-03-15,6,28,60
2018-03-16,6,28,64
2018-03-17,6,28,67
2018-03-18,6,28,70
2018-03-19,6,28,51
2018-03-20,6,28,54
2018-03-21,6,28,57
2018-03-22,6,28,60
2018-03-23,6,28,63
2018-03-24,6,28,67
2018-03-25,6,28,70
2018-03-26,6,28,50
2018-03-27,6,28,54
2018-03-28,6,28,57
2018-03-29,6,28,60
2018-03-30,6,28,63
2018-03-31,6,28,66
2018-01-01,7,28,50
2018-01-02,7,28,53
2018-01-03,7,28,56
2018-01-04,7,28,59
2018-01-05,7,28,62
2018-01-06,7,28,66
2018-01-07,7,28,69
2018-01-08,7,28,50
2018-01-09,7,28,53
2018-01-10,7,28,56
2018-01-11,7,28,59
2018-01-12,7,28,62
2018-01-13,7,28,65
2018-01-14,7,28,69
2018-01-15,7,28,49
2018-01-16,7,28,52
2018-01-17,7,28,56
2018-01-18,7,28,59
2018-01-19,7,28,62
2018-01-20,7,28,65
2018-01-21,7,28,68
2018-01-22,7,28,49
2018-01-23,7,28,52
2018-01-24,7,28,55
2018-01-25,7,28,58
2018-01-26,7,28,62
2018-01-27,7,28,65
2018-01-28,7,28,68
2018-01-29,7,28,49
2018-01-30,7,28,52
2018-01-31,7,28,55
2018-02-01,7,28,60
2018-02-02,7,28,63
2018-02-03,7,28,66
2018-02-04,7,28,70
2018-02-05,7,28,50
2018-02-06,7,28,54
2018-02-07,7,28,57
2018-02-08,7,28,60
2018-02-09,7,28,63
2018-02-10,7,28,66
2018-02-11,7,28,69
2018-02-12,7,28,50
2018-02-13,7,28,53
2018-02-14,7,28,56
2018-02-15,7,28,60
2018-02-16,7,28,63
2018-02-17,7,28,66
2018-02-18,7,28,69
2018-02-19,7,28,50
2018-02-20,7,28,53
2018-02-21,7,28,56
2018-02-22,7,28,59
2018-02-23,7,28,62
2018-02-24,7,28,66
2018-02-25,7,28,69
2018-02-26,7,28,50
2018-02-27,7,28,53
2018-02-28,7,28,56
2018-03-01,7,28,61
2018-03-02,7,28,64
2018-03-03,7,28,67
2018-03-04,7,28,70
2018-03-05,7,28,51
2018-03-06,7,28,54
2018-03-07,7,28,58
2018-03-08,7,28,61
2018-03-09,7,28,64
2018-03-10,7,28,67
2018-03-11,7,28,70
2018-03-12,7,28,51
2018-03-13,7,28,54
2018-03-14,7,28,57
2018-03-15,7,28,60
2018-03-16,7,28,64
2018-03-17,7,28,67
2018-03-18,7,28,70
2018-03-19,7,28,51
2018-03-20,7,28,54
2018-03-21,7,28,57
2018-03-22,7,28,60
2018-03-23,7,28,63
2018-03-24,7,28,66
2018-03-25,7,28,70
2018-03-26,7,28,50
2018-03-27,7,28,54
2018-03-28,7,28,57
2018-03-29,7,28,60
2018-03-30,7,28,63
2018-03-31,7,28,66
2018-01-01,8,28,50
2018-01-02,8,28,53
2018-01-03,8,28,56
2018-01-04,8,28,59
2018-01-05,8,28,62
2018-01-06,8,28,66
2018-01-07,8,28,69
2018-01-08,8,28,49
2018-01-09,8,28,53
2018-01-10,8,28,56
2018-01-11,8,28,59
2018-01-12,8,28,62
2018-01-13,8,28,65
2018-01-14,8,28,68
2018-01-15,8,28,49
2018-01-16,8,28,52
2018-01-17,8,28,56
2018-01-18,8,28,59
2018-01-19,8,28,62
2018-01-20,8,28,65
2018-01-21,8,28,68
2018-01-22,8,28,49
2018-01-23,8,28,52
2018-01-24,8,28,55
2018-01-25,8,28,58
2018-01-26,8,28,62
2018-01-27,8,28,65
2018-01-28,8,28,68
2018-01-29,8,28,49
2018-01-30,8,28,52
2018-01-31,8,28,55
2018-02-01,8,28,60
2018-02-02,8,28,63
2018-02-03,8,28,66
2018-02-04,8,28,70
2018-02-05,8,28,50
2018-02-06,8,28,53
2018-02-07,8,28,57
2018-02-08,8,28,60
2018-02-09,8,28,63
2018-02-10,8,28,66
2018-02-11,8,28,69
2018-02-12,8,28,50
2018-02-13,8,28,53
2018-02-14,8,28,56
2018-02-15,8,28,60
2018-02-16,8,28,63
2018-02-17,8,28,66
2018-02-18,8,28,69
2018-02-19,8,28,50
2018-02-20,8,28,53
2018-02-21,8,28,56
2018-02-22,8,28,59
2018-02-23,8,28,62
2018-02-24,8,28,66
2018-02-25,8,28,69
2018-02-26,8,28,49
2018-02-27,8,28,53
2018-02-28,8,28,56
2018-03-01,8,28,61
2018-03-02,8,28,64
2018-03-03,8,28,67
2018-03-04,8,28,70
2018-03-05,8,28,51
2018-03-06,8,28,54
2018-03-07,8,28,57
2018-03-08,8,28,61
2018-03-09,8,28,64
2018-03-10,8,28,67
2018-03-11,8,28,70
2018-03-12,8,28,51
2018-03-13,8,28,54
2018-03-14,8,28,57
2018-03-15,8,28,60
2018-03-16,8,28,64
2018-03-17,8,28,67
2018-03-18,8,28,70
2018-03-19,8,28,51
2018-03-20,8,28,54
2018-03-21,8,28,57
2018-03-22,8,28,60
2018-03-23,8,28,63
2018-03-24,8,28,66
2018-03-25,8,28,70
2018-03-26,8,28,50
2018-03-27,8,28,53
2018-03-28,8,28,57
2018-03-29,8,28,60
2018-03-30,8,28,63
2018-03-31,8,28,66
2018-01-01,9,28,50
2018-01-02,9,28,53
2018-01-03,9,28,56
2018-01-04,9,28,59
2018-01-05,9,28,62
2018-01-06,9,28,65
2018-01-07,9,28,69
2018-01-08,9,28,49
2018-01-09,9,28,53
2018-01-10,9,28,56
2018-01-11,9,28,59
2018-01-12,9,28,62
2018-01-13,9,28,65
2018-01-14,9,28,68
2018-01-15,9,28,49
2018-01-16,9,28,52
2018-01-17,9,28,55
2018-01-18,9,28,59
2018-01-19,9,28,62
2018-01-20,9,28,65
2018-01-21,9,28,68
2018-01-22,9,28,49
2018-01-23,9,28,52
2018-01-24,9,28,55
2018-01-25,9,28,58
2018-01-26,9,28,61
2018-01-27,9,28,65
2018-01-28,9,28,68
2018-01-29,9,28,49
2018-01-30,9,28,52
2018-01-31,9,28,55
2018-02-01,9,28,60
2018-02-02,9,28,63
2018-02-03,9,28,66
2018-02-04,9,28,69
2018-02-05,9,28,50
2018-02-06,9,28,53
2018-02-07,9,28,57
2018-02-08,9,28,60
2018-02-09,9,28,63
2018-02-10,9,28,66
2018-02-11,9,28,69
2018-02-12,9,28,50
2018-02-13,9,28,53
2018-02-14,9,28,56
2018-02-15,9,28,59
2018-02-16,9,28,63
2018-02-17,9,28,66
2018-02-18,9,28,69
2018-02-19,9,28,50
2018-02-20,9,28,53
2018-02-21,9,28,56
2018-02-22,9,28,59
2018-02-23,9,28,62
2018-02-24,9,28,65
2018-02-25,9,28,69
2018-02-26,9,28,49
2018-02-27,9,28,53
2018-02-28,9,28,56
2018-03-01,9,28,61
2018-03-02,9,28,64
2018-03-03,9,28,67
2018-03-04,9,28,70
2018-03-05,9,28,51
2018-03-06,9,28,54
2018-03-07,9,28,57
2018-03-08,9,28,61
2018-03-09,9,28,64
2018-03-10,9,28,67
2018-03-11,9,28,70
2018-03-12,9,28,51
2018-03-13,9,28,54
2018-03-14,9,28,57
2018-03-15,9,28,60
2018-03-16,9,28,63
2018-03-17,9,28,67
2018-03-18,9,28,70
2018-03-19,9,28,50
2018-03-20,9,28,54
2018-03-21,9,28,57
2018-03-22,9,28,60
2018-03-23,9,28,63
2018-03-24,9,28,66
2018-03-25,9,28,69
2018-03-26,9,28,50
2018-03-27,9,28,53
2018-03-28,9,28,57
2018-03-29,9,28,60
2018-03-30,9,28,63
2018-03-31,9,28,66
2018-01-01,10,28,50
2018-01-02,10,28,53
2018-01-03,10,28,56
2018-01-04,10,28,59
2018-01-05,10,28,62
2018-01-06,10,28,65
2018-01-07,10,28,69
2018-01-08,10,28,49
2018-01-09,10,28,52
2018-01-10,10,28,56
2018-01-11,10,28,59
2018-01-12,10,28,62
2018-01-13,10,28,65
2018-01-14,10,28,68
2018-01-15,10,28,49
2018-01-16,10,28,52
2018-01-17,10,28,55
2018-01-18,10,28,59
2018-01-19,10,28,62
2018-01-20,10,28,65
2018-01-21,10,28,68
2018-01-22,10,28,49
2018-01-23,10,28,52
2018-01-24,10,28,55
2018-01-25,10,28,58
2018-01-26,10,28,61
2018-01-27,10,28,65
2018-01-28,10,28,68
2018-01-29,10,28,48
2018-01-30,10,28,52
2018-01-31,10,28,55
2018-02-01,10,28,60
2018-02-02,10,28,63
2018-02-03,10,28,66
2018-02-04,10,28,69
2018-02-05,10,28,50
2018-02-06,10,28,53
2018-02-07,10,28,56
2018-02-08,10,28,60
2018-02-09,10,28,63
2018-02-10,10,28,66
2018-02-11,10,28,69
2018-02-12,10,28,50
2018-02-13,10,28,53
2018-02-14,10,28,56
2018-02-15,10,28,59
2018-02-16,10,28,63
2018-02-17,10,28,66
2018-02-18,10,28,69
2018-02-19,10,28,50
2018-02-20,10,28,53
2018-02-21,10,28,56
2018-02-22,10,28,59
2018-02-23,10,28,62
2018-02-24,10,28,65
2018-02-25,10,28,69
2018-02-26,10,28,49
2018-02-27,10,28,52
2018-02-28,10,28,56
2018-03-01,10,28,61
2018-03-02,10,28,64
2018-03-03,10,28,67
2018-03-04,10,28,70
2018-03-05,10,28,51
2018-03-06,10,28,54
2018-03-07,10,28,57
2018-03-08,10,28,60
2018-03-09,10,28,64
2018-03-10,10,28,67
2018-03-11,10,28,70
2018-03-12,10,28,51
2018-03-13,10,28,54
2018-03-14,10,28,57
2018-03-15,10,28,60
2018-03-16,10,28,63
2018-03-17,10,28,67
2018-03-18,10,28,70
2018-03-19,10,28,50
2018-03-20,10,28,54
2018-03-21,10,28,57
2018-03-22,10,28,60
2018-03-23,10,28,63
2018-03-24,10,28,66
2018-03-25,10,28,69
2018-03-26,10,28,50
2018-03-27,10,28,53
2018-03-28,10,28,56
2018-03-29,10,28,60
2018-03-30,10,28,63
2018-03-31,10,28,66
2018-01-01,1,29,50
2018-01-02,1,29,53
2018-01-03,1,29,56
2018-01-04,1,29,60
2018-01-05,1,29,63
2018-01-06,1,29,66
2018-01-07,1,29,69
2018-01-08,1,29,50
2018-01-09,1,29,53
2018-01-10,1,29,56
2018-01-11,1,29,59
2018-01-12,1,29,63
2018-01-13,1,29,66
2018-01-14,1,29,69
2018-01-15,1,29,50
2018-01-16,1,29,53
2018-01-17,1,29,56
2018-01-18,1,29,59
2018-01-19,1,29,62
2018-01-20,1,29,65
2018-01-21,1,29,69
2018-01-22,1,29,49
2018-01-23,1,29,53
2018-01-24,1,29,56
2018-01-25,1,29,59
2018-01-26,1,29,62
2018-01-27,1,29,65
2018-01-28,1,29,68
2018-01-29,1,29,49
2018-01-30,1,29,52
2018-01-31,1,29,55
2018-02-01,1,29,60
2018-02-02,1,29,64
2018-02-03,1,29,67
2018-02-04,1,29,70
2018-02-05,1,29,51
2018-02-06,1,29,54
2018-02-07,1,29,57
2018-02-08,1,29,60
2018-02-09,1,29,63
2018-02-10,1,29,67
2018-02-11,1,29,70
2018-02-12,1,29,50
2018-02-13,1,29,54
2018-02-14,1,29,57
2018-02-15,1,29,60
2018-02-16,1,29,63
2018-02-17,1,29,66
2018-02-18,1,29,69
2018-02-19,1,29,50
2018-02-20,1,29,53
2018-02-21,1,29,57
2018-02-22,1,29,60
2018-02-23,1,29,63
2018-02-24,1,29,66
2018-02-25,1,29,69
2018-02-26,1,29,50
2018-02-27,1,29,53
2018-02-28,1,29,56
2018-03-01,1,29,61
2018-03-02,1,29,64
2018-03-03,1,29,68
2018-03-04,1,29,71
2018-03-05,1,29,52
2018-03-06,1,29,55
2018-03-07,1,29,58
2018-03-08,1,29,61
2018-03-09,1,29,64
2018-03-10,1,29,67
2018-03-11,1,29,71
2018-03-12,1,29,51
2018-03-13,1,29,54
2018-03-14,1,29,58
2018-03-15,1,29,61
2018-03-16,1,29,64
2018-03-17,1,29,67
2018-03-18,1,29,70
2018-03-19,1,29,51
2018-03-20,1,29,54
2018-03-21,1,29,57
2018-03-22,1,29,60
2018-03-23,1,29,64
2018-03-24,1,29,67
2018-03-25,1,29,70
2018-03-26,1,29,51
2018-03-27,1,29,54
2018-03-28,1,29,57
2018-03-29,1,29,60
2018-03-30,1,29,63
2018-03-31,1,29,67
2018-01-01,2,29,50
2018-01-02,2,29,53
2018-01-03,2,29,56
2018-01-04,2,29,60
2018-01-05,2,29,63
2018-01-06,2,29,66
2018-01-07,2,29,69
2018-01-08,2,29,50
2018-01-09,2,29,53
2018-01-10,2,29,56
2018-01-11,2,29,59
2018-01-12,2,29,62
2018-01-13,2,29,66
2018-01-14,2,29,69
2018-01-15,2,29,50
2018-01-16,2,29,53
2018-01-17,2,29,56
2018-01-18,2,29,59
2018-01-19,2,29,62
2018-01-20,2,29,65
2018-01-21,2,29,69
2018-01-22,2,29,49
2018-01-23,2,29,52
2018-01-24,2,29,56
2018-01-25,2,29,59
2018-01-26,2,29,62
2018-01-27,2,29,65
2018-01-28,2,29,68
2018-01-29,2,29,49
2018-01-30,2,29,52
2018-01-31,2,29,55
2018-02-01,2,29,60
2018-02-02,2,29,64
2018-02-03,2,29,67
2018-02-04,2,29,70
2018-02-05,2,29,51
2018-02-06,2,29,54
2018-02-07,2,29,57
2018-02-08,2,29,60
2018-02-09,2,29,63
2018-02-10,2,29,66
2018-02-11,2,29,70
2018-02-12,2,29,50
2018-02-13,2,29,54
2018-02-14,2,29,57
2018-02-15,2,29,60
2018-02-16,2,29,63
2018-02-17,2,29,66
2018-02-18,2,29,69
2018-02-19,2,29,50
2018-02-20,2,29,53
2018-02-21,2,29,56
2018-02-22,2,29,60
2018-02-23,2,29,63
2018-02-24,2,29,66
2018-02-25,2,29,69
2018-02-26,2,29,50
2018-02-27,2,29,53
2018-02-28,2,29,56
2018-03-01,2,29,61
2018-03-02,2,29,64
2018-03-03,2,29,68
2018-03-04,2,29,71
2018-03-05,2,29,51
2018-03-06,2,29,55
2018-03-07,2,29,58
2018-03-08,2,29,61
2018-03-09,2,29,64
2018-03-10,2,29,67
2018-03-11,2,29,70
2018-03-12,2,29,51
2018-03-13,2,29,54
2018-03-14,2,29,58
2018-03-15,2,29,61
2018-03-16,2,29,64
2018-03-17,2,29,67
2018-03-18,2,29,70
2018-03-19,2,29,51
2018-03-20,2,29,54
2018-03-21,2,29,57
2018-03-22,2,29,60
2018-03-23,2,29,64
2018-03-24,2,29,67
2018-03-25,2,29,70
2018-03-26,2,29,51
2018-03-27,2,29,54
2018-03-28,2,29,57
2018-03-29,2,29,60
2018-03-30,2,29,63
2018-03-31,2,29,66
2018-01-01,3,29,50
2018-01-02,3,29,53
2018-01-03,3,29,56
2018-01-04,3,29,59
2018-01-05,3,29,63
2018-01-06,3,29,66
2018-01-07,3,29,69
2018-01-08,3,29,50
2018-01-09,3,29,53
2018-01-10,3,29,56
2018-01-11,3,29,59
2018-01-12,3,29,62
2018-01-13,3,29,66
2018-01-14,3,29,69
2018-01-15,3,29,49
2018-01-16,3,29,53
2018-01-17,3,29,56
2018-01-18,3,29,59
2018-01-19,3,29,62
2018-01-20,3,29,65
2018-01-21,3,29,68
2018-01-22,3,29,49
2018-01-23,3,29,52
2018-01-24,3,29,56
2018-01-25,3,29,59
2018-01-26,3,29,62
2018-01-27,3,29,65
2018-01-28,3,29,68
2018-01-29,3,29,49
2018-01-30,3,29,52
2018-01-31,3,29,55
2018-02-01,3,29,60
2018-02-02,3,29,63
2018-02-03,3,29,67
2018-02-04,3,29,70
2018-02-05,3,29,51
2018-02-06,3,29,54
2018-02-07,3,29,57
2018-02-08,3,29,60
2018-02-09,3,29,63
2018-02-10,3,29,66
2018-02-11,3,29,70
2018-02-12,3,29,50
2018-02-13,3,29,53
2018-02-14,3,29,57
2018-02-15,3,29,60
2018-02-16,3,29,63
2018-02-17,3,29,66
2018-02-18,3,29,69
2018-02-19,3,29,50
2018-02-20,3,29,53
2018-02-21,3,29,56
2018-02-22,3,29,60
2018-02-23,3,29,63
2018-02-24,3,29,66
2018-02-25,3,29,69
2018-02-26,3,29,50
2018-02-27,3,29,53
2018-02-28,3,29,56
2018-03-01,3,29,61
2018-03-02,3,29,64
2018-03-03,3,29,67
2018-03-04,3,29,71
2018-03-05,3,29,51
2018-03-06,3,29,55
2018-03-07,3,29,58
2018-03-08,3,29,61
2018-03-09,3,29,64
2018-03-10,3,29,67
2018-03-11,3,29,70
2018-03-12,3,29,51
2018-03-13,3,29,54
2018-03-14,3,29,57
2018-03-15,3,29,61
2018-03-16,3,29,64
2018-03-17,3,29,67
2018-03-18,3,29,70
2018-03-19,3,29,51
2018-03-20,3,29,54
2018-03-21,3,29,57
2018-03-22,3,29,60
2018-03-23,3,29,64
2018-03-24,3,29,67
2018-03-25,3,29,70
2018-03-26,3,29,51
2018-03-27,3,29,54
2018-03-28,3,29,57
2018-03-29,3,29,60
2018-03-30,3,29,63
2018-03-31,3,29,66
2018-01-01,4,29,50
2018-01-02,4,29,53
2018-01-03,4,29,56
2018-01-04,4,29,59
2018-01-05,4,29,63
2018-01-06,4,29,66
2018-01-07,4,29,69
2018-01-08,4,29,50
2018-01-09,4,29,53
2018-01-10,4,29,56
2018-01-11,4,29,59
2018-01-12,4,29,62
2018-01-13,4,29,65
2018-01-14,4,29,69
2018-01-15,4,29,49
2018-01-16,4,29,53
2018-01-17,4,29,56
2018-01-18,4,29,59
2018-01-19,4,29,62
2018-01-20,4,29,65
2018-01-21,4,29,68
2018-01-22,4,29,49
2018-01-23,4,29,52
2018-01-24,4,29,55
2018-01-25,4,29,59
2018-01-26,4,29,62
2018-01-27,4,29,65
2018-01-28,4,29,68
2018-01-29,4,29,49
2018-01-30,4,29,52
2018-01-31,4,29,55
2018-02-01,4,29,60
2018-02-02,4,29,63
2018-02-03,4,29,67
2018-02-04,4,29,70
2018-02-05,4,29,50
2018-02-06,4,29,54
2018-02-07,4,29,57
2018-02-08,4,29,60
2018-02-09,4,29,63
2018-02-10,4,29,66
2018-02-11,4,29,69
2018-02-12,4,29,50
2018-02-13,4,29,53
2018-02-14,4,29,57
2018-02-15,4,29,60
2018-02-16,4,29,63
2018-02-17,4,29,66
2018-02-18,4,29,69
2018-02-19,4,29,50
2018-02-20,4,29,53
2018-02-21,4,29,56
2018-02-22,4,29,59
2018-02-23,4,29,63
2018-02-24,4,29,66
2018-02-25,4,29,69
2018-02-26,4,29,50
2018-02-27,4,29,53
2018-02-28,4,29,56
2018-03-01,4,29,61
2018-03-02,4,29,64
2018-03-03,4,29,67
2018-03-04,4,29,71
2018-03-05,4,29,51
2018-03-06,4,29,54
2018-03-07,4,29,58
2018-03-08,4,29,61
2018-03-09,4,29,64
2018-03-10,4,29,67
2018-03-11,4,29,70
2018-03-12,4,29,51
2018-03-13,4,29,54
2018-03-14,4,29,57
2018-03-15,4,29,61
2018-03-16,4,29,64
2018-03-17,4,29,67
2018-03-18,4,29,70
2018-03-19,4,29,51
2018-03-20,4,29,54
2018-03-21,4,29,57
2018-03-22,4,29,60
2018-03-23,4,29,63
2018-03-24,4,29,67
2018-03-25,4,29,70
2018-03-26,4,29,50
2018-03-27,4,29,54
2018-03-28,4,29,57
2018-03-29,4,29,60
2018-03-30,4,29,63
2018-03-31,4,29,66
2018-01-01,5,29,50
2018-01-02,5,29,53
2018-01-03,5,29,56
2018-01-04,5,29,59
2018-01-05,5,29,63
2018-01-06,5,29,66
2018-01-07,5,29,69
2018-01-08,5,29,50
2018-01-09,5,29,53
2018-01-10,5,29,56
2018-01-11,5,29,59
2018-01-12,5,29,62
2018-01-13,5,29,65
2018-01-14,5,29,69
2018-01-15,5,29,49
2018-01-16,5,29,52
2018-01-17,5,29,56
2018-01-18,5,29,59
2018-01-19,5,29,62
2018-01-20,5,29,65
2018-01-21,5,29,68
2018-01-22,5,29,49
2018-01-23,5,29,52
2018-01-24,5,29,55
2018-01-25,5,29,59
2018-01-26,5,29,62
2018-01-27,5,29,65
2018-01-28,5,29,68
2018-01-29,5,29,49
2018-01-30,5,29,52
2018-01-31,5,29,55
2018-02-01,5,29,60
2018-02-02,5,29,63
2018-02-03,5,29,67
2018-02-04,5,29,70
2018-02-05,5,29,50
2018-02-06,5,29,54
2018-02-07,5,29,57
2018-02-08,5,29,60
2018-02-09,5,29,63
2018-02-10,5,29,66
2018-02-11,5,29,69
2018-02-12,5,29,50
2018-02-13,5,29,53
2018-02-14,5,29,56
2018-02-15,5,29,60
2018-02-16,5,29,63
2018-02-17,5,29,66
2018-02-18,5,29,69
2018-02-19,5,29,50
2018-02-20,5,29,53
2018-02-21,5,29,56
2018-02-22,5,29,59
2018-02-23,5,29,63
2018-02-24,5,29,66
2018-02-25,5,29,69
2018-02-26,5,29,50
2018-02-27,5,29,53
2018-02-28,5,29,56
2018-03-01,5,29,61
2018-03-02,5,29,64
2018-03-03,5,29,67
2018-03-04,5,29,71
2018-03-05,5,29,51
2018-03-06,5,29,54
2018-03-07,5,29,58
2018-03-08,5,29,61
2018-03-09,5,29,64
2018-03-10,5,29,67
2018-03-11,5,29,70
2018-03-12,5,29,51
2018-03-13,5,29,54
2018-03-14,5,29,57
2018-03-15,5,29,60
2018-03-16,5,29,64
2018-03-17,5,29,67
2018-03-18,5,29,70
2018-03-19,5,29,51
2018-03-20,5,29,54
2018-03-21,5,29,57
2018-03-22,5,29,60
2018-03-23,5,29,63
2018-03-24,5,29,67
2018-03-25,5,29,70
2018-03-26,5,29,50
2018-03-27,5,29,54
2018-03-28,5,29,57
2018-03-29,5,29,60
2018-03-30,5,29,63
2018-03-31,5,29,66
2018-01-01,6,29,50
2018-01-02,6,29,53
2018-01-03,6,29,56
2018-01-04,6,29,59
2018-01-05,6,29,62
2018-01-06,6,29,66
2018-01-07,6,29,69
2018-01-08,6,29,49
2018-01-09,6,29,53
2018-01-10,6,29,56
2018-01-11,6,29,59
2018-01-12,6,29,62
2018-01-13,6,29,65
2018-01-14,6,29,68
2018-01-15,6,29,49
2018-01-16,6,29,52
2018-01-17,6,29,56
2018-01-18,6,29,59
2018-01-19,6,29,62
2018-01-20,6,29,65
2018-01-21,6,29,68
2018-01-22,6,29,49
2018-01-23,6,29,52
2018-01-24,6,29,55
2018-01-25,6,29,58
2018-01-26,6,29,62
2018-01-27,6,29,65
2018-01-28,6,29,68
2018-01-29,6,29,49
2018-01-30,6,29,52
2018-01-31,6,29,55
2018-02-01,6,29,60
2018-02-02,6,29,63
2018-02-03,6,29,66
2018-02-04,6,29,70
2018-02-05,6,29,50
2018-02-06,6,29,53
2018-02-07,6,29,57
2018-02-08,6,29,60
2018-02-09,6,29,63
2018-02-10,6,29,66
2018-02-11,6,29,69
2018-02-12,6,29,50
2018-02-13,6,29,53
2018-02-14,6,29,56
2018-02-15,6,29,60
2018-02-16,6,29,63
2018-02-17,6,29,66
2018-02-18,6,29,69
2018-02-19,6,29,50
2018-02-20,6,29,53
2018-02-21,6,29,56
2018-02-22,6,29,59
2018-02-23,6,29,62
2018-02-24,6,29,66
2018-02-25,6,29,69
2018-02-26,6,29,50
2018-02-27,6,29,53
2018-02-28,6,29,56
2018-03-01,6,29,61
2018-03-02,6,29,64
2018-03-03,6,29,67
2018-03-04,6,29,70
2018-03-05,6,29,51
2018-03-06,6,29,54
2018-03-07,6,29,57
2018-03-08,6,29,61
2018-03-09,6,29,64
2018-03-10,6,29,67
2018-03-11,6,29,70
2018-03-12,6,29,51
2018-03-13,6,29,54
2018-03-14,6,29,57
2018-03-15,6,29,60
2018-03-16,6,29,64
2018-03-17,6,29,67
2018-03-18,6,29,70
2018-03-19,6,29,51
2018-03-20,6,29,54
2018-03-21,6,29,57
2018-03-22,6,29,60
2018-03-23,6,29,63
2018-03-24,6,29,66
2018-03-25,6,29,70
2018-03-26,6,29,50
2018-03-27,6,29,54
2018-03-28,6,29,57
2018-03-29,6,29,60
2018-03-30,6,29,63
2018-03-31,6,29,66
2018-01-01,7,29,50
2018-01-02,7,29,53
2018-01-03,7,29,56
2018-01-04,7,29,59
2018-01-05,7,29,62
2018-01-06,7,29,66
2018-01-07,7,29,69
2018-01-08,7,29,49
2018-01-09,7,29,53
2018-01-10,7,29,56
2018-01-11,7,29,59
2018-01-12,7,29,62
2018-01-13,7,29,65
2018-01-14,7,29,68
2018-01-15,7,29,49
2018-01-16,7,29,52
2018-01-17,7,29,55
2018-01-18,7,29,59
2018-01-19,7,29,62
2018-01-20,7,29,65
2018-01-21,7,29,68
2018-01-22,7,29,49
2018-01-23,7,29,52
2018-01-24,7,29,55
2018-01-25,7,29,58
2018-01-26,7,29,62
2018-01-27,7,29,65
2018-01-28,7,29,68
2018-01-29,7,29,49
2018-01-30,7,29,52
2018-01-31,7,29,55
2018-02-01,7,29,60
2018-02-02,7,29,63
2018-02-03,7,29,66
2018-02-04,7,29,70
2018-02-05,7,29,50
2018-02-06,7,29,53
2018-02-07,7,29,57
2018-02-08,7,29,60
2018-02-09,7,29,63
2018-02-10,7,29,66
2018-02-11,7,29,69
2018-02-12,7,29,50
2018-02-13,7,29,53
2018-02-14,7,29,56
2018-02-15,7,29,59
2018-02-16,7,29,63
2018-02-17,7,29,66
2018-02-18,7,29,69
2018-02-19,7,29,50
2018-02-20,7,29,53
2018-02-21,7,29,56
2018-02-22,7,29,59
2018-02-23,7,29,62
2018-02-24,7,29,66
2018-02-25,7,29,69
2018-02-26,7,29,49
2018-02-27,7,29,53
2018-02-28,7,29,56
2018-03-01,7,29,61
2018-03-02,7,29,64
2018-03-03,7,29,67
2018-03-04,7,29,70
2018-03-05,7,29,51
2018-03-06,7,29,54
2018-03-07,7,29,57
2018-03-08,7,29,61
2018-03-09,7,29,64
2018-03-10,7,29,67
2018-03-11,7,29,70
2018-03-12,7,29,51
2018-03-13,7,29,54
2018-03-14,7,29,57
2018-03-15,7,29,60
2018-03-16,7,29,63
2018-03-17,7,29,67
2018-03-18,7,29,70
2018-03-19,7,29,51
2018-03-20,7,29,54
2018-03-21,7,29,57
2018-03-22,7,29,60
2018-03-23,7,29,63
2018-03-24,7,29,66
2018-03-25,7,29,70
2018-03-26,7,29,50
2018-03-27,7,29,53
2018-03-28,7,29,57
2018-03-29,7,29,60
2018-03-30,7,29,63
2018-03-31,7,29,66
2018-01-01,8,29,50
2018-01-02,8,29,53
2018-01-03,8,29,56
2018-01-04,8,29,59
2018-01-05,8,29,62
2018-01-06,8,29,65
2018-01-07,8,29,69
2018-01-08,8,29,49
2018-01-09,8,29,53
2018-01-10,8,29,56
2018-01-11,8,29,59
2018-01-12,8,29,62
2018-01-13,8,29,65
2018-01-14,8,29,68
2018-01-15,8,29,49
2018-01-16,8,29,52
2018-01-17,8,29,55
2018-01-18,8,29,59
2018-01-19,8,29,62
2018-01-20,8,29,65
2018-01-21,8,29,68
2018-01-22,8,29,49
2018-01-23,8,29,52
2018-01-24,8,29,55
2018-01-25,8,29,58
2018-01-26,8,29,61
2018-01-27,8,29,65
2018-01-28,8,29,68
2018-01-29,8,29,49
2018-01-30,8,29,52
2018-01-31,8,29,55
2018-02-01,8,29,60
2018-02-02,8,29,63
2018-02-03,8,29,66
2018-02-04,8,29,69
2018-02-05,8,29,50
2018-02-06,8,29,53
2018-02-07,8,29,57
2018-02-08,8,29,60
2018-02-09,8,29,63
2018-02-10,8,29,66
2018-02-11,8,29,69
2018-02-12,8,29,50
2018-02-13,8,29,53
2018-02-14,8,29,56
2018-02-15,8,29,59
2018-02-16,8,29,63
2018-02-17,8,29,66
2018-02-18,8,29,69
2018-02-19,8,29,50
2018-02-20,8,29,53
2018-02-21,8,29,56
2018-02-22,8,29,59
2018-02-23,8,29,62
2018-02-24,8,29,65
2018-02-25,8,29,69
2018-02-26,8,29,49
2018-02-27,8,29,53
2018-02-28,8,29,56
2018-03-01,8,29,61
2018-03-02,8,29,64
2018-03-03,8,29,67
2018-03-04,8,29,70
2018-03-05,8,29,51
2018-03-06,8,29,54
2018-03-07,8,29,57
2018-03-08,8,29,60
2018-03-09,8,29,64
2018-03-10,8,29,67
2018-03-11,8,29,70
2018-03-12,8,29,51
2018-03-13,8,29,54
2018-03-14,8,29,57
2018-03-15,8,29,60
2018-03-16,8,29,63
2018-03-17,8,29,67
2018-03-18,8,29,70
2018-03-19,8,29,50
2018-03-20,8,29,54
2018-03-21,8,29,57
2018-03-22,8,29,60
2018-03-23,8,29,63
2018-03-24,8,29,66
2018-03-25,8,29,69
2018-03-26,8,29,50
2018-03-27,8,29,53
2018-03-28,8,29,57
2018-03-29,8,29,60
2018-03-30,8,29,63
2018-03-31,8,29,66
2018-01-01,9,29,50
2018-01-02,9,29,53
2018-01-03,9,29,56
2018-01-04,9,29,59
2018-01-05,9,29,62
2018-01-06,9,29,65
2018-01-07,9,29,69
2018-01-08,9,29,49
2018-01-09,9,29,52
2018-01-10,9,29,56
2018-01-11,9,29,59
2018-01-12,9,29,62
2018-01-13,9,29,65
2018-01-14,9,29,68
2018-01-15,9,29,49
2018-01-16,9,29,52
2018-01-17,9,29,55
2018-01-18,9,29,58
2018-01-19,9,29,62
2018-01-20,9,29,65
2018-01-21,9,29,68
2018-01-22,9,29,49
2018-01-23,9,29,52
2018-01-24,9,29,55
2018-01-25,9,29,58
2018-01-26,9,29,61
2018-01-27,9,29,65
2018-01-28,9,29,68
2018-01-29,9,29,48
2018-01-30,9,29,52
2018-01-31,9,29,55
2018-02-01,9,29,60
2018-02-02,9,29,63
2018-02-03,9,29,66
2018-02-04,9,29,69
2018-02-05,9,29,50
2018-02-06,9,29,53
2018-02-07,9,29,56
2018-02-08,9,29,60
2018-02-09,9,29,63
2018-02-10,9,29,66
2018-02-11,9,29,69
2018-02-12,9,29,50
2018-02-13,9,29,53
2018-02-14,9,29,56
2018-02-15,9,29,59
2018-02-16,9,29,62
2018-02-17,9,29,66
2018-02-18,9,29,69
2018-02-19,9,29,50
2018-02-20,9,29,53
2018-02-21,9,29,56
2018-02-22,9,29,59
2018-02-23,9,29,62
2018-02-24,9,29,65
2018-02-25,9,29,69
2018-02-26,9,29,49
2018-02-27,9,29,52
2018-02-28,9,29,56
2018-03-01,9,29,61
2018-03-02,9,29,64
2018-03-03,9,29,67
2018-03-04,9,29,70
2018-03-05,9,29,51
2018-03-06,9,29,54
2018-03-07,9,29,57
2018-03-08,9,29,60
2018-03-09,9,29,64
2018-03-10,9,29,67
2018-03-11,9,29,70
2018-03-12,9,29,51
2018-03-13,9,29,54
2018-03-14,9,29,57
2018-03-15,9,29,60
2018-03-16,9,29,63
2018-03-17,9,29,66
2018-03-18,9,29,70
2018-03-19,9,29,50
2018-03-20,9,29,54
2018-03-21,9,29,57
2018-03-22,9,29,60
2018-03-23,9,29,63
2018-03-24,9,29,66
2018-03-25,9,29,69
2018-03-26,9,29,50
2018-03-27,9,29,53
2018-03-28,9,29,56
2018-03-29,9,29,60
2018-03-30,9,29,63
2018-03-31,9,29,66
2018-01-01,10,29,49
2018-01-02,10,29,53
2018-01-03,10,29,56
2018-01-04,10,29,59
2018-01-05,10,29,62
2018-01-06,10,29,65
2018-01-07,10,29,68
2018-01-08,10,29,49
2018-01-09,10,29,52
2018-01-10,10,29,56
2018-01-11,10,29,59
2018-01-12,10,29,62
2018-01-13,10,29,65
2018-01-14,10,29,68
2018-01-15,10,29,49
2018-01-16,10,29,52
2018-01-17,10,29,55
2018-01-18,10,29,58
2018-01-19,10,29,62
2018-01-20,10,29,65
2018-01-21,10,29,68
2018-01-22,10,29,49
2018-01-23,10,29,52
2018-01-24,10,29,55
2018-01-25,10,29,58
2018-01-26,10,29,61
2018-01-27,10,29,64
2018-01-28,10,29,68
2018-01-29,10,29,48
2018-01-30,10,29,52
2018-01-31,10,29,55
2018-02-01,10,29,60
2018-02-02,10,29,63
2018-02-03,10,29,66
2018-02-04,10,29,69
2018-02-05,10,29,50
2018-02-06,10,29,53
2018-02-07,10,29,56
2018-02-08,10,29,60
2018-02-09,10,29,63
2018-02-10,10,29,66
2018-02-11,10,29,69
2018-02-12,10,29,50
2018-02-13,10,29,53
2018-02-14,10,29,56
2018-02-15,10,29,59
2018-02-16,10,29,62
2018-02-17,10,29,66
2018-02-18,10,29,69
2018-02-19,10,29,49
2018-02-20,10,29,53
2018-02-21,10,29,56
2018-02-22,10,29,59
2018-02-23,10,29,62
2018-02-24,10,29,65
2018-02-25,10,29,68
2018-02-26,10,29,49
2018-02-27,10,29,52
2018-02-28,10,29,56
2018-03-01,10,29,61
2018-03-02,10,29,64
2018-03-03,10,29,67
2018-03-04,10,29,70
2018-03-05,10,29,51
2018-03-06,10,29,54
2018-03-07,10,29,57
2018-03-08,10,29,60
2018-03-09,10,29,64
2018-03-10,10,29,67
2018-03-11,10,29,70
2018-03-12,10,29,51
2018-03-13,10,29,54
2018-03-14,10,29,57
2018-03-15,10,29,60
2018-03-16,10,29,63
2018-03-17,10,29,66
2018-03-18,10,29,70
2018-03-19,10,29,50
2018-03-20,10,29,53
2018-03-21,10,29,57
2018-03-22,10,29,60
2018-03-23,10,29,63
2018-03-24,10,29,66
2018-03-25,10,29,69
2018-03-26,10,29,50
2018-03-27,10,29,53
2018-03-28,10,29,56
2018-03-29,10,29,60
2018-03-30,10,29,63
2018-03-31,10,29,66
2018-01-01,1,30,50
2018-01-02,1,30,53
2018-01-03,1,30,56
2018-01-04,1,30,60
2018-01-05,1,30,63
2018-01-06,1,30,66
2018-01-07,1,30,69
2018-01-08,1,30,50
2018-01-09,1,30,53
2018-01-10,1,30,56
2018-01-11,1,30,59
2018-01-12,1,30,62
2018-01-13,1,30,66
2018-01-14,1,30,69
2018-01-15,1,30,49
2018-01-16,1,30,53
2018-01-17,1,30,56
2018-01-18,1,30,59
2018-01-19,1,30,62
2018-01-20,1,30,65
2018-01-21,1,30,68
2018-01-22,1,30,49
2018-01-23,1,30,52
2018-01-24,1,30,56
2018-01-25,1,30,59
2018-01-26,1,30,62
2018-01-27,1,30,65
2018-01-28,1,30,68
2018-01-29,1,30,49
2018-01-30,1,30,52
2018-01-31,1,30,55
2018-02-01,1,30,60
2018-02-02,1,30,64
2018-02-03,1,30,67
2018-02-04,1,30,70
2018-02-05,1,30,51
2018-02-06,1,30,54
2018-02-07,1,30,57
2018-02-08,1,30,60
2018-02-09,1,30,63
2018-02-10,1,30,66
2018-02-11,1,30,70
2018-02-12,1,30,50
2018-02-13,1,30,53
2018-02-14,1,30,57
2018-02-15,1,30,60
2018-02-16,1,30,63
2018-02-17,1,30,66
2018-02-18,1,30,69
2018-02-19,1,30,50
2018-02-20,1,30,53
2018-02-21,1,30,56
2018-02-22,1,30,60
2018-02-23,1,30,63
2018-02-24,1,30,66
2018-02-25,1,30,69
2018-02-26,1,30,50
2018-02-27,1,30,53
2018-02-28,1,30,56
2018-03-01,1,30,61
2018-03-02,1,30,64
2018-03-03,1,30,68
2018-03-04,1,30,71
2018-03-05,1,30,51
2018-03-06,1,30,55
2018-03-07,1,30,58
2018-03-08,1,30,61
2018-03-09,1,30,64
2018-03-10,1,30,67
2018-03-11,1,30,70
2018-03-12,1,30,51
2018-03-13,1,30,54
2018-03-14,1,30,57
2018-03-15,1,30,61
2018-03-16,1,30,64
2018-03-17,1,30,67
2018-03-18,1,30,70
2018-03-19,1,30,51
2018-03-20,1,30,54
2018-03-21,1,30,57
2018-03-22,1,30,60
2018-03-23,1,30,64
2018-03-24,1,30,67
2018-03-25,1,30,70
2018-03-26,1,30,51
2018-03-27,1,30,54
2018-03-28,1,30,57
2018-03-29,1,30,60
2018-03-30,1,30,63
2018-03-31,1,30,66
2018-01-01,2,30,50
2018-01-02,2,30,53
2018-01-03,2,30,56
2018-01-04,2,30,59
2018-01-05,2,30,63
2018-01-06,2,30,66
2018-01-07,2,30,69
2018-01-08,2,30,50
2018-01-09,2,30,53
2018-01-10,2,30,56
2018-01-11,2,30,59
2018-01-12,2,30,62
2018-01-13,2,30,66
2018-01-14,2,30,69
2018-01-15,2,30,49
2018-01-16,2,30,53
2018-01-17,2,30,56
2018-01-18,2,30,59
2018-01-19,2,30,62
2018-01-20,2,30,65
2018-01-21,2,30,68
2018-01-22,2,30,49
2018-01-23,2,30,52
2018-01-24,2,30,55
2018-01-25,2,30,59
2018-01-26,2,30,62
2018-01-27,2,30,65
2018-01-28,2,30,68
2018-01-29,2,30,49
2018-01-30,2,30,52
2018-01-31,2,30,55
2018-02-01,2,30,60
2018-02-02,2,30,63
2018-02-03,2,30,67
2018-02-04,2,30,70
2018-02-05,2,30,51
2018-02-06,2,30,54
2018-02-07,2,30,57
2018-02-08,2,30,60
2018-02-09,2,30,63
2018-02-10,2,30,66
2018-02-11,2,30,70
2018-02-12,2,30,50
2018-02-13,2,30,53
2018-02-14,2,30,57
2018-02-15,2,30,60
2018-02-16,2,30,63
2018-02-17,2,30,66
2018-02-18,2,30,69
2018-02-19,2,30,50
2018-02-20,2,30,53
2018-02-21,2,30,56
2018-02-22,2,30,59
2018-02-23,2,30,63
2018-02-24,2,30,66
2018-02-25,2,30,69
2018-02-26,2,30,50
2018-02-27,2,30,53
2018-02-28,2,30,56
2018-03-01,2,30,61
2018-03-02,2,30,64
2018-03-03,2,30,67
2018-03-04,2,30,71
2018-03-05,2,30,51
2018-03-06,2,30,55
2018-03-07,2,30,58
2018-03-08,2,30,61
2018-03-09,2,30,64
2018-03-10,2,30,67
2018-03-11,2,30,70
2018-03-12,2,30,51
2018-03-13,2,30,54
2018-03-14,2,30,57
2018-03-15,2,30,61
2018-03-16,2,30,64
2018-03-17,2,30,67
2018-03-18,2,30,70
2018-03-19,2,30,51
2018-03-20,2,30,54
2018-03-21,2,30,57
2018-03-22,2,30,60
2018-03-23,2,30,63
2018-03-24,2,30,67
2018-03-25,2,30,70
2018-03-26,2,30,51
2018-03-27,2,30,54
2018-03-28,2,30,57
2018-03-29,2,30,60
2018-03-30,2,30,63
2018-03-31,2,30,66
2018-01-01,3,30,50
2018-01-02,3,30,53
2018-01-03,3,30,56
2018-01-04,3,30,59
2018-01-05,3,30,63
2018-01-06,3,30,66
2018-01-07,3,30,69
2018-01-08,3,30,50
2018-01-09,3,30,53
2018-01-10,3,30,56
2018-01-11,3,30,59
2018-01-12,3,30,62
2018-01-13,3,30,65
2018-01-14,3,30,69
2018-01-15,3,30,49
2018-01-16,3,30,53
2018-01-17,3,30,56
2018-01-18,3,30,59
2018-01-19,3,30,62
2018-01-20,3,30,65
2018-01-21,3,30,68
2018-01-22,3,30,49
2018-01-23,3,30,52
2018-01-24,3,30,55
2018-01-25,3,30,59
2018-01-26,3,30,62
2018-01-27,3,30,65
2018-01-28,3,30,68
2018-01-29,3,30,49
2018-01-30,3,30,52
2018-01-31,3,30,55
2018-02-01,3,30,60
2018-02-02,3,30,63
2018-02-03,3,30,67
2018-02-04,3,30,70
2018-02-05,3,30,50
2018-02-06,3,30,54
2018-02-07,3,30,57
2018-02-08,3,30,60
2018-02-09,3,30,63
2018-02-10,3,30,66
2018-02-11,3,30,69
2018-02-12,3,30,50
2018-02-13,3,30,53
2018-02-14,3,30,57
2018-02-15,3,30,60
2018-02-16,3,30,63
2018-02-17,3,30,66
2018-02-18,3,30,69
2018-02-19,3,30,50
2018-02-20,3,30,53
2018-02-21,3,30,56
2018-02-22,3,30,59
2018-02-23,3,30,63
2018-02-24,3,30,66
2018-02-25,3,30,69
2018-02-26,3,30,50
2018-02-27,3,30,53
2018-02-28,3,30,56
2018-03-01,3,30,61
2018-03-02,3,30,64
2018-03-03,3,30,67
2018-03-04,3,30,71
2018-03-05,3,30,51
2018-03-06,3,30,54
2018-03-07,3,30,58
2018-03-08,3,30,61
2018-03-09,3,30,64
2018-03-10,3,30,67
2018-03-11,3,30,70
2018-03-12,3,30,51
2018-03-13,3,30,54
2018-03-14,3,30,57
2018-03-15,3,30,61
2018-03-16,3,30,64
2018-03-17,3,30,67
2018-03-18,3,30,70
2018-03-19,3,30,51
2018-03-20,3,30,54
2018-03-21,3,30,57
2018-03-22,3,30,60
2018-03-23,3,30,63
2018-03-24,3,30,67
2018-03-25,3,30,70
2018-03-26,3,30,50
2018-03-27,3,30,54
2018-03-28,3,30,57
2018-03-29,3,30,60
2018-03-30,3,30,63
2018-03-31,3,30,66
2018-01-01,4,30,50
2018-01-02,4,30,53
2018-01-03,4,30,56
2018-01-04,4,30,59
2018-01-05,4,30,62
2018-01-06,4,30,66
2018-01-07,4,30,69
2018-01-08,4,30,50
2018-01-09,4,30,53
2018-01-10,4,30,56
2018-01-11,4,30,59
2018-01-12,4,30,62
2018-01-13,4,30,65
2018-01-14,4,30,69
2018-01-15,4,30,49
2018-01-16,4,30,52
2018-01-17,4,30,56
2018-01-18,4,30,59
2018-01-19,4,30,62
2018-01-20,4,30,65
2018-01-21,4,30,68
2018-01-22,4,30,49
2018-01-23,4,30,52
2018-01-24,4,30,55
2018-01-25,4,30,58
2018-01-26,4,30,62
2018-01-27,4,30,65
2018-01-28,4,30,68
2018-01-29,4,30,49
2018-01-30,4,30,52
2018-01-31,4,30,55
2018-02-01,4,30,60
2018-02-02,4,30,63
2018-02-03,4,30,66
2018-02-04,4,30,70
2018-02-05,4,30,50
2018-02-06,4,30,54
2018-02-07,4,30,57
2018-02-08,4,30,60
2018-02-09,4,30,63
2018-02-10,4,30,66
2018-02-11,4,30,69
2018-02-12,4,30,50
2018-02-13,4,30,53
2018-02-14,4,30,56
2018-02-15,4,30,60
2018-02-16,4,30,63
2018-02-17,4,30,66
2018-02-18,4,30,69
2018-02-19,4,30,50
2018-02-20,4,30,53
2018-02-21,4,30,56
2018-02-22,4,30,59
2018-02-23,4,30,62
2018-02-24,4,30,66
2018-02-25,4,30,69
2018-02-26,4,30,50
2018-02-27,4,30,53
2018-02-28,4,30,56
2018-03-01,4,30,61
2018-03-02,4,30,64
2018-03-03,4,30,67
2018-03-04,4,30,70
2018-03-05,4,30,51
2018-03-06,4,30,54
2018-03-07,4,30,58
2018-03-08,4,30,61
2018-03-09,4,30,64
2018-03-10,4,30,67
2018-03-11,4,30,70
2018-03-12,4,30,51
2018-03-13,4,30,54
2018-03-14,4,30,57
2018-03-15,4,30,60
2018-03-16,4,30,64
2018-03-17,4,30,67
2018-03-18,4,30,70
2018-03-19,4,30,51
2018-03-20,4,30,54
2018-03-21,4,30,57
2018-03-22,4,30,60
2018-03-23,4,30,63
2018-03-24,4,30,66
2018-03-25,4,30,70
2018-03-26,4,30,50
2018-03-27,4,30,54
2018-03-28,4,30,57
2018-03-29,4,30,60
2018-03-30,4,30,63
2018-03-31,4,30,66
2018-01-01,5,30,50
2018-01-02,5,30,53
2018-01-03,5,30,56
2018-01-04,5,30,59
2018-01-05,5,30,62
2018-01-06,5,30,66
2018-01-07,5,30,69
2018-01-08,5,30,49
2018-01-09,5,30,53
2018-01-10,5,30,56
2018-01-11,5,30,59
2018-01-12,5,30,62
2018-01-13,5,30,65
2018-01-14,5,30,68
2018-01-15,5,30,49
2018-01-16,5,30,52
2018-01-17,5,30,56
2018-01-18,5,30,59
2018-01-19,5,30,62
2018-01-20,5,30,65
2018-01-21,5,30,68
2018-01-22,5,30,49
2018-01-23,5,30,52
2018-01-24,5,30,55
2018-01-25,5,30,58
2018-01-26,5,30,62
2018-01-27,5,30,65
2018-01-28,5,30,68
2018-01-29,5,30,49
2018-01-30,5,30,52
2018-01-31,5,30,55
2018-02-01,5,30,60
2018-02-02,5,30,63
2018-02-03,5,30,66
2018-02-04,5,30,70
2018-02-05,5,30,50
2018-02-06,5,30,53
2018-02-07,5,30,57
2018-02-08,5,30,60
2018-02-09,5,30,63
2018-02-10,5,30,66
2018-02-11,5,30,69
2018-02-12,5,30,50
2018-02-13,5,30,53
2018-02-14,5,30,56
2018-02-15,5,30,60
2018-02-16,5,30,63
2018-02-17,5,30,66
2018-02-18,5,30,69
2018-02-19,5,30,50
2018-02-20,5,30,53
2018-02-21,5,30,56
2018-02-22,5,30,59
2018-02-23,5,30,62
2018-02-24,5,30,66
2018-02-25,5,30,69
2018-02-26,5,30,49
2018-02-27,5,30,53
2018-02-28,5,30,56
2018-03-01,5,30,61
2018-03-02,5,30,64
2018-03-03,5,30,67
2018-03-04,5,30,70
2018-03-05,5,30,51
2018-03-06,5,30,54
2018-03-07,5,30,57
2018-03-08,5,30,61
2018-03-09,5,30,64
2018-03-10,5,30,67
2018-03-11,5,30,70
2018-03-12,5,30,51
2018-03-13,5,30,54
2018-03-14,5,30,57
2018-03-15,5,30,60
2018-03-16,5,30,64
2018-03-17,5,30,67
2018-03-18,5,30,70
2018-03-19,5,30,51
2018-03-20,5,30,54
2018-03-21,5,30,57
2018-03-22,5,30,60
2018-03-23,5,30,63
2018-03-24,5,30,66
2018-03-25,5,30,70
2018-03-26,5,30,50
2018-03-27,5,30,53
2018-03-28,5,30,57
2018-03-29,5,30,60
2018-03-30,5,30,63
2018-03-31,5,30,66
2018-01-01,6,30,50
2018-01-02,6,30,53
2018-01-03,6,30,56
2018-01-04,6,30,59
2018-01-05,6,30,62
2018-01-06,6,30,65
2018-01-07,6,30,69
2018-01-08,6,30,49
2018-01-09,6,30,53
2018-01-10,6,30,56
2018-01-11,6,30,59
2018-01-12,6,30,62
2018-01-13,6,30,65
2018-01-14,6,30,68
2018-01-15,6,30,49
2018-01-16,6,30,52
2018-01-17,6,30,55
2018-01-18,6,30,59
2018-01-19,6,30,62
2018-01-20,6,30,65
2018-01-21,6,30,68
2018-01-22,6,30,49
2018-01-23,6,30,52
2018-01-24,6,30,55
2018-01-25,6,30,58
2018-01-26,6,30,62
2018-01-27,6,30,65
2018-01-28,6,30,68
2018-01-29,6,30,49
2018-01-30,6,30,52
2018-01-31,6,30,55
2018-02-01,6,30,60
2018-02-02,6,30,63
2018-02-03,6,30,66
2018-02-04,6,30,69
2018-02-05,6,30,50
2018-02-06,6,30,53
2018-02-07,6,30,57
2018-02-08,6,30,60
2018-02-09,6,30,63
2018-02-10,6,30,66
2018-02-11,6,30,69
2018-02-12,6,30,50
2018-02-13,6,30,53
2018-02-14,6,30,56
2018-02-15,6,30,59
2018-02-16,6,30,63
2018-02-17,6,30,66
2018-02-18,6,30,69
2018-02-19,6,30,50
2018-02-20,6,30,53
2018-02-21,6,30,56
2018-02-22,6,30,59
2018-02-23,6,30,62
2018-02-24,6,30,66
2018-02-25,6,30,69
2018-02-26,6,30,49
2018-02-27,6,30,53
2018-02-28,6,30,56
2018-03-01,6,30,61
2018-03-02,6,30,64
2018-03-03,6,30,67
2018-03-04,6,30,70
2018-03-05,6,30,51
2018-03-06,6,30,54
2018-03-07,6,30,57
2018-03-08,6,30,61
2018-03-09,6,30,64
2018-03-10,6,30,67
2018-03-11,6,30,70
2018-03-12,6,30,51
2018-03-13,6,30,54
2018-03-14,6,30,57
2018-03-15,6,30,60
2018-03-16,6,30,63
2018-03-17,6,30,67
2018-03-18,6,30,70
2018-03-19,6,30,51
2018-03-20,6,30,54
2018-03-21,6,30,57
2018-03-22,6,30,60
2018-03-23,6,30,63
2018-03-24,6,30,66
2018-03-25,6,30,70
2018-03-26,6,30,50
2018-03-27,6,30,53
2018-03-28,6,30,57
2018-03-29,6,30,60
2018-03-30,6,30,63
2018-03-31,6,30,66
2018-01-01,7,30,50
2018-01-02,7,30,53
2018-01-03,7,30,56
2018-01-04,7,30,59
2018-01-05,7,30,62
2018-01-06,7,30,65
2018-01-07,7,30,69
2018-01-08,7,30,49
2018-01-09,7,30,52
2018-01-10,7,30,56
2018-01-11,7,30,59
2018-01-12,7,30,62
2018-01-13,7,30,65
2018-01-14,7,30,68
2018-01-15,7,30,49
2018-01-16,7,30,52
2018-01-17,7,30,55
2018-01-18,7,30,59
2018-01-19,7,30,62
2018-01-20,7,30,65
2018-01-21,7,30,68
2018-01-22,7,30,49
2018-01-23,7,30,52
2018-01-24,7,30,55
2018-01-25,7,30,58
2018-01-26,7,30,61
2018-01-27,7,30,65
2018-01-28,7,30,68
2018-01-29,7,30,48
2018-01-30,7,30,52
2018-01-31,7,30,55
2018-02-01,7,30,60
2018-02-02,7,30,63
2018-02-03,7,30,66
2018-02-04,7,30,69
2018-02-05,7,30,50
2018-02-06,7,30,53
2018-02-07,7,30,56
2018-02-08,7,30,60
2018-02-09,7,30,63
2018-02-10,7,30,66
2018-02-11,7,30,69
2018-02-12,7,30,50
2018-02-13,7,30,53
2018-02-14,7,30,56
2018-02-15,7,30,59
2018-02-16,7,30,63
2018-02-17,7,30,66
2018-02-18,7,30,69
2018-02-19,7,30,50
2018-02-20,7,30,53
2018-02-21,7,30,56
2018-02-22,7,30,59
2018-02-23,7,30,62
2018-02-24,7,30,65
2018-02-25,7,30,69
2018-02-26,7,30,49
2018-02-27,7,30,52
2018-02-28,7,30,56
2018-03-01,7,30,61
2018-03-02,7,30,64
2018-03-03,7,30,67
2018-03-04,7,30,70
2018-03-05,7,30,51
2018-03-06,7,30,54
2018-03-07,7,30,57
2018-03-08,7,30,60
2018-03-09,7,30,64
2018-03-10,7,30,67
2018-03-11,7,30,70
2018-03-12,7,30,51
2018-03-13,7,30,54
2018-03-14,7,30,57
2018-03-15,7,30,60
2018-03-16,7,30,63
2018-03-17,7,30,67
2018-03-18,7,30,70
2018-03-19,7,30,50
2018-03-20,7,30,54
2018-03-21,7,30,57
2018-03-22,7,30,60
2018-03-23,7,30,63
2018-03-24,7,30,66
2018-03-25,7,30,69
2018-03-26,7,30,50
2018-03-27,7,30,53
2018-03-28,7,30,56
2018-03-29,7,30,60
2018-03-30,7,30,63
2018-03-31,7,30,66
2018-01-01,8,30,49
2018-01-02,8,30,53
2018-01-03,8,30,56
2018-01-04,8,30,59
2018-01-05,8,30,62
2018-01-06,8,30,65
2018-01-07,8,30,68
2018-01-08,8,30,49
2018-01-09,8,30,52
2018-01-10,8,30,56
2018-01-11,8,30,59
2018-01-12,8,30,62
2018-01-13,8,30,65
2018-01-14,8,30,68
2018-01-15,8,30,49
2018-01-16,8,30,52
2018-01-17,8,30,55
2018-01-18,8,30,58
2018-01-19,8,30,62
2018-01-20,8,30,65
2018-01-21,8,30,68
2018-01-22,8,30,49
2018-01-23,8,30,52
2018-01-24,8,30,55
2018-01-25,8,30,58
2018-01-26,8,30,61
2018-01-27,8,30,65
2018-01-28,8,30,68
2018-01-29,8,30,48
2018-01-30,8,30,52
2018-01-31,8,30,55
2018-02-01,8,30,60
2018-02-02,8,30,63
2018-02-03,8,30,66
2018-02-04,8,30,69
2018-02-05,8,30,50
2018-02-06,8,30,53
2018-02-07,8,30,56
2018-02-08,8,30,60
2018-02-09,8,30,63
2018-02-10,8,30,66
2018-02-11,8,30,69
2018-02-12,8,30,50
2018-02-13,8,30,53
2018-02-14,8,30,56
2018-02-15,8,30,59
2018-02-16,8,30,62
2018-02-17,8,30,66
2018-02-18,8,30,69
2018-02-19,8,30,50
2018-02-20,8,30,53
2018-02-21,8,30,56
2018-02-22,8,30,59
2018-02-23,8,30,62
2018-02-24,8,30,65
2018-02-25,8,30,69
2018-02-26,8,30,49
2018-02-27,8,30,52
2018-02-28,8,30,56
2018-03-01,8,30,61
2018-03-02,8,30,64
2018-03-03,8,30,67
2018-03-04,8,30,70
2018-03-05,8,30,51
2018-03-06,8,30,54
2018-03-07,8,30,57
2018-03-08,8,30,60
2018-03-09,8,30,64
2018-03-10,8,30,67
2018-03-11,8,30,70
2018-03-12,8,30,51
2018-03-13,8,30,54
2018-03-14,8,30,57
2018-03-15,8,30,60
2018-03-16,8,30,63
2018-03-17,8,30,66
2018-03-18,8,30,70
2018-03-19,8,30,50
2018-03-20,8,30,54
2018-03-21,8,30,57
2018-03-22,8,30,60
2018-03-23,8,30,63
2018-03-24,8,30,66
2018-03-25,8,30,69
2018-03-26,8,30,50
2018-03-27,8,30,53
2018-03-28,8,30,56
2018-03-29,8,30,60
2018-03-30,8,30,63
2018-03-31,8,30,66
2018-01-01,9,30,49
2018-01-02,9,30,53
2018-01-03,9,30,56
2018-01-04,9,30,59
2018-01-05,9,30,62
2018-01-06,9,30,65
2018-01-07,9,30,68
2018-01-08,9,30,49
2018-01-09,9,30,52
2018-01-10,9,30,55
2018-01-11,9,30,59
2018-01-12,9,30,62
2018-01-13,9,30,65
2018-01-14,9,30,68
2018-01-15,9,30,49
2018-01-16,9,30,52
2018-01-17,9,30,55
2018-01-18,9,30,58
2018-01-19,9,30,62
2018-01-20,9,30,65
2018-01-21,9,30,68
2018-01-22,9,30,49
2018-01-23,9,30,52
2018-01-24,9,30,55
2018-01-25,9,30,58
2018-01-26,9,30,61
2018-01-27,9,30,64
2018-01-28,9,30,68
2018-01-29,9,30,48
2018-01-30,9,30,52
2018-01-31,9,30,55
2018-02-01,9,30,60
2018-02-02,9,30,63
2018-02-03,9,30,66
2018-02-04,9,30,69
2018-02-05,9,30,50
2018-02-06,9,30,53
2018-02-07,9,30,56
2018-02-08,9,30,59
2018-02-09,9,30,63
2018-02-10,9,30,66
2018-02-11,9,30,69
2018-02-12,9,30,50
2018-02-13,9,30,53
2018-02-14,9,30,56
2018-02-15,9,30,59
2018-02-16,9,30,62
2018-02-17,9,30,66
2018-02-18,9,30,69
2018-02-19,9,30,49
2018-02-20,9,30,53
2018-02-21,9,30,56
2018-02-22,9,30,59
2018-02-23,9,30,62
2018-02-24,9,30,65
2018-02-25,9,30,68
2018-02-26,9,30,49
2018-02-27,9,30,52
2018-02-28,9,30,56
2018-03-01,9,30,61
2018-03-02,9,30,64
2018-03-03,9,30,67
2018-03-04,9,30,70
2018-03-05,9,30,51
2018-03-06,9,30,54
2018-03-07,9,30,57
2018-03-08,9,30,60
2018-03-09,9,30,63
2018-03-10,9,30,67
2018-03-11,9,30,70
2018-03-12,9,30,51
2018-03-13,9,30,54
2018-03-14,9,30,57
2018-03-15,9,30,60
2018-03-16,9,30,63
2018-03-17,9,30,66
2018-03-18,9,30,70
2018-03-19,9,30,50
2018-03-20,9,30,53
2018-03-21,9,30,57
2018-03-22,9,30,60
2018-03-23,9,30,63
2018-03-24,9,30,66
2018-03-25,9,30,69
2018-03-26,9,30,50
2018-03-27,9,30,53
2018-03-28,9,30,56
2018-03-29,9,30,59
2018-03-30,9,30,63
2018-03-31,9,30,66
2018-01-01,10,30,49
2018-01-02,10,30,53
2018-01-03,10,30,56
2018-01-04,10,30,59
2018-01-05,10,30,62
2018-01-06,10,30,65
2018-01-07,10,30,68
2018-01-08,10,30,49
2018-01-09,10,30,52
2018-01-10,10,30,55
2018-01-11,10,30,59
2018-01-12,10,30,62
2018-01-13,10,30,65
2018-01-14,10,30,68
2018-01-15,10,30,49
2018-01-16,10,30,52
2018-01-17,10,30,55
2018-01-18,10,30,58
2018-01-19,10,30,61
2018-01-20,10,30,65
2018-01-21,10,30,68
2018-01-22,10,30,49
2018-01-23,10,30,52
2018-01-24,10,30,55
2018-01-25,10,30,58
2018-01-26,10,30,61
2018-01-27,10,30,64
2018-01-28,10,30,68
2018-01-29,10,30,48
2018-01-30,10,30,51
2018-01-31,10,30,55
2018-02-01,10,30,60
2018-02-02,10,30,63
2018-02-03,10,30,66
2018-02-04,10,30,69
2018-02-05,10,30,50
2018-02-06,10,30,53
2018-02-07,10,30,56
2018-02-08,10,30,59
2018-02-09,10,30,63
2018-02-10,10,30,66
2018-02-11,10,30,69
2018-02-12,10,30,50
2018-02-13,10,30,53
2018-02-14,10,30,56
2018-02-15,10,30,59
2018-02-16,10,30,62
2018-02-17,10,30,65
2018-02-18,10,30,69
2018-02-19,10,30,49
2018-02-20,10,30,53
2018-02-21,10,30,56
2018-02-22,10,30,59
2018-02-23,10,30,62
2018-02-24,10,30,65
2018-02-25,10,30,68
2018-02-26,10,30,49
2018-02-27,10,30,52
2018-02-28,10,30,55
2018-03-01,10,30,61
2018-03-02,10,30,64
2018-03-03,10,30,67
2018-03-04,10,30,70
2018-03-05,10,30,51
2018-03-06,10,30,54
2018-03-07,10,30,57
2018-03-08,10,30,60
2018-03-09,10,30,63
2018-03-10,10,30,67
2018-03-11,10,30,70
2018-03-12,10,30,50
2018-03-13,10,30,54
2018-03-14,10,30,57
2018-03-15,10,30,60
2018-03-16,10,30,63
2018-03-17,10,30,66
2018-03-18,10,30,69
2018-03-19,10,30,50
2018-03-20,10,30,53
2018-03-21,10,30,57
2018-03-22,10,30,60
2018-03-23,10,30,63
2018-03-24,10,30,66
2018-03-25,10,30,69
2018-03-26,10,30,50
2018-03-27,10,30,53
2018-03-28,10,30,56
2018-03-29,10,30,59
2018-03-30,10,30,63
2018-03-31,10,30,66
2018-01-01,1,31,50
2018-01-02,1,31,53
2018-01-03,1,31,56
2018-01-04,1,31,59
2018-01-05,1,31,63
2018-01-06,1,31,66
2018-01-07,1,31,69
2018-01-08,1,31,50
2018-01-09,1,31,53
2018-01-10,1,31,56
2018-01-11,1,31,59
2018-01-12,1,31,62
2018-01-13,1,31,65
2018-01-14,1,31,69
2018-01-15,1,31,49
2018-01-16,1,31,53
2018-01-17,1,31,56
2018-01-18,1,31,59
2018-01-19,1,31,62
2018-01-20,1,31,65
2018-01-21,1,31,68
2018-01-22,1,31,49
2018-01-23,1,31,52
2018-01-24,1,31,55
2018-01-25,1,31,59
2018-01-26,1,31,62
2018-01-27,1,31,65
2018-01-28,1,31,68
2018-01-29,1,31,49
2018-01-30,1,31,52
2018-01-31,1,31,55
2018-02-01,1,31,60
2018-02-02,1,31,63
2018-02-03,1,31,67
2018-02-04,1,31,70
2018-02-05,1,31,50
2018-02-06,1,31,54
2018-02-07,1,31,57
2018-02-08,1,31,60
2018-02-09,1,31,63
2018-02-10,1,31,66
2018-02-11,1,31,69
2018-02-12,1,31,50
2018-02-13,1,31,53
2018-02-14,1,31,57
2018-02-15,1,31,60
2018-02-16,1,31,63
2018-02-17,1,31,66
2018-02-18,1,31,69
2018-02-19,1,31,50
2018-02-20,1,31,53
2018-02-21,1,31,56
2018-02-22,1,31,59
2018-02-23,1,31,63
2018-02-24,1,31,66
2018-02-25,1,31,69
2018-02-26,1,31,50
2018-02-27,1,31,53
2018-02-28,1,31,56
2018-03-01,1,31,61
2018-03-02,1,31,64
2018-03-03,1,31,67
2018-03-04,1,31,71
2018-03-05,1,31,51
2018-03-06,1,31,54
2018-03-07,1,31,58
2018-03-08,1,31,61
2018-03-09,1,31,64
2018-03-10,1,31,67
2018-03-11,1,31,70
2018-03-12,1,31,51
2018-03-13,1,31,54
2018-03-14,1,31,57
2018-03-15,1,31,61
2018-03-16,1,31,64
2018-03-17,1,31,67
2018-03-18,1,31,70
2018-03-19,1,31,51
2018-03-20,1,31,54
2018-03-21,1,31,57
2018-03-22,1,31,60
2018-03-23,1,31,63
2018-03-24,1,31,67
2018-03-25,1,31,70
2018-03-26,1,31,51
2018-03-27,1,31,54
2018-03-28,1,31,57
2018-03-29,1,31,60
2018-03-30,1,31,63
2018-03-31,1,31,66
2018-01-01,2,31,50
2018-01-02,2,31,53
2018-01-03,2,31,56
2018-01-04,2,31,59
2018-01-05,2,31,63
2018-01-06,2,31,66
2018-01-07,2,31,69
2018-01-08,2,31,50
2018-01-09,2,31,53
2018-01-10,2,31,56
2018-01-11,2,31,59
2018-01-12,2,31,62
2018-01-13,2,31,65
2018-01-14,2,31,69
2018-01-15,2,31,49
2018-01-16,2,31,52
2018-01-17,2,31,56
2018-01-18,2,31,59
2018-01-19,2,31,62
2018-01-20,2,31,65
2018-01-21,2,31,68
2018-01-22,2,31,49
2018-01-23,2,31,52
2018-01-24,2,31,55
2018-01-25,2,31,59
2018-01-26,2,31,62
2018-01-27,2,31,65
2018-01-28,2,31,68
2018-01-29,2,31,49
2018-01-30,2,31,52
2018-01-31,2,31,55
2018-02-01,2,31,60
2018-02-02,2,31,63
2018-02-03,2,31,67
2018-02-04,2,31,70
2018-02-05,2,31,50
2018-02-06,2,31,54
2018-02-07,2,31,57
2018-02-08,2,31,60
2018-02-09,2,31,63
2018-02-10,2,31,66
2018-02-11,2,31,69
2018-02-12,2,31,50
2018-02-13,2,31,53
2018-02-14,2,31,56
2018-02-15,2,31,60
2018-02-16,2,31,63
2018-02-17,2,31,66
2018-02-18,2,31,69
2018-02-19,2,31,50
2018-02-20,2,31,53
2018-02-21,2,31,56
2018-02-22,2,31,59
2018-02-23,2,31,63
2018-02-24,2,31,66
2018-02-25,2,31,69
2018-02-26,2,31,50
2018-02-27,2,31,53
2018-02-28,2,31,56
2018-03-01,2,31,61
2018-03-02,2,31,64
2018-03-03,2,31,67
2018-03-04,2,31,71
2018-03-05,2,31,51
2018-03-06,2,31,54
2018-03-07,2,31,58
2018-03-08,2,31,61
2018-03-09,2,31,64
2018-03-10,2,31,67
2018-03-11,2,31,70
2018-03-12,2,31,51
2018-03-13,2,31,54
2018-03-14,2,31,57
2018-03-15,2,31,60
2018-03-16,2,31,64
2018-03-17,2,31,67
2018-03-18,2,31,70
2018-03-19,2,31,51
2018-03-20,2,31,54
2018-03-21,2,31,57
2018-03-22,2,31,60
2018-03-23,2,31,63
2018-03-24,2,31,67
2018-03-25,2,31,70
2018-03-26,2,31,50
2018-03-27,2,31,54
2018-03-28,2,31,57
2018-03-29,2,31,60
2018-03-30,2,31,63
2018-03-31,2,31,66
2018-01-01,3,31,50
2018-01-02,3,31,53
2018-01-03,3,31,56
2018-01-04,3,31,59
2018-01-05,3,31,62
2018-01-06,3,31,66
2018-01-07,3,31,69
2018-01-08,3,31,50
2018-01-09,3,31,53
2018-01-10,3,31,56
2018-01-11,3,31,59
2018-01-12,3,31,62
2018-01-13,3,31,65
2018-01-14,3,31,69
2018-01-15,3,31,49
2018-01-16,3,31,52
2018-01-17,3,31,56
2018-01-18,3,31,59
2018-01-19,3,31,62
2018-01-20,3,31,65
2018-01-21,3,31,68
2018-01-22,3,31,49
2018-01-23,3,31,52
2018-01-24,3,31,55
2018-01-25,3,31,58
2018-01-26,3,31,62
2018-01-27,3,31,65
2018-01-28,3,31,68
2018-01-29,3,31,49
2018-01-30,3,31,52
2018-01-31,3,31,55
2018-02-01,3,31,60
2018-02-02,3,31,63
2018-02-03,3,31,66
2018-02-04,3,31,70
2018-02-05,3,31,50
2018-02-06,3,31,54
2018-02-07,3,31,57
2018-02-08,3,31,60
2018-02-09,3,31,63
2018-02-10,3,31,66
2018-02-11,3,31,69
2018-02-12,3,31,50
2018-02-13,3,31,53
2018-02-14,3,31,56
2018-02-15,3,31,60
2018-02-16,3,31,63
2018-02-17,3,31,66
2018-02-18,3,31,69
2018-02-19,3,31,50
2018-02-20,3,31,53
2018-02-21,3,31,56
2018-02-22,3,31,59
2018-02-23,3,31,62
2018-02-24,3,31,66
2018-02-25,3,31,69
2018-02-26,3,31,50
2018-02-27,3,31,53
2018-02-28,3,31,56
2018-03-01,3,31,61
2018-03-02,3,31,64
2018-03-03,3,31,67
2018-03-04,3,31,70
2018-03-05,3,31,51
2018-03-06,3,31,54
2018-03-07,3,31,57
2018-03-08,3,31,61
2018-03-09,3,31,64
2018-03-10,3,31,67
2018-03-11,3,31,70
2018-03-12,3,31,51
2018-03-13,3,31,54
2018-03-14,3,31,57
2018-03-15,3,31,60
2018-03-16,3,31,64
2018-03-17,3,31,67
2018-03-18,3,31,70
2018-03-19,3,31,51
2018-03-20,3,31,54
2018-03-21,3,31,57
2018-03-22,3,31,60
2018-03-23,3,31,63
2018-03-24,3,31,66
2018-03-25,3,31,70
2018-03-26,3,31,50
2018-03-27,3,31,54
2018-03-28,3,31,57
2018-03-29,3,31,60
2018-03-30,3,31,63
2018-03-31,3,31,66
2018-01-01,4,31,50
2018-01-02,4,31,53
2018-01-03,4,31,56
2018-01-04,4,31,59
2018-01-05,4,31,62
2018-01-06,4,31,66
2018-01-07,4,31,69
2018-01-08,4,31,49
2018-01-09,4,31,53
2018-01-10,4,31,56
2018-01-11,4,31,59
2018-01-12,4,31,62
2018-01-13,4,31,65
2018-01-14,4,31,68
2018-01-15,4,31,49
2018-01-16,4,31,52
2018-01-17,4,31,55
2018-01-18,4,31,59
2018-01-19,4,31,62
2018-01-20,4,31,65
2018-01-21,4,31,68
2018-01-22,4,31,49
2018-01-23,4,31,52
2018-01-24,4,31,55
2018-01-25,4,31,58
2018-01-26,4,31,62
2018-01-27,4,31,65
2018-01-28,4,31,68
2018-01-29,4,31,49
2018-01-30,4,31,52
2018-01-31,4,31,55
2018-02-01,4,31,60
2018-02-02,4,31,63
2018-02-03,4,31,66
2018-02-04,4,31,70
2018-02-05,4,31,50
2018-02-06,4,31,53
2018-02-07,4,31,57
2018-02-08,4,31,60
2018-02-09,4,31,63
2018-02-10,4,31,66
2018-02-11,4,31,69
2018-02-12,4,31,50
2018-02-13,4,31,53
2018-02-14,4,31,56
2018-02-15,4,31,59
2018-02-16,4,31,63
2018-02-17,4,31,66
2018-02-18,4,31,69
2018-02-19,4,31,50
2018-02-20,4,31,53
2018-02-21,4,31,56
2018-02-22,4,31,59
2018-02-23,4,31,62
2018-02-24,4,31,66
2018-02-25,4,31,69
2018-02-26,4,31,49
2018-02-27,4,31,53
2018-02-28,4,31,56
2018-03-01,4,31,61
2018-03-02,4,31,64
2018-03-03,4,31,67
2018-03-04,4,31,70
2018-03-05,4,31,51
2018-03-06,4,31,54
2018-03-07,4,31,57
2018-03-08,4,31,61
2018-03-09,4,31,64
2018-03-10,4,31,67
2018-03-11,4,31,70
2018-03-12,4,31,51
2018-03-13,4,31,54
2018-03-14,4,31,57
2018-03-15,4,31,60
2018-03-16,4,31,63
2018-03-17,4,31,67
2018-03-18,4,31,70
2018-03-19,4,31,51
2018-03-20,4,31,54
2018-03-21,4,31,57
2018-03-22,4,31,60
2018-03-23,4,31,63
2018-03-24,4,31,66
2018-03-25,4,31,70
2018-03-26,4,31,50
2018-03-27,4,31,53
2018-03-28,4,31,57
2018-03-29,4,31,60
2018-03-30,4,31,63
2018-03-31,4,31,66
2018-01-01,5,31,50
2018-01-02,5,31,53
2018-01-03,5,31,56
2018-01-04,5,31,59
2018-01-05,5,31,62
2018-01-06,5,31,65
2018-01-07,5,31,69
2018-01-08,5,31,49
2018-01-09,5,31,53
2018-01-10,5,31,56
2018-01-11,5,31,59
2018-01-12,5,31,62
2018-01-13,5,31,65
2018-01-14,5,31,68
2018-01-15,5,31,49
2018-01-16,5,31,52
2018-01-17,5,31,55
2018-01-18,5,31,59
2018-01-19,5,31,62
2018-01-20,5,31,65
2018-01-21,5,31,68
2018-01-22,5,31,49
2018-01-23,5,31,52
2018-01-24,5,31,55
2018-01-25,5,31,58
2018-01-26,5,31,61
2018-01-27,5,31,65
2018-01-28,5,31,68
2018-01-29,5,31,49
2018-01-30,5,31,52
2018-01-31,5,31,55
2018-02-01,5,31,60
2018-02-02,5,31,63
2018-02-03,5,31,66
2018-02-04,5,31,69
2018-02-05,5,31,50
2018-02-06,5,31,53
2018-02-07,5,31,57
2018-02-08,5,31,60
2018-02-09,5,31,63
2018-02-10,5,31,66
2018-02-11,5,31,69
2018-02-12,5,31,50
2018-02-13,5,31,53
2018-02-14,5,31,56
2018-02-15,5,31,59
2018-02-16,5,31,63
2018-02-17,5,31,66
2018-02-18,5,31,69
2018-02-19,5,31,50
2018-02-20,5,31,53
2018-02-21,5,31,56
2018-02-22,5,31,59
2018-02-23,5,31,62
2018-02-24,5,31,65
2018-02-25,5,31,69
2018-02-26,5,31,49
2018-02-27,5,31,53
2018-02-28,5,31,56
2018-03-01,5,31,61
2018-03-02,5,31,64
2018-03-03,5,31,67
2018-03-04,5,31,70
2018-03-05,5,31,51
2018-03-06,5,31,54
2018-03-07,5,31,57
2018-03-08,5,31,61
2018-03-09,5,31,64
2018-03-10,5,31,67
2018-03-11,5,31,70
2018-03-12,5,31,51
2018-03-13,5,31,54
2018-03-14,5,31,57
2018-03-15,5,31,60
2018-03-16,5,31,63
2018-03-17,5,31,67
2018-03-18,5,31,70
2018-03-19,5,31,50
2018-03-20,5,31,54
2018-03-21,5,31,57
2018-03-22,5,31,60
2018-03-23,5,31,63
2018-03-24,5,31,66
2018-03-25,5,31,69
2018-03-26,5,31,50
2018-03-27,5,31,53
2018-03-28,5,31,57
2018-03-29,5,31,60
2018-03-30,5,31,63
2018-03-31,5,31,66
2018-01-01,6,31,50
2018-01-02,6,31,53
2018-01-03,6,31,56
2018-01-04,6,31,59
2018-01-05,6,31,62
2018-01-06,6,31,65
2018-01-07,6,31,69
2018-01-08,6,31,49
2018-01-09,6,31,52
2018-01-10,6,31,56
2018-01-11,6,31,59
2018-01-12,6,31,62
2018-01-13,6,31,65
2018-01-14,6,31,68
2018-01-15,6,31,49
2018-01-16,6,31,52
2018-01-17,6,31,55
2018-01-18,6,31,59
2018-01-19,6,31,62
2018-01-20,6,31,65
2018-01-21,6,31,68
2018-01-22,6,31,49
2018-01-23,6,31,52
2018-01-24,6,31,55
2018-01-25,6,31,58
2018-01-26,6,31,61
2018-01-27,6,31,65
2018-01-28,6,31,68
2018-01-29,6,31,48
2018-01-30,6,31,52
2018-01-31,6,31,55
2018-02-01,6,31,60
2018-02-02,6,31,63
2018-02-03,6,31,66
2018-02-04,6,31,69
2018-02-05,6,31,50
2018-02-06,6,31,53
2018-02-07,6,31,56
2018-02-08,6,31,60
2018-02-09,6,31,63
2018-02-10,6,31,66
2018-02-11,6,31,69
2018-02-12,6,31,50
2018-02-13,6,31,53
2018-02-14,6,31,56
2018-02-15,6,31,59
2018-02-16,6,31,62
2018-02-17,6,31,66
2018-02-18,6,31,69
2018-02-19,6,31,50
2018-02-20,6,31,53
2018-02-21,6,31,56
2018-02-22,6,31,59
2018-02-23,6,31,62
2018-02-24,6,31,65
2018-02-25,6,31,69
2018-02-26,6,31,49
2018-02-27,6,31,52
2018-02-28,6,31,56
2018-03-01,6,31,61
2018-03-02,6,31,64
2018-03-03,6,31,67
2018-03-04,6,31,70
2018-03-05,6,31,51
2018-03-06,6,31,54
2018-03-07,6,31,57
2018-03-08,6,31,60
2018-03-09,6,31,64
2018-03-10,6,31,67
2018-03-11,6,31,70
2018-03-12,6,31,51
2018-03-13,6,31,54
2018-03-14,6,31,57
2018-03-15,6,31,60
2018-03-16,6,31,63
2018-03-17,6,31,66
2018-03-18,6,31,70
2018-03-19,6,31,50
2018-03-20,6,31,54
2018-03-21,6,31,57
2018-03-22,6,31,60
2018-03-23,6,31,63
2018-03-24,6,31,66
2018-03-25,6,31,69
2018-03-26,6,31,50
2018-03-27,6,31,53
2018-03-28,6,31,56
2018-03-29,6,31,60
2018-03-30,6,31,63
2018-03-31,6,31,66
2018-01-01,7,31,49
2018-01-02,7,31,53
2018-01-03,7,31,56
2018-01-04,7,31,59
2018-01-05,7,31,62
2018-01-06,7,31,65
2018-01-07,7,31,68
2018-01-08,7,31,49
2018-01-09,7,31,52
2018-01-10,7,31,56
2018-01-11,7,31,59
2018-01-12,7,31,62
2018-01-13,7,31,65
2018-01-14,7,31,68
2018-01-15,7,31,49
2018-01-16,7,31,52
2018-01-17,7,31,55
2018-01-18,7,31,58
2018-01-19,7,31,62
2018-01-20,7,31,65
2018-01-21,7,31,68
2018-01-22,7,31,49
2018-01-23,7,31,52
2018-01-24,7,31,55
2018-01-25,7,31,58
2018-01-26,7,31,61
2018-01-27,7,31,64
2018-01-28,7,31,68
2018-01-29,7,31,48
2018-01-30,7,31,52
2018-01-31,7,31,55
2018-02-01,7,31,60
2018-02-02,7,31,63
2018-02-03,7,31,66
2018-02-04,7,31,69
2018-02-05,7,31,50
2018-02-06,7,31,53
2018-02-07,7,31,56
2018-02-08,7,31,60
2018-02-09,7,31,63
2018-02-10,7,31,66
2018-02-11,7,31,69
2018-02-12,7,31,50
2018-02-13,7,31,53
2018-02-14,7,31,56
2018-02-15,7,31,59
2018-02-16,7,31,62
2018-02-17,7,31,66
2018-02-18,7,31,69
2018-02-19,7,31,49
2018-02-20,7,31,53
2018-02-21,7,31,56
2018-02-22,7,31,59
2018-02-23,7,31,62
2018-02-24,7,31,65
2018-02-25,7,31,68
2018-02-26,7,31,49
2018-02-27,7,31,52
2018-02-28,7,31,56
2018-03-01,7,31,61
2018-03-02,7,31,64
2018-03-03,7,31,67
2018-03-04,7,31,70
2018-03-05,7,31,51
2018-03-06,7,31,54
2018-03-07,7,31,57
2018-03-08,7,31,60
2018-03-09,7,31,64
2018-03-10,7,31,67
2018-03-11,7,31,70
2018-03-12,7,31,51
2018-03-13,7,31,54
2018-03-14,7,31,57
2018-03-15,7,31,60
2018-03-16,7,31,63
2018-03-17,7,31,66
2018-03-18,7,31,70
2018-03-19,7,31,50
2018-03-20,7,31,53
2018-03-21,7,31,57
2018-03-22,7,31,60
2018-03-23,7,31,63
2018-03-24,7,31,66
2018-03-25,7,31,69
2018-03-26,7,31,50
2018-03-27,7,31,53
2018-03-28,7,31,56
2018-03-29,7,31,60
2018-03-30,7,31,63
2018-03-31,7,31,66
2018-01-01,8,31,49
2018-01-02,8,31,53
2018-01-03,8,31,56
2018-01-04,8,31,59
2018-01-05,8,31,62
2018-01-06,8,31,65
2018-01-07,8,31,68
2018-01-08,8,31,49
2018-01-09,8,31,52
2018-01-10,8,31,55
2018-01-11,8,31,59
2018-01-12,8,31,62
2018-01-13,8,31,65
2018-01-14,8,31,68
2018-01-15,8,31,49
2018-01-16,8,31,52
2018-01-17,8,31,55
2018-01-18,8,31,58
2018-01-19,8,31,62
2018-01-20,8,31,65
2018-01-21,8,31,68
2018-01-22,8,31,49
2018-01-23,8,31,52
2018-01-24,8,31,55
2018-01-25,8,31,58
2018-01-26,8,31,61
2018-01-27,8,31,64
2018-01-28,8,31,68
2018-01-29,8,31,48
2018-01-30,8,31,51
2018-01-31,8,31,55
2018-02-01,8,31,60
2018-02-02,8,31,63
2018-02-03,8,31,66
2018-02-04,8,31,69
2018-02-05,8,31,50
2018-02-06,8,31,53
2018-02-07,8,31,56
2018-02-08,8,31,59
2018-02-09,8,31,63
2018-02-10,8,31,66
2018-02-11,8,31,69
2018-02-12,8,31,50
2018-02-13,8,31,53
2018-02-14,8,31,56
2018-02-15,8,31,59
2018-02-16,8,31,62
2018-02-17,8,31,66
2018-02-18,8,31,69
2018-02-19,8,31,49
2018-02-20,8,31,53
2018-02-21,8,31,56
2018-02-22,8,31,59
2018-02-23,8,31,62
2018-02-24,8,31,65
2018-02-25,8,31,68
2018-02-26,8,31,49
2018-02-27,8,31,52
2018-02-28,8,31,55
2018-03-01,8,31,61
2018-03-02,8,31,64
2018-03-03,8,31,67
2018-03-04,8,31,70
2018-03-05,8,31,51
2018-03-06,8,31,54
2018-03-07,8,31,57
2018-03-08,8,31,60
2018-03-09,8,31,63
2018-03-10,8,31,67
2018-03-11,8,31,70
2018-03-12,8,31,51
2018-03-13,8,31,54
2018-03-14,8,31,57
2018-03-15,8,31,60
2018-03-16,8,31,63
2018-03-17,8,31,66
2018-03-18,8,31,70
2018-03-19,8,31,50
2018-03-20,8,31,53
2018-03-21,8,31,57
2018-03-22,8,31,60
2018-03-23,8,31,63
2018-03-24,8,31,66
2018-03-25,8,31,69
2018-03-26,8,31,50
2018-03-27,8,31,53
2018-03-28,8,31,56
2018-03-29,8,31,59
2018-03-30,8,31,63
2018-03-31,8,31,66
2018-01-01,9,31,49
2018-01-02,9,31,52
2018-01-03,9,31,56
2018-01-04,9,31,59
2018-01-05,9,31,62
2018-01-06,9,31,65
2018-01-07,9,31,68
2018-01-08,9,31,49
2018-01-09,9,31,52
2018-01-10,9,31,55
2018-01-11,9,31,59
2018-01-12,9,31,62
2018-01-13,9,31,65
2018-01-14,9,31,68
2018-01-15,9,31,49
2018-01-16,9,31,52
2018-01-17,9,31,55
2018-01-18,9,31,58
2018-01-19,9,31,61
2018-01-20,9,31,65
2018-01-21,9,31,68
2018-01-22,9,31,48
2018-01-23,9,31,52
2018-01-24,9,31,55
2018-01-25,9,31,58
2018-01-26,9,31,61
2018-01-27,9,31,64
2018-01-28,9,31,67
2018-01-29,9,31,48
2018-01-30,9,31,51
2018-01-31,9,31,55
2018-02-01,9,31,60
2018-02-02,9,31,63
2018-02-03,9,31,66
2018-02-04,9,31,69
2018-02-05,9,31,50
2018-02-06,9,31,53
2018-02-07,9,31,56
2018-02-08,9,31,59
2018-02-09,9,31,63
2018-02-10,9,31,66
2018-02-11,9,31,69
2018-02-12,9,31,50
2018-02-13,9,31,53
2018-02-14,9,31,56
2018-02-15,9,31,59
2018-02-16,9,31,62
2018-02-17,9,31,65
2018-02-18,9,31,69
2018-02-19,9,31,49
2018-02-20,9,31,52
2018-02-21,9,31,56
2018-02-22,9,31,59
2018-02-23,9,31,62
2018-02-24,9,31,65
2018-02-25,9,31,68
2018-02-26,9,31,49
2018-02-27,9,31,52
2018-02-28,9,31,55
2018-03-01,9,31,60
2018-03-02,9,31,64
2018-03-03,9,31,67
2018-03-04,9,31,70
2018-03-05,9,31,51
2018-03-06,9,31,54
2018-03-07,9,31,57
2018-03-08,9,31,60
2018-03-09,9,31,63
2018-03-10,9,31,67
2018-03-11,9,31,70
2018-03-12,9,31,50
2018-03-13,9,31,54
2018-03-14,9,31,57
2018-03-15,9,31,60
2018-03-16,9,31,63
2018-03-17,9,31,66
2018-03-18,9,31,69
2018-03-19,9,31,50
2018-03-20,9,31,53
2018-03-21,9,31,56
2018-03-22,9,31,60
2018-03-23,9,31,63
2018-03-24,9,31,66
2018-03-25,9,31,69
2018-03-26,9,31,50
2018-03-27,9,31,53
2018-03-28,9,31,56
2018-03-29,9,31,59
2018-03-30,9,31,63
2018-03-31,9,31,66
2018-01-01,10,31,49
2018-01-02,10,31,52
2018-01-03,10,31,56
2018-01-04,10,31,59
2018-01-05,10,31,62
2018-01-06,10,31,65
2018-01-07,10,31,68
2018-01-08,10,31,49
2018-01-09,10,31,52
2018-01-10,10,31,55
2018-01-11,10,31,58
2018-01-12,10,31,62
2018-01-13,10,31,65
2018-01-14,10,31,68
2018-01-15,10,31,49
2018-01-16,10,31,52
2018-01-17,10,31,55
2018-01-18,10,31,58
2018-01-19,10,31,61
2018-01-20,10,31,65
2018-01-21,10,31,68
2018-01-22,10,31,48
2018-01-23,10,31,52
2018-01-24,10,31,55
2018-01-25,10,31,58
2018-01-26,10,31,61
2018-01-27,10,31,64
2018-01-28,10,31,67
2018-01-29,10,31,48
2018-01-30,10,31,51
2018-01-31,10,31,54
2018-02-01,10,31,60
2018-02-02,10,31,63
2018-02-03,10,31,66
2018-02-04,10,31,69
2018-02-05,10,31,50
2018-02-06,10,31,53
2018-02-07,10,31,56
2018-02-08,10,31,59
2018-02-09,10,31,62
2018-02-10,10,31,66
2018-02-11,10,31,69
2018-02-12,10,31,50
2018-02-13,10,31,53
2018-02-14,10,31,56
2018-02-15,10,31,59
2018-02-16,10,31,62
2018-02-17,10,31,65
2018-02-18,10,31,69
2018-02-19,10,31,49
2018-02-20,10,31,52
2018-02-21,10,31,56
2018-02-22,10,31,59
2018-02-23,10,31,62
2018-02-24,10,31,65
2018-02-25,10,31,68
2018-02-26,10,31,49
2018-02-27,10,31,52
2018-02-28,10,31,55
2018-03-01,10,31,60
2018-03-02,10,31,64
2018-03-03,10,31,67
2018-03-04,10,31,70
2018-03-05,10,31,51
2018-03-06,10,31,54
2018-03-07,10,31,57
2018-03-08,10,31,60
2018-03-09,10,31,63
2018-03-10,10,31,66
2018-03-11,10,31,70
2018-03-12,10,31,50
2018-03-13,10,31,54
2018-03-14,10,31,57
2018-03-15,10,31,60
2018-03-16,10,31,63
2018-03-17,10,31,66
2018-03-18,10,31,69
2018-03-19,10,31,50
2018-03-20,10,31,53
2018-03-21,10,31,56
2018-03-22,10,31,60
2018-03-23,10,31,63
2018-03-24,10,31,66
2018-03-25,10,31,69
2018-03-26,10,31,50
2018-03-27,10,31,53
2018-03-28,10,31,56
2018-03-29,10,31,59
2018-03-30,10,31,62
2018-03-31,10,31,66
2018-01-01,1,32,50
2018-01-02,1,32,53
2018-01-03,1,32,56
2018-01-04,1,32,59
2018-01-05,1,32,62
2018-01-06,1,32,66
2018-01-07,1,32,69
2018-01-08,1,32,50
2018-01-09,1,32,53
2018-01-10,1,32,56
2018-01-11,1,32,59
2018-01-12,1,32,62
2018-01-13,1,32,65
2018-01-14,1,32,69
2018-01-15,1,32,49
2018-01-16,1,32,52
2018-01-17,1,32,56
2018-01-18,1,32,59
2018-01-19,1,32,62
2018-01-20,1,32,65
2018-01-21,1,32,68
2018-01-22,1,32,49
2018-01-23,1,32,52
2018-01-24,1,32,55
2018-01-25,1,32,59
2018-01-26,1,32,62
2018-01-27,1,32,65
2018-01-28,1,32,68
2018-01-29,1,32,49
2018-01-30,1,32,52
2018-01-31,1,32,55
2018-02-01,1,32,60
2018-02-02,1,32,63
2018-02-03,1,32,66
2018-02-04,1,32,70
2018-02-05,1,32,50
2018-02-06,1,32,54
2018-02-07,1,32,57
2018-02-08,1,32,60
2018-02-09,1,32,63
2018-02-10,1,32,66
2018-02-11,1,32,69
2018-02-12,1,32,50
2018-02-13,1,32,53
2018-02-14,1,32,56
2018-02-15,1,32,60
2018-02-16,1,32,63
2018-02-17,1,32,66
2018-02-18,1,32,69
2018-02-19,1,32,50
2018-02-20,1,32,53
2018-02-21,1,32,56
2018-02-22,1,32,59
2018-02-23,1,32,63
2018-02-24,1,32,66
2018-02-25,1,32,69
2018-02-26,1,32,50
2018-02-27,1,32,53
2018-02-28,1,32,56
2018-03-01,1,32,61
2018-03-02,1,32,64
2018-03-03,1,32,67
2018-03-04,1,32,70
2018-03-05,1,32,51
2018-03-06,1,32,54
2018-03-07,1,32,58
2018-03-08,1,32,61
2018-03-09,1,32,64
2018-03-10,1,32,67
2018-03-11,1,32,70
2018-03-12,1,32,51
2018-03-13,1,32,54
2018-03-14,1,32,57
2018-03-15,1,32,60
2018-03-16,1,32,64
2018-03-17,1,32,67
2018-03-18,1,32,70
2018-03-19,1,32,51
2018-03-20,1,32,54
2018-03-21,1,32,57
2018-03-22,1,32,60
2018-03-23,1,32,63
2018-03-24,1,32,66
2018-03-25,1,32,70
2018-03-26,1,32,50
2018-03-27,1,32,54
2018-03-28,1,32,57
2018-03-29,1,32,60
2018-03-30,1,32,63
2018-03-31,1,32,66
2018-01-01,2,32,50
2018-01-02,2,32,53
2018-01-03,2,32,56
2018-01-04,2,32,59
2018-01-05,2,32,62
2018-01-06,2,32,66
2018-01-07,2,32,69
2018-01-08,2,32,49
2018-01-09,2,32,53
2018-01-10,2,32,56
2018-01-11,2,32,59
2018-01-12,2,32,62
2018-01-13,2,32,65
2018-01-14,2,32,68
2018-01-15,2,32,49
2018-01-16,2,32,52
2018-01-17,2,32,56
2018-01-18,2,32,59
2018-01-19,2,32,62
2018-01-20,2,32,65
2018-01-21,2,32,68
2018-01-22,2,32,49
2018-01-23,2,32,52
2018-01-24,2,32,55
2018-01-25,2,32,58
2018-01-26,2,32,62
2018-01-27,2,32,65
2018-01-28,2,32,68
2018-01-29,2,32,49
2018-01-30,2,32,52
2018-01-31,2,32,55
2018-02-01,2,32,60
2018-02-02,2,32,63
2018-02-03,2,32,66
2018-02-04,2,32,70
2018-02-05,2,32,50
2018-02-06,2,32,53
2018-02-07,2,32,57
2018-02-08,2,32,60
2018-02-09,2,32,63
2018-02-10,2,32,66
2018-02-11,2,32,69
2018-02-12,2,32,50
2018-02-13,2,32,53
2018-02-14,2,32,56
2018-02-15,2,32,60
2018-02-16,2,32,63
2018-02-17,2,32,66
2018-02-18,2,32,69
2018-02-19,2,32,50
2018-02-20,2,32,53
2018-02-21,2,32,56
2018-02-22,2,32,59
2018-02-23,2,32,62
2018-02-24,2,32,66
2018-02-25,2,32,69
2018-02-26,2,32,49
2018-02-27,2,32,53
2018-02-28,2,32,56
2018-03-01,2,32,61
2018-03-02,2,32,64
2018-03-03,2,32,67
2018-03-04,2,32,70
2018-03-05,2,32,51
2018-03-06,2,32,54
2018-03-07,2,32,57
2018-03-08,2,32,61
2018-03-09,2,32,64
2018-03-10,2,32,67
2018-03-11,2,32,70
2018-03-12,2,32,51
2018-03-13,2,32,54
2018-03-14,2,32,57
2018-03-15,2,32,60
2018-03-16,2,32,64
2018-03-17,2,32,67
2018-03-18,2,32,70
2018-03-19,2,32,51
2018-03-20,2,32,54
2018-03-21,2,32,57
2018-03-22,2,32,60
2018-03-23,2,32,63
2018-03-24,2,32,66
2018-03-25,2,32,70
2018-03-26,2,32,50
2018-03-27,2,32,53
2018-03-28,2,32,57
2018-03-29,2,32,60
2018-03-30,2,32,63
2018-03-31,2,32,66
2018-01-01,3,32,50
2018-01-02,3,32,53
2018-01-03,3,32,56
2018-01-04,3,32,59
2018-01-05,3,32,62
2018-01-06,3,32,65
2018-01-07,3,32,69
2018-01-08,3,32,49
2018-01-09,3,32,53
2018-01-10,3,32,56
2018-01-11,3,32,59
2018-01-12,3,32,62
2018-01-13,3,32,65
2018-01-14,3,32,68
2018-01-15,3,32,49
2018-01-16,3,32,52
2018-01-17,3,32,55
2018-01-18,3,32,59
2018-01-19,3,32,62
2018-01-20,3,32,65
2018-01-21,3,32,68
2018-01-22,3,32,49
2018-01-23,3,32,52
2018-01-24,3,32,55
2018-01-25,3,32,58
2018-01-26,3,32,62
2018-01-27,3,32,65
2018-01-28,3,32,68
2018-01-29,3,32,49
2018-01-30,3,32,52
2018-01-31,3,32,55
2018-02-01,3,32,60
2018-02-02,3,32,63
2018-02-03,3,32,66
2018-02-04,3,32,69
2018-02-05,3,32,50
2018-02-06,3,32,53
2018-02-07,3,32,57
2018-02-08,3,32,60
2018-02-09,3,32,63
2018-02-10,3,32,66
2018-02-11,3,32,69
2018-02-12,3,32,50
2018-02-13,3,32,53
2018-02-14,3,32,56
2018-02-15,3,32,59
2018-02-16,3,32,63
2018-02-17,3,32,66
2018-02-18,3,32,69
2018-02-19,3,32,50
2018-02-20,3,32,53
2018-02-21,3,32,56
2018-02-22,3,32,59
2018-02-23,3,32,62
2018-02-24,3,32,66
2018-02-25,3,32,69
2018-02-26,3,32,49
2018-02-27,3,32,53
2018-02-28,3,32,56
2018-03-01,3,32,61
2018-03-02,3,32,64
2018-03-03,3,32,67
2018-03-04,3,32,70
2018-03-05,3,32,51
2018-03-06,3,32,54
2018-03-07,3,32,57
2018-03-08,3,32,61
2018-03-09,3,32,64
2018-03-10,3,32,67
2018-03-11,3,32,70
2018-03-12,3,32,51
2018-03-13,3,32,54
2018-03-14,3,32,57
2018-03-15,3,32,60
2018-03-16,3,32,63
2018-03-17,3,32,67
2018-03-18,3,32,70
2018-03-19,3,32,51
2018-03-20,3,32,54
2018-03-21,3,32,57
2018-03-22,3,32,60
2018-03-23,3,32,63
2018-03-24,3,32,66
2018-03-25,3,32,70
2018-03-26,3,32,50
2018-03-27,3,32,53
2018-03-28,3,32,57
2018-03-29,3,32,60
2018-03-30,3,32,63
2018-03-31,3,32,66
2018-01-01,4,32,50
2018-01-02,4,32,53
2018-01-03,4,32,56
2018-01-04,4,32,59
2018-01-05,4,32,62
2018-01-06,4,32,65
2018-01-07,4,32,69
2018-01-08,4,32,49
2018-01-09,4,32,52
2018-01-10,4,32,56
2018-01-11,4,32,59
2018-01-12,4,32,62
2018-01-13,4,32,65
2018-01-14,4,32,68
2018-01-15,4,32,49
2018-01-16,4,32,52
2018-01-17,4,32,55
2018-01-18,4,32,59
2018-01-19,4,32,62
2018-01-20,4,32,65
2018-01-21,4,32,68
2018-01-22,4,32,49
2018-01-23,4,32,52
2018-01-24,4,32,55
2018-01-25,4,32,58
2018-01-26,4,32,61
2018-01-27,4,32,65
2018-01-28,4,32,68
2018-01-29,4,32,49
2018-01-30,4,32,52
2018-01-31,4,32,55
2018-02-01,4,32,60
2018-02-02,4,32,63
2018-02-03,4,32,66
2018-02-04,4,32,69
2018-02-05,4,32,50
2018-02-06,4,32,53
2018-02-07,4,32,56
2018-02-08,4,32,60
2018-02-09,4,32,63
2018-02-10,4,32,66
2018-02-11,4,32,69
2018-02-12,4,32,50
2018-02-13,4,32,53
2018-02-14,4,32,56
2018-02-15,4,32,59
2018-02-16,4,32,63
2018-02-17,4,32,66
2018-02-18,4,32,69
2018-02-19,4,32,50
2018-02-20,4,32,53
2018-02-21,4,32,56
2018-02-22,4,32,59
2018-02-23,4,32,62
2018-02-24,4,32,65
2018-02-25,4,32,69
2018-02-26,4,32,49
2018-02-27,4,32,53
2018-02-28,4,32,56
2018-03-01,4,32,61
2018-03-02,4,32,64
2018-03-03,4,32,67
2018-03-04,4,32,70
2018-03-05,4,32,51
2018-03-06,4,32,54
2018-03-07,4,32,57
2018-03-08,4,32,60
2018-03-09,4,32,64
2018-03-10,4,32,67
2018-03-11,4,32,70
2018-03-12,4,32,51
2018-03-13,4,32,54
2018-03-14,4,32,57
2018-03-15,4,32,60
2018-03-16,4,32,63
2018-03-17,4,32,67
2018-03-18,4,32,70
2018-03-19,4,32,50
2018-03-20,4,32,54
2018-03-21,4,32,57
2018-03-22,4,32,60
2018-03-23,4,32,63
2018-03-24,4,32,66
2018-03-25,4,32,69
2018-03-26,4,32,50
2018-03-27,4,32,53
2018-03-28,4,32,56
2018-03-29,4,32,60
2018-03-30,4,32,63
2018-03-31,4,32,66
2018-01-01,5,32,50
2018-01-02,5,32,53
2018-01-03,5,32,56
2018-01-04,5,32,59
2018-01-05,5,32,62
2018-01-06,5,32,65
2018-01-07,5,32,69
2018-01-08,5,32,49
2018-01-09,5,32,52
2018-01-10,5,32,56
2018-01-11,5,32,59
2018-01-12,5,32,62
2018-01-13,5,32,65
2018-01-14,5,32,68
2018-01-15,5,32,49
2018-01-16,5,32,52
2018-01-17,5,32,55
2018-01-18,5,32,58
2018-01-19,5,32,62
2018-01-20,5,32,65
2018-01-21,5,32,68
2018-01-22,5,32,49
2018-01-23,5,32,52
2018-01-24,5,32,55
2018-01-25,5,32,58
2018-01-26,5,32,61
2018-01-27,5,32,65
2018-01-28,5,32,68
2018-01-29,5,32,48
2018-01-30,5,32,52
2018-01-31,5,32,55
2018-02-01,5,32,60
2018-02-02,5,32,63
2018-02-03,5,32,66
2018-02-04,5,32,69
2018-02-05,5,32,50
2018-02-06,5,32,53
2018-02-07,5,32,56
2018-02-08,5,32,60
2018-02-09,5,32,63
2018-02-10,5,32,66
2018-02-11,5,32,69
2018-02-12,5,32,50
2018-02-13,5,32,53
2018-02-14,5,32,56
2018-02-15,5,32,59
2018-02-16,5,32,62
2018-02-17,5,32,66
2018-02-18,5,32,69
2018-02-19,5,32,50
2018-02-20,5,32,53
2018-02-21,5,32,56
2018-02-22,5,32,59
2018-02-23,5,32,62
2018-02-24,5,32,65
2018-02-25,5,32,69
2018-02-26,5,32,49
2018-02-27,5,32,52
2018-02-28,5,32,56
2018-03-01,5,32,61
2018-03-02,5,32,64
2018-03-03,5,32,67
2018-03-04,5,32,70
2018-03-05,5,32,51
2018-03-06,5,32,54
2018-03-07,5,32,57
2018-03-08,5,32,60
2018-03-09,5,32,64
2018-03-10,5,32,67
2018-03-11,5,32,70
2018-03-12,5,32,51
2018-03-13,5,32,54
2018-03-14,5,32,57
2018-03-15,5,32,60
2018-03-16,5,32,63
2018-03-17,5,32,66
2018-03-18,5,32,70
2018-03-19,5,32,50
2018-03-20,5,32,54
2018-03-21,5,32,57
2018-03-22,5,32,60
2018-03-23,5,32,63
2018-03-24,5,32,66
2018-03-25,5,32,69
2018-03-26,5,32,50
2018-03-27,5,32,53
2018-03-28,5,32,56
2018-03-29,5,32,60
2018-03-30,5,32,63
2018-03-31,5,32,66
2018-01-01,6,32,49
2018-01-02,6,32,53
2018-01-03,6,32,56
2018-01-04,6,32,59
2018-01-05,6,32,62
2018-01-06,6,32,65
2018-01-07,6,32,68
2018-01-08,6,32,49
2018-01-09,6,32,52
2018-01-10,6,32,55
2018-01-11,6,32,59
2018-01-12,6,32,62
2018-01-13,6,32,65
2018-01-14,6,32,68
2018-01-15,6,32,49
2018-01-16,6,32,52
2018-01-17,6,32,55
2018-01-18,6,32,58
2018-01-19,6,32,62
2018-01-20,6,32,65
2018-01-21,6,32,68
2018-01-22,6,32,49
2018-01-23,6,32,52
2018-01-24,6,32,55
2018-01-25,6,32,58
2018-01-26,6,32,61
2018-01-27,6,32,64
2018-01-28,6,32,68
2018-01-29,6,32,48
2018-01-30,6,32,52
2018-01-31,6,32,55
2018-02-01,6,32,60
2018-02-02,6,32,63
2018-02-03,6,32,66
2018-02-04,6,32,69
2018-02-05,6,32,50
2018-02-06,6,32,53
2018-02-07,6,32,56
2018-02-08,6,32,59
2018-02-09,6,32,63
2018-02-10,6,32,66
2018-02-11,6,32,69
2018-02-12,6,32,50
2018-02-13,6,32,53
2018-02-14,6,32,56
2018-02-15,6,32,59
2018-02-16,6,32,62
2018-02-17,6,32,66
2018-02-18,6,32,69
2018-02-19,6,32,49
2018-02-20,6,32,53
2018-02-21,6,32,56
2018-02-22,6,32,59
2018-02-23,6,32,62
2018-02-24,6,32,65
2018-02-25,6,32,68
2018-02-26,6,32,49
2018-02-27,6,32,52
2018-02-28,6,32,56
2018-03-01,6,32,61
2018-03-02,6,32,64
2018-03-03,6,32,67
2018-03-04,6,32,70
2018-03-05,6,32,51
2018-03-06,6,32,54
2018-03-07,6,32,57
2018-03-08,6,32,60
2018-03-09,6,32,63
2018-03-10,6,32,67
2018-03-11,6,32,70
2018-03-12,6,32,51
2018-03-13,6,32,54
2018-03-14,6,32,57
2018-03-15,6,32,60
2018-03-16,6,32,63
2018-03-17,6,32,66
2018-03-18,6,32,70
2018-03-19,6,32,50
2018-03-20,6,32,53
2018-03-21,6,32,57
2018-03-22,6,32,60
2018-03-23,6,32,63
2018-03-24,6,32,66
2018-03-25,6,32,69
2018-03-26,6,32,50
2018-03-27,6,32,53
2018-03-28,6,32,56
2018-03-29,6,32,60
2018-03-30,6,32,63
2018-03-31,6,32,66
2018-01-01,7,32,49
2018-01-02,7,32,53
2018-01-03,7,32,56
2018-01-04,7,32,59
2018-01-05,7,32,62
2018-01-06,7,32,65
2018-01-07,7,32,68
2018-01-08,7,32,49
2018-01-09,7,32,52
2018-01-10,7,32,55
2018-01-11,7,32,59
2018-01-12,7,32,62
2018-01-13,7,32,65
2018-01-14,7,32,68
2018-01-15,7,32,49
2018-01-16,7,32,52
2018-01-17,7,32,55
2018-01-18,7,32,58
2018-01-19,7,32,61
2018-01-20,7,32,65
2018-01-21,7,32,68
2018-01-22,7,32,49
2018-01-23,7,32,52
2018-01-24,7,32,55
2018-01-25,7,32,58
2018-01-26,7,32,61
2018-01-27,7,32,64
2018-01-28,7,32,68
2018-01-29,7,32,48
2018-01-30,7,32,51
2018-01-31,7,32,55
2018-02-01,7,32,60
2018-02-02,7,32,63
2018-02-03,7,32,66
2018-02-04,7,32,69
2018-02-05,7,32,50
2018-02-06,7,32,53
2018-02-07,7,32,56
2018-02-08,7,32,59
2018-02-09,7,32,63
2018-02-10,7,32,66
2018-02-11,7,32,69
2018-02-12,7,32,50
2018-02-13,7,32,53
2018-02-14,7,32,56
2018-02-15,7,32,59
2018-02-16,7,32,62
2018-02-17,7,32,65
2018-02-18,7,32,69
2018-02-19,7,32,49
2018-02-20,7,32,53
2018-02-21,7,32,56
2018-02-22,7,32,59
2018-02-23,7,32,62
2018-02-24,7,32,65
2018-02-25,7,32,68
2018-02-26,7,32,49
2018-02-27,7,32,52
2018-02-28,7,32,55
2018-03-01,7,32,61
2018-03-02,7,32,64
2018-03-03,7,32,67
2018-03-04,7,32,70
2018-03-05,7,32,51
2018-03-06,7,32,54
2018-03-07,7,32,57
2018-03-08,7,32,60
2018-03-09,7,32,63
2018-03-10,7,32,67
2018-03-11,7,32,70
2018-03-12,7,32,50
2018-03-13,7,32,54
2018-03-14,7,32,57
2018-03-15,7,32,60
2018-03-16,7,32,63
2018-03-17,7,32,66
2018-03-18,7,32,69
2018-03-19,7,32,50
2018-03-20,7,32,53
2018-03-21,7,32,57
2018-03-22,7,32,60
2018-03-23,7,32,63
2018-03-24,7,32,66
2018-03-25,7,32,69
2018-03-26,7,32,50
2018-03-27,7,32,53
2018-03-28,7,32,56
2018-03-29,7,32,59
2018-03-30,7,32,63
2018-03-31,7,32,66
2018-01-01,8,32,49
2018-01-02,8,32,52
2018-01-03,8,32,56
2018-01-04,8,32,59
2018-01-05,8,32,62
2018-01-06,8,32,65
2018-01-07,8,32,68
2018-01-08,8,32,49
2018-01-09,8,32,52
2018-01-10,8,32,55
2018-01-11,8,32,59
2018-01-12,8,32,62
2018-01-13,8,32,65
2018-01-14,8,32,68
2018-01-15,8,32,49
2018-01-16,8,32,52
2018-01-17,8,32,55
2018-01-18,8,32,58
2018-01-19,8,32,61
2018-01-20,8,32,65
2018-01-21,8,32,68
2018-01-22,8,32,48
2018-01-23,8,32,52
2018-01-24,8,32,55
2018-01-25,8,32,58
2018-01-26,8,32,61
2018-01-27,8,32,64
2018-01-28,8,32,67
2018-01-29,8,32,48
2018-01-30,8,32,51
2018-01-31,8,32,55
2018-02-01,8,32,60
2018-02-02,8,32,63
2018-02-03,8,32,66
2018-02-04,8,32,69
2018-02-05,8,32,50
2018-02-06,8,32,53
2018-02-07,8,32,56
2018-02-08,8,32,59
2018-02-09,8,32,63
2018-02-10,8,32,66
2018-02-11,8,32,69
2018-02-12,8,32,50
2018-02-13,8,32,53
2018-02-14,8,32,56
2018-02-15,8,32,59
2018-02-16,8,32,62
2018-02-17,8,32,65
2018-02-18,8,32,69
2018-02-19,8,32,49
2018-02-20,8,32,52
2018-02-21,8,32,56
2018-02-22,8,32,59
2018-02-23,8,32,62
2018-02-24,8,32,65
2018-02-25,8,32,68
2018-02-26,8,32,49
2018-02-27,8,32,52
2018-02-28,8,32,55
2018-03-01,8,32,60
2018-03-02,8,32,64
2018-03-03,8,32,67
2018-03-04,8,32,70
2018-03-05,8,32,51
2018-03-06,8,32,54
2018-03-07,8,32,57
2018-03-08,8,32,60
2018-03-09,8,32,63
2018-03-10,8,32,66
2018-03-11,8,32,70
2018-03-12,8,32,50
2018-03-13,8,32,54
2018-03-14,8,32,57
2018-03-15,8,32,60
2018-03-16,8,32,63
2018-03-17,8,32,66
2018-03-18,8,32,69
2018-03-19,8,32,50
2018-03-20,8,32,53
2018-03-21,8,32,56
2018-03-22,8,32,60
2018-03-23,8,32,63
2018-03-24,8,32,66
2018-03-25,8,32,69
2018-03-26,8,32,50
2018-03-27,8,32,53
2018-03-28,8,32,56
2018-03-29,8,32,59
2018-03-30,8,32,63
2018-03-31,8,32,66
2018-01-01,9,32,49
2018-01-02,9,32,52
2018-01-03,9,32,56
2018-01-04,9,32,59
2018-01-05,9,32,62
2018-01-06,9,32,65
2018-01-07,9,32,68
2018-01-08,9,32,49
2018-01-09,9,32,52
2018-01-10,9,32,55
2018-01-11,9,32,58
2018-01-12,9,32,62
2018-01-13,9,32,65
2018-01-14,9,32,68
2018-01-15,9,32,49
2018-01-16,9,32,52
2018-01-17,9,32,55
2018-01-18,9,32,58
2018-01-19,9,32,61
2018-01-20,9,32,64
2018-01-21,9,32,68
2018-01-22,9,32,48
2018-01-23,9,32,52
2018-01-24,9,32,55
2018-01-25,9,32,58
2018-01-26,9,32,61
2018-01-27,9,32,64
2018-01-28,9,32,67
2018-01-29,9,32,48
2018-01-30,9,32,51
2018-01-31,9,32,54
2018-02-01,9,32,60
2018-02-02,9,32,63
2018-02-03,9,32,66
2018-02-04,9,32,69
2018-02-05,9,32,50
2018-02-06,9,32,53
2018-02-07,9,32,56
2018-02-08,9,32,59
2018-02-09,9,32,62
2018-02-10,9,32,66
2018-02-11,9,32,69
2018-02-12,9,32,49
2018-02-13,9,32,53
2018-02-14,9,32,56
2018-02-15,9,32,59
2018-02-16,9,32,62
2018-02-17,9,32,65
2018-02-18,9,32,68
2018-02-19,9,32,49
2018-02-20,9,32,52
2018-02-21,9,32,56
2018-02-22,9,32,59
2018-02-23,9,32,62
2018-02-24,9,32,65
2018-02-25,9,32,68
2018-02-26,9,32,49
2018-02-27,9,32,52
2018-02-28,9,32,55
2018-03-01,9,32,60
2018-03-02,9,32,64
2018-03-03,9,32,67
2018-03-04,9,32,70
2018-03-05,9,32,51
2018-03-06,9,32,54
2018-03-07,9,32,57
2018-03-08,9,32,60
2018-03-09,9,32,63
2018-03-10,9,32,66
2018-03-11,9,32,70
2018-03-12,9,32,50
2018-03-13,9,32,53
2018-03-14,9,32,57
2018-03-15,9,32,60
2018-03-16,9,32,63
2018-03-17,9,32,66
2018-03-18,9,32,69
2018-03-19,9,32,50
2018-03-20,9,32,53
2018-03-21,9,32,56
2018-03-22,9,32,60
2018-03-23,9,32,63
2018-03-24,9,32,66
2018-03-25,9,32,69
2018-03-26,9,32,50
2018-03-27,9,32,53
2018-03-28,9,32,56
2018-03-29,9,32,59
2018-03-30,9,32,62
2018-03-31,9,32,66
2018-01-01,10,32,49
2018-01-02,10,32,52
2018-01-03,10,32,55
2018-01-04,10,32,59
2018-01-05,10,32,62
2018-01-06,10,32,65
2018-01-07,10,32,68
2018-01-08,10,32,49
2018-01-09,10,32,52
2018-01-10,10,32,55
2018-01-11,10,32,58
2018-01-12,10,32,62
2018-01-13,10,32,65
2018-01-14,10,32,68
2018-01-15,10,32,49
2018-01-16,10,32,52
2018-01-17,10,32,55
2018-01-18,10,32,58
2018-01-19,10,32,61
2018-01-20,10,32,64
2018-01-21,10,32,68
2018-01-22,10,32,48
2018-01-23,10,32,51
2018-01-24,10,32,55
2018-01-25,10,32,58
2018-01-26,10,32,61
2018-01-27,10,32,64
2018-01-28,10,32,67
2018-01-29,10,32,48
2018-01-30,10,32,51
2018-01-31,10,32,54
2018-02-01,10,32,59
2018-02-02,10,32,63
2018-02-03,10,32,66
2018-02-04,10,32,69
2018-02-05,10,32,50
2018-02-06,10,32,53
2018-02-07,10,32,56
2018-02-08,10,32,59
2018-02-09,10,32,62
2018-02-10,10,32,66
2018-02-11,10,32,69
2018-02-12,10,32,49
2018-02-13,10,32,53
2018-02-14,10,32,56
2018-02-15,10,32,59
2018-02-16,10,32,62
2018-02-17,10,32,65
2018-02-18,10,32,68
2018-02-19,10,32,49
2018-02-20,10,32,52
2018-02-21,10,32,55
2018-02-22,10,32,59
2018-02-23,10,32,62
2018-02-24,10,32,65
2018-02-25,10,32,68
2018-02-26,10,32,49
2018-02-27,10,32,52
2018-02-28,10,32,55
2018-03-01,10,32,60
2018-03-02,10,32,63
2018-03-03,10,32,67
2018-03-04,10,32,70
2018-03-05,10,32,51
2018-03-06,10,32,54
2018-03-07,10,32,57
2018-03-08,10,32,60
2018-03-09,10,32,63
2018-03-10,10,32,66
2018-03-11,10,32,70
2018-03-12,10,32,50
2018-03-13,10,32,53
2018-03-14,10,32,57
2018-03-15,10,32,60
2018-03-16,10,32,63
2018-03-17,10,32,66
2018-03-18,10,32,69
2018-03-19,10,32,50
2018-03-20,10,32,53
2018-03-21,10,32,56
2018-03-22,10,32,59
2018-03-23,10,32,63
2018-03-24,10,32,66
2018-03-25,10,32,69
2018-03-26,10,32,50
2018-03-27,10,32,53
2018-03-28,10,32,56
2018-03-29,10,32,59
2018-03-30,10,32,62
2018-03-31,10,32,66
2018-01-01,1,33,50
2018-01-02,1,33,53
2018-01-03,1,33,56
2018-01-04,1,33,59
2018-01-05,1,33,62
2018-01-06,1,33,66
2018-01-07,1,33,69
2018-01-08,1,33,49
2018-01-09,1,33,53
2018-01-10,1,33,56
2018-01-11,1,33,59
2018-01-12,1,33,62
2018-01-13,1,33,65
2018-01-14,1,33,68
2018-01-15,1,33,49
2018-01-16,1,33,52
2018-01-17,1,33,56
2018-01-18,1,33,59
2018-01-19,1,33,62
2018-01-20,1,33,65
2018-01-21,1,33,68
2018-01-22,1,33,49
2018-01-23,1,33,52
2018-01-24,1,33,55
2018-01-25,1,33,58
2018-01-26,1,33,62
2018-01-27,1,33,65
2018-01-28,1,33,68
2018-01-29,1,33,49
2018-01-30,1,33,52
2018-01-31,1,33,55
2018-02-01,1,33,60
2018-02-02,1,33,63
2018-02-03,1,33,66
2018-02-04,1,33,70
2018-02-05,1,33,50
2018-02-06,1,33,53
2018-02-07,1,33,57
2018-02-08,1,33,60
2018-02-09,1,33,63
2018-02-10,1,33,66
2018-02-11,1,33,69
2018-02-12,1,33,50
2018-02-13,1,33,53
2018-02-14,1,33,56
2018-02-15,1,33,59
2018-02-16,1,33,63
2018-02-17,1,33,66
2018-02-18,1,33,69
2018-02-19,1,33,50
2018-02-20,1,33,53
2018-02-21,1,33,56
2018-02-22,1,33,59
2018-02-23,1,33,62
2018-02-24,1,33,66
2018-02-25,1,33,69
2018-02-26,1,33,49
2018-02-27,1,33,53
2018-02-28,1,33,56
2018-03-01,1,33,61
2018-03-02,1,33,64
2018-03-03,1,33,67
2018-03-04,1,33,70
2018-03-05,1,33,51
2018-03-06,1,33,54
2018-03-07,1,33,57
2018-03-08,1,33,61
2018-03-09,1,33,64
2018-03-10,1,33,67
2018-03-11,1,33,70
2018-03-12,1,33,51
2018-03-13,1,33,54
2018-03-14,1,33,57
2018-03-15,1,33,60
2018-03-16,1,33,63
2018-03-17,1,33,67
2018-03-18,1,33,70
2018-03-19,1,33,51
2018-03-20,1,33,54
2018-03-21,1,33,57
2018-03-22,1,33,60
2018-03-23,1,33,63
2018-03-24,1,33,66
2018-03-25,1,33,70
2018-03-26,1,33,50
2018-03-27,1,33,53
2018-03-28,1,33,57
2018-03-29,1,33,60
2018-03-30,1,33,63
2018-03-31,1,33,66
2018-01-01,2,33,50
2018-01-02,2,33,53
2018-01-03,2,33,56
2018-01-04,2,33,59
2018-01-05,2,33,62
2018-01-06,2,33,65
2018-01-07,2,33,69
2018-01-08,2,33,49
2018-01-09,2,33,53
2018-01-10,2,33,56
2018-01-11,2,33,59
2018-01-12,2,33,62
2018-01-13,2,33,65
2018-01-14,2,33,68
2018-01-15,2,33,49
2018-01-16,2,33,52
2018-01-17,2,33,55
2018-01-18,2,33,59
2018-01-19,2,33,62
2018-01-20,2,33,65
2018-01-21,2,33,68
2018-01-22,2,33,49
2018-01-23,2,33,52
2018-01-24,2,33,55
2018-01-25,2,33,58
2018-01-26,2,33,61
2018-01-27,2,33,65
2018-01-28,2,33,68
2018-01-29,2,33,49
2018-01-30,2,33,52
2018-01-31,2,33,55
2018-02-01,2,33,60
2018-02-02,2,33,63
2018-02-03,2,33,66
2018-02-04,2,33,69
2018-02-05,2,33,50
2018-02-06,2,33,53
2018-02-07,2,33,57
2018-02-08,2,33,60
2018-02-09,2,33,63
2018-02-10,2,33,66
2018-02-11,2,33,69
2018-02-12,2,33,50
2018-02-13,2,33,53
2018-02-14,2,33,56
2018-02-15,2,33,59
2018-02-16,2,33,63
2018-02-17,2,33,66
2018-02-18,2,33,69
2018-02-19,2,33,50
2018-02-20,2,33,53
2018-02-21,2,33,56
2018-02-22,2,33,59
2018-02-23,2,33,62
2018-02-24,2,33,65
2018-02-25,2,33,69
2018-02-26,2,33,49
2018-02-27,2,33,53
2018-02-28,2,33,56
2018-03-01,2,33,61
2018-03-02,2,33,64
2018-03-03,2,33,67
2018-03-04,2,33,70
2018-03-05,2,33,51
2018-03-06,2,33,54
2018-03-07,2,33,57
2018-03-08,2,33,61
2018-03-09,2,33,64
2018-03-10,2,33,67
2018-03-11,2,33,70
2018-03-12,2,33,51
2018-03-13,2,33,54
2018-03-14,2,33,57
2018-03-15,2,33,60
2018-03-16,2,33,63
2018-03-17,2,33,67
2018-03-18,2,33,70
2018-03-19,2,33,50
2018-03-20,2,33,54
2018-03-21,2,33,57
2018-03-22,2,33,60
2018-03-23,2,33,63
2018-03-24,2,33,66
2018-03-25,2,33,69
2018-03-26,2,33,50
2018-03-27,2,33,53
2018-03-28,2,33,57
2018-03-29,2,33,60
2018-03-30,2,33,63
2018-03-31,2,33,66
2018-01-01,3,33,50
2018-01-02,3,33,53
2018-01-03,3,33,56
2018-01-04,3,33,59
2018-01-05,3,33,62
2018-01-06,3,33,65
2018-01-07,3,33,69
2018-01-08,3,33,49
2018-01-09,3,33,52
2018-01-10,3,33,56
2018-01-11,3,33,59
2018-01-12,3,33,62
2018-01-13,3,33,65
2018-01-14,3,33,68
2018-01-15,3,33,49
2018-01-16,3,33,52
2018-01-17,3,33,55
2018-01-18,3,33,59
2018-01-19,3,33,62
2018-01-20,3,33,65
2018-01-21,3,33,68
2018-01-22,3,33,49
2018-01-23,3,33,52
2018-01-24,3,33,55
2018-01-25,3,33,58
2018-01-26,3,33,61
2018-01-27,3,33,65
2018-01-28,3,33,68
2018-01-29,3,33,48
2018-01-30,3,33,52
2018-01-31,3,33,55
2018-02-01,3,33,60
2018-02-02,3,33,63
2018-02-03,3,33,66
2018-02-04,3,33,69
2018-02-05,3,33,50
2018-02-06,3,33,53
2018-02-07,3,33,56
2018-02-08,3,33,60
2018-02-09,3,33,63
2018-02-10,3,33,66
2018-02-11,3,33,69
2018-02-12,3,33,50
2018-02-13,3,33,53
2018-02-14,3,33,56
2018-02-15,3,33,59
2018-02-16,3,33,63
2018-02-17,3,33,66
2018-02-18,3,33,69
2018-02-19,3,33,50
2018-02-20,3,33,53
2018-02-21,3,33,56
2018-02-22,3,33,59
2018-02-23,3,33,62
2018-02-24,3,33,65
2018-02-25,3,33,69
2018-02-26,3,33,49
2018-02-27,3,33,52
2018-02-28,3,33,56
2018-03-01,3,33,61
2018-03-02,3,33,64
2018-03-03,3,33,67
2018-03-04,3,33,70
2018-03-05,3,33,51
2018-03-06,3,33,54
2018-03-07,3,33,57
2018-03-08,3,33,60
2018-03-09,3,33,64
2018-03-10,3,33,67
2018-03-11,3,33,70
2018-03-12,3,33,51
2018-03-13,3,33,54
2018-03-14,3,33,57
2018-03-15,3,33,60
2018-03-16,3,33,63
2018-03-17,3,33,67
2018-03-18,3,33,70
2018-03-19,3,33,50
2018-03-20,3,33,54
2018-03-21,3,33,57
2018-03-22,3,33,60
2018-03-23,3,33,63
2018-03-24,3,33,66
2018-03-25,3,33,69
2018-03-26,3,33,50
2018-03-27,3,33,53
2018-03-28,3,33,56
2018-03-29,3,33,60
2018-03-30,3,33,63
2018-03-31,3,33,66
2018-01-01,4,33,49
2018-01-02,4,33,53
2018-01-03,4,33,56
2018-01-04,4,33,59
2018-01-05,4,33,62
2018-01-06,4,33,65
2018-01-07,4,33,68
2018-01-08,4,33,49
2018-01-09,4,33,52
2018-01-10,4,33,56
2018-01-11,4,33,59
2018-01-12,4,33,62
2018-01-13,4,33,65
2018-01-14,4,33,68
2018-01-15,4,33,49
2018-01-16,4,33,52
2018-01-17,4,33,55
2018-01-18,4,33,58
2018-01-19,4,33,62
2018-01-20,4,33,65
2018-01-21,4,33,68
2018-01-22,4,33,49
2018-01-23,4,33,52
2018-01-24,4,33,55
2018-01-25,4,33,58
2018-01-26,4,33,61
2018-01-27,4,33,64
2018-01-28,4,33,68
2018-01-29,4,33,48
2018-01-30,4,33,52
2018-01-31,4,33,55
2018-02-01,4,33,60
2018-02-02,4,33,63
2018-02-03,4,33,66
2018-02-04,4,33,69
2018-02-05,4,33,50
2018-02-06,4,33,53
2018-02-07,4,33,56
2018-02-08,4,33,60
2018-02-09,4,33,63
2018-02-10,4,33,66
2018-02-11,4,33,69
2018-02-12,4,33,50
2018-02-13,4,33,53
2018-02-14,4,33,56
2018-02-15,4,33,59
2018-02-16,4,33,62
2018-02-17,4,33,66
2018-02-18,4,33,69
2018-02-19,4,33,49
2018-02-20,4,33,53
2018-02-21,4,33,56
2018-02-22,4,33,59
2018-02-23,4,33,62
2018-02-24,4,33,65
2018-02-25,4,33,68
2018-02-26,4,33,49
2018-02-27,4,33,52
2018-02-28,4,33,56
2018-03-01,4,33,61
2018-03-02,4,33,64
2018-03-03,4,33,67
2018-03-04,4,33,70
2018-03-05,4,33,51
2018-03-06,4,33,54
2018-03-07,4,33,57
2018-03-08,4,33,60
2018-03-09,4,33,64
2018-03-10,4,33,67
2018-03-11,4,33,70
2018-03-12,4,33,51
2018-03-13,4,33,54
2018-03-14,4,33,57
2018-03-15,4,33,60
2018-03-16,4,33,63
2018-03-17,4,33,66
2018-03-18,4,33,70
2018-03-19,4,33,50
2018-03-20,4,33,53
2018-03-21,4,33,57
2018-03-22,4,33,60
2018-03-23,4,33,63
2018-03-24,4,33,66
2018-03-25,4,33,69
2018-03-26,4,33,50
2018-03-27,4,33,53
2018-03-28,4,33,56
2018-03-29,4,33,60
2018-03-30,4,33,63
2018-03-31,4,33,66
2018-01-01,5,33,49
2018-01-02,5,33,53
2018-01-03,5,33,56
2018-01-04,5,33,59
2018-01-05,5,33,62
2018-01-06,5,33,65
2018-01-07,5,33,68
2018-01-08,5,33,49
2018-01-09,5,33,52
2018-01-10,5,33,55
2018-01-11,5,33,59
2018-01-12,5,33,62
2018-01-13,5,33,65
2018-01-14,5,33,68
2018-01-15,5,33,49
2018-01-16,5,33,52
2018-01-17,5,33,55
2018-01-18,5,33,58
2018-01-19,5,33,62
2018-01-20,5,33,65
2018-01-21,5,33,68
2018-01-22,5,33,49
2018-01-23,5,33,52
2018-01-24,5,33,55
2018-01-25,5,33,58
2018-01-26,5,33,61
2018-01-27,5,33,64
2018-01-28,5,33,68
2018-01-29,5,33,48
2018-01-30,5,33,51
2018-01-31,5,33,55
2018-02-01,5,33,60
2018-02-02,5,33,63
2018-02-03,5,33,66
2018-02-04,5,33,69
2018-02-05,5,33,50
2018-02-06,5,33,53
2018-02-07,5,33,56
2018-02-08,5,33,59
2018-02-09,5,33,63
2018-02-10,5,33,66
2018-02-11,5,33,69
2018-02-12,5,33,50
2018-02-13,5,33,53
2018-02-14,5,33,56
2018-02-15,5,33,59
2018-02-16,5,33,62
2018-02-17,5,33,66
2018-02-18,5,33,69
2018-02-19,5,33,49
2018-02-20,5,33,53
2018-02-21,5,33,56
2018-02-22,5,33,59
2018-02-23,5,33,62
2018-02-24,5,33,65
2018-02-25,5,33,68
2018-02-26,5,33,49
2018-02-27,5,33,52
2018-02-28,5,33,55
2018-03-01,5,33,61
2018-03-02,5,33,64
2018-03-03,5,33,67
2018-03-04,5,33,70
2018-03-05,5,33,51
2018-03-06,5,33,54
2018-03-07,5,33,57
2018-03-08,5,33,60
2018-03-09,5,33,63
2018-03-10,5,33,67
2018-03-11,5,33,70
2018-03-12,5,33,51
2018-03-13,5,33,54
2018-03-14,5,33,57
2018-03-15,5,33,60
2018-03-16,5,33,63
2018-03-17,5,33,66
2018-03-18,5,33,70
2018-03-19,5,33,50
2018-03-20,5,33,53
2018-03-21,5,33,57
2018-03-22,5,33,60
2018-03-23,5,33,63
2018-03-24,5,33,66
2018-03-25,5,33,69
2018-03-26,5,33,50
2018-03-27,5,33,53
2018-03-28,5,33,56
2018-03-29,5,33,59
2018-03-30,5,33,63
2018-03-31,5,33,66
2018-01-01,6,33,49
2018-01-02,6,33,52
2018-01-03,6,33,56
2018-01-04,6,33,59
2018-01-05,6,33,62
2018-01-06,6,33,65
2018-01-07,6,33,68
2018-01-08,6,33,49
2018-01-09,6,33,52
2018-01-10,6,33,55
2018-01-11,6,33,59
2018-01-12,6,33,62
2018-01-13,6,33,65
2018-01-14,6,33,68
2018-01-15,6,33,49
2018-01-16,6,33,52
2018-01-17,6,33,55
2018-01-18,6,33,58
2018-01-19,6,33,61
2018-01-20,6,33,65
2018-01-21,6,33,68
2018-01-22,6,33,49
2018-01-23,6,33,52
2018-01-24,6,33,55
2018-01-25,6,33,58
2018-01-26,6,33,61
2018-01-27,6,33,64
2018-01-28,6,33,68
2018-01-29,6,33,48
2018-01-30,6,33,51
2018-01-31,6,33,55
2018-02-01,6,33,60
2018-02-02,6,33,63
2018-02-03,6,33,66
2018-02-04,6,33,69
2018-02-05,6,33,50
2018-02-06,6,33,53
2018-02-07,6,33,56
2018-02-08,6,33,59
2018-02-09,6,33,63
2018-02-10,6,33,66
2018-02-11,6,33,69
2018-02-12,6,33,50
2018-02-13,6,33,53
2018-02-14,6,33,56
2018-02-15,6,33,59
2018-02-16,6,33,62
2018-02-17,6,33,65
2018-02-18,6,33,69
2018-02-19,6,33,49
2018-02-20,6,33,53
2018-02-21,6,33,56
2018-02-22,6,33,59
2018-02-23,6,33,62
2018-02-24,6,33,65
2018-02-25,6,33,68
2018-02-26,6,33,49
2018-02-27,6,33,52
2018-02-28,6,33,55
2018-03-01,6,33,60
2018-03-02,6,33,64
2018-03-03,6,33,67
2018-03-04,6,33,70
2018-03-05,6,33,51
2018-03-06,6,33,54
2018-03-07,6,33,57
2018-03-08,6,33,60
2018-03-09,6,33,63
2018-03-10,6,33,67
2018-03-11,6,33,70
2018-03-12,6,33,50
2018-03-13,6,33,54
2018-03-14,6,33,57
2018-03-15,6,33,60
2018-03-16,6,33,63
2018-03-17,6,33,66
2018-03-18,6,33,69
2018-03-19,6,33,50
2018-03-20,6,33,53
2018-03-21,6,33,57
2018-03-22,6,33,60
2018-03-23,6,33,63
2018-03-24,6,33,66
2018-03-25,6,33,69
2018-03-26,6,33,50
2018-03-27,6,33,53
2018-03-28,6,33,56
2018-03-29,6,33,59
2018-03-30,6,33,63
2018-03-31,6,33,66
2018-01-01,7,33,49
2018-01-02,7,33,52
2018-01-03,7,33,56
2018-01-04,7,33,59
2018-01-05,7,33,62
2018-01-06,7,33,65
2018-01-07,7,33,68
2018-01-08,7,33,49
2018-01-09,7,33,52
2018-01-10,7,33,55
2018-01-11,7,33,58
2018-01-12,7,33,62
2018-01-13,7,33,65
2018-01-14,7,33,68
2018-01-15,7,33,49
2018-01-16,7,33,52
2018-01-17,7,33,55
2018-01-18,7,33,58
2018-01-19,7,33,61
2018-01-20,7,33,65
2018-01-21,7,33,68
2018-01-22,7,33,48
2018-01-23,7,33,52
2018-01-24,7,33,55
2018-01-25,7,33,58
2018-01-26,7,33,61
2018-01-27,7,33,64
2018-01-28,7,33,67
2018-01-29,7,33,48
2018-01-30,7,33,51
2018-01-31,7,33,54
2018-02-01,7,33,60
2018-02-02,7,33,63
2018-02-03,7,33,66
2018-02-04,7,33,69
2018-02-05,7,33,50
2018-02-06,7,33,53
2018-02-07,7,33,56
2018-02-08,7,33,59
2018-02-09,7,33,62
2018-02-10,7,33,66
2018-02-11,7,33,69
2018-02-12,7,33,50
2018-02-13,7,33,53
2018-02-14,7,33,56
2018-02-15,7,33,59
2018-02-16,7,33,62
2018-02-17,7,33,65
2018-02-18,7,33,69
2018-02-19,7,33,49
2018-02-20,7,33,52
2018-02-21,7,33,56
2018-02-22,7,33,59
2018-02-23,7,33,62
2018-02-24,7,33,65
2018-02-25,7,33,68
2018-02-26,7,33,49
2018-02-27,7,33,52
2018-02-28,7,33,55
2018-03-01,7,33,60
2018-03-02,7,33,64
2018-03-03,7,33,67
2018-03-04,7,33,70
2018-03-05,7,33,51
2018-03-06,7,33,54
2018-03-07,7,33,57
2018-03-08,7,33,60
2018-03-09,7,33,63
2018-03-10,7,33,66
2018-03-11,7,33,70
2018-03-12,7,33,50
2018-03-13,7,33,54
2018-03-14,7,33,57
2018-03-15,7,33,60
2018-03-16,7,33,63
2018-03-17,7,33,66
2018-03-18,7,33,69
2018-03-19,7,33,50
2018-03-20,7,33,53
2018-03-21,7,33,56
2018-03-22,7,33,60
2018-03-23,7,33,63
2018-03-24,7,33,66
2018-03-25,7,33,69
2018-03-26,7,33,50
2018-03-27,7,33,53
2018-03-28,7,33,56
2018-03-29,7,33,59
2018-03-30,7,33,62
2018-03-31,7,33,66
2018-01-01,8,33,49
2018-01-02,8,33,52
2018-01-03,8,33,56
2018-01-04,8,33,59
2018-01-05,8,33,62
2018-01-06,8,33,65
2018-01-07,8,33,68
2018-01-08,8,33,49
2018-01-09,8,33,52
2018-01-10,8,33,55
2018-01-11,8,33,58
2018-01-12,8,33,62
2018-01-13,8,33,65
2018-01-14,8,33,68
2018-01-15,8,33,49
2018-01-16,8,33,52
2018-01-17,8,33,55
2018-01-18,8,33,58
2018-01-19,8,33,61
2018-01-20,8,33,64
2018-01-21,8,33,68
2018-01-22,8,33,48
2018-01-23,8,33,52
2018-01-24,8,33,55
2018-01-25,8,33,58
2018-01-26,8,33,61
2018-01-27,8,33,64
2018-01-28,8,33,67
2018-01-29,8,33,48
2018-01-30,8,33,51
2018-01-31,8,33,54
2018-02-01,8,33,59
2018-02-02,8,33,63
2018-02-03,8,33,66
2018-02-04,8,33,69
2018-02-05,8,33,50
2018-02-06,8,33,53
2018-02-07,8,33,56
2018-02-08,8,33,59
2018-02-09,8,33,62
2018-02-10,8,33,66
2018-02-11,8,33,69
2018-02-12,8,33,49
2018-02-13,8,33,53
2018-02-14,8,33,56
2018-02-15,8,33,59
2018-02-16,8,33,62
2018-02-17,8,33,65
2018-02-18,8,33,68
2018-02-19,8,33,49
2018-02-20,8,33,52
2018-02-21,8,33,56
2018-02-22,8,33,59
2018-02-23,8,33,62
2018-02-24,8,33,65
2018-02-25,8,33,68
2018-02-26,8,33,49
2018-02-27,8,33,52
2018-02-28,8,33,55
2018-03-01,8,33,60
2018-03-02,8,33,63
2018-03-03,8,33,67
2018-03-04,8,33,70
2018-03-05,8,33,51
2018-03-06,8,33,54
2018-03-07,8,33,57
2018-03-08,8,33,60
2018-03-09,8,33,63
2018-03-10,8,33,66
2018-03-11,8,33,70
2018-03-12,8,33,50
2018-03-13,8,33,53
2018-03-14,8,33,57
2018-03-15,8,33,60
2018-03-16,8,33,63
2018-03-17,8,33,66
2018-03-18,8,33,69
2018-03-19,8,33,50
2018-03-20,8,33,53
2018-03-21,8,33,56
2018-03-22,8,33,60
2018-03-23,8,33,63
2018-03-24,8,33,66
2018-03-25,8,33,69
2018-03-26,8,33,50
2018-03-27,8,33,53
2018-03-28,8,33,56
2018-03-29,8,33,59
2018-03-30,8,33,62
2018-03-31,8,33,66
2018-01-01,9,33,49
2018-01-02,9,33,52
2018-01-03,9,33,55
2018-01-04,9,33,59
2018-01-05,9,33,62
2018-01-06,9,33,65
2018-01-07,9,33,68
2018-01-08,9,33,49
2018-01-09,9,33,52
2018-01-10,9,33,55
2018-01-11,9,33,58
2018-01-12,9,33,61
2018-01-13,9,33,65
2018-01-14,9,33,68
2018-01-15,9,33,49
2018-01-16,9,33,52
2018-01-17,9,33,55
2018-01-18,9,33,58
2018-01-19,9,33,61
2018-01-20,9,33,64
2018-01-21,9,33,68
2018-01-22,9,33,48
2018-01-23,9,33,51
2018-01-24,9,33,55
2018-01-25,9,33,58
2018-01-26,9,33,61
2018-01-27,9,33,64
2018-01-28,9,33,67
2018-01-29,9,33,48
2018-01-30,9,33,51
2018-01-31,9,33,54
2018-02-01,9,33,59
2018-02-02,9,33,63
2018-02-03,9,33,66
2018-02-04,9,33,69
2018-02-05,9,33,50
2018-02-06,9,33,53
2018-02-07,9,33,56
2018-02-08,9,33,59
2018-02-09,9,33,62
2018-02-10,9,33,65
2018-02-11,9,33,69
2018-02-12,9,33,49
2018-02-13,9,33,53
2018-02-14,9,33,56
2018-02-15,9,33,59
2018-02-16,9,33,62
2018-02-17,9,33,65
2018-02-18,9,33,68
2018-02-19,9,33,49
2018-02-20,9,33,52
2018-02-21,9,33,55
2018-02-22,9,33,59
2018-02-23,9,33,62
2018-02-24,9,33,65
2018-02-25,9,33,68
2018-02-26,9,33,49
2018-02-27,9,33,52
2018-02-28,9,33,55
2018-03-01,9,33,60
2018-03-02,9,33,63
2018-03-03,9,33,67
2018-03-04,9,33,70
2018-03-05,9,33,50
2018-03-06,9,33,54
2018-03-07,9,33,57
2018-03-08,9,33,60
2018-03-09,9,33,63
2018-03-10,9,33,66
2018-03-11,9,33,69
2018-03-12,9,33,50
2018-03-13,9,33,53
2018-03-14,9,33,57
2018-03-15,9,33,60
2018-03-16,9,33,63
2018-03-17,9,33,66
2018-03-18,9,33,69
2018-03-19,9,33,50
2018-03-20,9,33,53
2018-03-21,9,33,56
2018-03-22,9,33,59
2018-03-23,9,33,63
2018-03-24,9,33,66
2018-03-25,9,33,69
2018-03-26,9,33,50
2018-03-27,9,33,53
2018-03-28,9,33,56
2018-03-29,9,33,59
2018-03-30,9,33,62
2018-03-31,9,33,65
2018-01-01,10,33,49
2018-01-02,10,33,52
2018-01-03,10,33,55
2018-01-04,10,33,59
2018-01-05,10,33,62
2018-01-06,10,33,65
2018-01-07,10,33,68
2018-01-08,10,33,49
2018-01-09,10,33,52
2018-01-10,10,33,55
2018-01-11,10,33,58
2018-01-12,10,33,61
2018-01-13,10,33,65
2018-01-14,10,33,68
2018-01-15,10,33,48
2018-01-16,10,33,52
2018-01-17,10,33,55
2018-01-18,10,33,58
2018-01-19,10,33,61
2018-01-20,10,33,64
2018-01-21,10,33,67
2018-01-22,10,33,48
2018-01-23,10,33,51
2018-01-24,10,33,55
2018-01-25,10,33,58
2018-01-26,10,33,61
2018-01-27,10,33,64
2018-01-28,10,33,67
2018-01-29,10,33,48
2018-01-30,10,33,51
2018-01-31,10,33,54
2018-02-01,10,33,59
2018-02-02,10,33,63
2018-02-03,10,33,66
2018-02-04,10,33,69
2018-02-05,10,33,50
2018-02-06,10,33,53
2018-02-07,10,33,56
2018-02-08,10,33,59
2018-02-09,10,33,62
2018-02-10,10,33,65
2018-02-11,10,33,69
2018-02-12,10,33,49
2018-02-13,10,33,52
2018-02-14,10,33,56
2018-02-15,10,33,59
2018-02-16,10,33,62
2018-02-17,10,33,65
2018-02-18,10,33,68
2018-02-19,10,33,49
2018-02-20,10,33,52
2018-02-21,10,33,55
2018-02-22,10,33,59
2018-02-23,10,33,62
2018-02-24,10,33,65
2018-02-25,10,33,68
2018-02-26,10,33,49
2018-02-27,10,33,52
2018-02-28,10,33,55
2018-03-01,10,33,60
2018-03-02,10,33,63
2018-03-03,10,33,67
2018-03-04,10,33,70
2018-03-05,10,33,50
2018-03-06,10,33,54
2018-03-07,10,33,57
2018-03-08,10,33,60
2018-03-09,10,33,63
2018-03-10,10,33,66
2018-03-11,10,33,69
2018-03-12,10,33,50
2018-03-13,10,33,53
2018-03-14,10,33,56
2018-03-15,10,33,60
2018-03-16,10,33,63
2018-03-17,10,33,66
2018-03-18,10,33,69
2018-03-19,10,33,50
2018-03-20,10,33,53
2018-03-21,10,33,56
2018-03-22,10,33,59
2018-03-23,10,33,63
2018-03-24,10,33,66
2018-03-25,10,33,69
2018-03-26,10,33,50
2018-03-27,10,33,53
2018-03-28,10,33,56
2018-03-29,10,33,59
2018-03-30,10,33,62
2018-03-31,10,33,65
2018-01-01,1,34,50
2018-01-02,1,34,53
2018-01-03,1,34,56
2018-01-04,1,34,59
2018-01-05,1,34,62
2018-01-06,1,34,65
2018-01-07,1,34,69
2018-01-08,1,34,49
2018-01-09,1,34,52
2018-01-10,1,34,56
2018-01-11,1,34,59
2018-01-12,1,34,62
2018-01-13,1,34,65
2018-01-14,1,34,68
2018-01-15,1,34,49
2018-01-16,1,34,52
2018-01-17,1,34,55
2018-01-18,1,34,59
2018-01-19,1,34,62
2018-01-20,1,34,65
2018-01-21,1,34,68
2018-01-22,1,34,49
2018-01-23,1,34,52
2018-01-24,1,34,55
2018-01-25,1,34,58
2018-01-26,1,34,61
2018-01-27,1,34,65
2018-01-28,1,34,68
2018-01-29,1,34,49
2018-01-30,1,34,52
2018-01-31,1,34,55
2018-02-01,1,34,60
2018-02-02,1,34,63
2018-02-03,1,34,66
2018-02-04,1,34,69
2018-02-05,1,34,50
2018-02-06,1,34,53
2018-02-07,1,34,56
2018-02-08,1,34,60
2018-02-09,1,34,63
2018-02-10,1,34,66
2018-02-11,1,34,69
2018-02-12,1,34,50
2018-02-13,1,34,53
2018-02-14,1,34,56
2018-02-15,1,34,59
2018-02-16,1,34,63
2018-02-17,1,34,66
2018-02-18,1,34,69
2018-02-19,1,34,50
2018-02-20,1,34,53
2018-02-21,1,34,56
2018-02-22,1,34,59
2018-02-23,1,34,62
2018-02-24,1,34,65
2018-02-25,1,34,69
2018-02-26,1,34,49
2018-02-27,1,34,53
2018-02-28,1,34,56
2018-03-01,1,34,61
2018-03-02,1,34,64
2018-03-03,1,34,67
2018-03-04,1,34,70
2018-03-05,1,34,51
2018-03-06,1,34,54
2018-03-07,1,34,57
2018-03-08,1,34,60
2018-03-09,1,34,64
2018-03-10,1,34,67
2018-03-11,1,34,70
2018-03-12,1,34,51
2018-03-13,1,34,54
2018-03-14,1,34,57
2018-03-15,1,34,60
2018-03-16,1,34,63
2018-03-17,1,34,67
2018-03-18,1,34,70
2018-03-19,1,34,50
2018-03-20,1,34,54
2018-03-21,1,34,57
2018-03-22,1,34,60
2018-03-23,1,34,63
2018-03-24,1,34,66
2018-03-25,1,34,69
2018-03-26,1,34,50
2018-03-27,1,34,53
2018-03-28,1,34,57
2018-03-29,1,34,60
2018-03-30,1,34,63
2018-03-31,1,34,66
2018-01-01,2,34,50
2018-01-02,2,34,53
2018-01-03,2,34,56
2018-01-04,2,34,59
2018-01-05,2,34,62
2018-01-06,2,34,65
2018-01-07,2,34,69
2018-01-08,2,34,49
2018-01-09,2,34,52
2018-01-10,2,34,56
2018-01-11,2,34,59
2018-01-12,2,34,62
2018-01-13,2,34,65
2018-01-14,2,34,68
2018-01-15,2,34,49
2018-01-16,2,34,52
2018-01-17,2,34,55
2018-01-18,2,34,58
2018-01-19,2,34,62
2018-01-20,2,34,65
2018-01-21,2,34,68
2018-01-22,2,34,49
2018-01-23,2,34,52
2018-01-24,2,34,55
2018-01-25,2,34,58
2018-01-26,2,34,61
2018-01-27,2,34,65
2018-01-28,2,34,68
2018-01-29,2,34,48
2018-01-30,2,34,52
2018-01-31,2,34,55
2018-02-01,2,34,60
2018-02-02,2,34,63
2018-02-03,2,34,66
2018-02-04,2,34,69
2018-02-05,2,34,50
2018-02-06,2,34,53
2018-02-07,2,34,56
2018-02-08,2,34,60
2018-02-09,2,34,63
2018-02-10,2,34,66
2018-02-11,2,34,69
2018-02-12,2,34,50
2018-02-13,2,34,53
2018-02-14,2,34,56
2018-02-15,2,34,59
2018-02-16,2,34,62
2018-02-17,2,34,66
2018-02-18,2,34,69
2018-02-19,2,34,50
2018-02-20,2,34,53
2018-02-21,2,34,56
2018-02-22,2,34,59
2018-02-23,2,34,62
2018-02-24,2,34,65
2018-02-25,2,34,69
2018-02-26,2,34,49
2018-02-27,2,34,52
2018-02-28,2,34,56
2018-03-01,2,34,61
2018-03-02,2,34,64
2018-03-03,2,34,67
2018-03-04,2,34,70
2018-03-05,2,34,51
2018-03-06,2,34,54
2018-03-07,2,34,57
2018-03-08,2,34,60
2018-03-09,2,34,64
2018-03-10,2,34,67
2018-03-11,2,34,70
2018-03-12,2,34,51
2018-03-13,2,34,54
2018-03-14,2,34,57
2018-03-15,2,34,60
2018-03-16,2,34,63
2018-03-17,2,34,66
2018-03-18,2,34,70
2018-03-19,2,34,50
2018-03-20,2,34,54
2018-03-21,2,34,57
2018-03-22,2,34,60
2018-03-23,2,34,63
2018-03-24,2,34,66
2018-03-25,2,34,69
2018-03-26,2,34,50
2018-03-27,2,34,53
2018-03-28,2,34,56
2018-03-29,2,34,60
2018-03-30,2,34,63
2018-03-31,2,34,66
2018-01-01,3,34,49
2018-01-02,3,34,53
2018-01-03,3,34,56
2018-01-04,3,34,59
2018-01-05,3,34,62
2018-01-06,3,34,65
2018-01-07,3,34,68
2018-01-08,3,34,49
2018-01-09,3,34,52
2018-01-10,3,34,56
2018-01-11,3,34,59
2018-01-12,3,34,62
2018-01-13,3,34,65
2018-01-14,3,34,68
2018-01-15,3,34,49
2018-01-16,3,34,52
2018-01-17,3,34,55
2018-01-18,3,34,58
2018-01-19,3,34,62
2018-01-20,3,34,65
2018-01-21,3,34,68
2018-01-22,3,34,49
2018-01-23,3,34,52
2018-01-24,3,34,55
2018-01-25,3,34,58
2018-01-26,3,34,61
2018-01-27,3,34,64
2018-01-28,3,34,68
2018-01-29,3,34,48
2018-01-30,3,34,52
2018-01-31,3,34,55
2018-02-01,3,34,60
2018-02-02,3,34,63
2018-02-03,3,34,66
2018-02-04,3,34,69
2018-02-05,3,34,50
2018-02-06,3,34,53
2018-02-07,3,34,56
2018-02-08,3,34,60
2018-02-09,3,34,63
2018-02-10,3,34,66
2018-02-11,3,34,69
2018-02-12,3,34,50
2018-02-13,3,34,53
2018-02-14,3,34,56
2018-02-15,3,34,59
2018-02-16,3,34,62
2018-02-17,3,34,66
2018-02-18,3,34,69
2018-02-19,3,34,49
2018-02-20,3,34,53
2018-02-21,3,34,56
2018-02-22,3,34,59
2018-02-23,3,34,62
2018-02-24,3,34,65
2018-02-25,3,34,68
2018-02-26,3,34,49
2018-02-27,3,34,52
2018-02-28,3,34,56
2018-03-01,3,34,61
2018-03-02,3,34,64
2018-03-03,3,34,67
2018-03-04,3,34,70
2018-03-05,3,34,51
2018-03-06,3,34,54
2018-03-07,3,34,57
2018-03-08,3,34,60
2018-03-09,3,34,63
2018-03-10,3,34,67
2018-03-11,3,34,70
2018-03-12,3,34,51
2018-03-13,3,34,54
2018-03-14,3,34,57
2018-03-15,3,34,60
2018-03-16,3,34,63
2018-03-17,3,34,66
2018-03-18,3,34,70
2018-03-19,3,34,50
2018-03-20,3,34,53
2018-03-21,3,34,57
2018-03-22,3,34,60
2018-03-23,3,34,63
2018-03-24,3,34,66
2018-03-25,3,34,69
2018-03-26,3,34,50
2018-03-27,3,34,53
2018-03-28,3,34,56
2018-03-29,3,34,60
2018-03-30,3,34,63
2018-03-31,3,34,66
2018-01-01,4,34,49
2018-01-02,4,34,53
2018-01-03,4,34,56
2018-01-04,4,34,59
2018-01-05,4,34,62
2018-01-06,4,34,65
2018-01-07,4,34,68
2018-01-08,4,34,49
2018-01-09,4,34,52
2018-01-10,4,34,55
2018-01-11,4,34,59
2018-01-12,4,34,62
2018-01-13,4,34,65
2018-01-14,4,34,68
2018-01-15,4,34,49
2018-01-16,4,34,52
2018-01-17,4,34,55
2018-01-18,4,34,58
2018-01-19,4,34,61
2018-01-20,4,34,65
2018-01-21,4,34,68
2018-01-22,4,34,49
2018-01-23,4,34,52
2018-01-24,4,34,55
2018-01-25,4,34,58
2018-01-26,4,34,61
2018-01-27,4,34,64
2018-01-28,4,34,68
2018-01-29,4,34,48
2018-01-30,4,34,51
2018-01-31,4,34,55
2018-02-01,4,34,60
2018-02-02,4,34,63
2018-02-03,4,34,66
2018-02-04,4,34,69
2018-02-05,4,34,50
2018-02-06,4,34,53
2018-02-07,4,34,56
2018-02-08,4,34,59
2018-02-09,4,34,63
2018-02-10,4,34,66
2018-02-11,4,34,69
2018-02-12,4,34,50
2018-02-13,4,34,53
2018-02-14,4,34,56
2018-02-15,4,34,59
2018-02-16,4,34,62
2018-02-17,4,34,65
2018-02-18,4,34,69
2018-02-19,4,34,49
2018-02-20,4,34,53
2018-02-21,4,34,56
2018-02-22,4,34,59
2018-02-23,4,34,62
2018-02-24,4,34,65
2018-02-25,4,34,68
2018-02-26,4,34,49
2018-02-27,4,34,52
2018-02-28,4,34,55
2018-03-01,4,34,61
2018-03-02,4,34,64
2018-03-03,4,34,67
2018-03-04,4,34,70
2018-03-05,4,34,51
2018-03-06,4,34,54
2018-03-07,4,34,57
2018-03-08,4,34,60
2018-03-09,4,34,63
2018-03-10,4,34,67
2018-03-11,4,34,70
2018-03-12,4,34,50
2018-03-13,4,34,54
2018-03-14,4,34,57
2018-03-15,4,34,60
2018-03-16,4,34,63
2018-03-17,4,34,66
2018-03-18,4,34,69
2018-03-19,4,34,50
2018-03-20,4,34,53
2018-03-21,4,34,57
2018-03-22,4,34,60
2018-03-23,4,34,63
2018-03-24,4,34,66
2018-03-25,4,34,69
2018-03-26,4,34,50
2018-03-27,4,34,53
2018-03-28,4,34,56
2018-03-29,4,34,59
2018-03-30,4,34,63
2018-03-31,4,34,66
2018-01-01,5,34,49
2018-01-02,5,34,52
2018-01-03,5,34,56
2018-01-04,5,34,59
2018-01-05,5,34,62
2018-01-06,5,34,65
2018-01-07,5,34,68
2018-01-08,5,34,49
2018-01-09,5,34,52
2018-01-10,5,34,55
2018-01-11,5,34,59
2018-01-12,5,34,62
2018-01-13,5,34,65
2018-01-14,5,34,68
2018-01-15,5,34,49
2018-01-16,5,34,52
2018-01-17,5,34,55
2018-01-18,5,34,58
2018-01-19,5,34,61
2018-01-20,5,34,65
2018-01-21,5,34,68
2018-01-22,5,34,48
2018-01-23,5,34,52
2018-01-24,5,34,55
2018-01-25,5,34,58
2018-01-26,5,34,61
2018-01-27,5,34,64
2018-01-28,5,34,67
2018-01-29,5,34,48
2018-01-30,5,34,51
2018-01-31,5,34,55
2018-02-01,5,34,60
2018-02-02,5,34,63
2018-02-03,5,34,66
2018-02-04,5,34,69
2018-02-05,5,34,50
2018-02-06,5,34,53
2018-02-07,5,34,56
2018-02-08,5,34,59
2018-02-09,5,34,63
2018-02-10,5,34,66
2018-02-11,5,34,69
2018-02-12,5,34,50
2018-02-13,5,34,53
2018-02-14,5,34,56
2018-02-15,5,34,59
2018-02-16,5,34,62
2018-02-17,5,34,65
2018-02-18,5,34,69
2018-02-19,5,34,49
2018-02-20,5,34,52
2018-02-21,5,34,56
2018-02-22,5,34,59
2018-02-23,5,34,62
2018-02-24,5,34,65
2018-02-25,5,34,68
2018-02-26,5,34,49
2018-02-27,5,34,52
2018-02-28,5,34,55
2018-03-01,5,34,60
2018-03-02,5,34,64
2018-03-03,5,34,67
2018-03-04,5,34,70
2018-03-05,5,34,51
2018-03-06,5,34,54
2018-03-07,5,34,57
2018-03-08,5,34,60
2018-03-09,5,34,63
2018-03-10,5,34,67
2018-03-11,5,34,70
2018-03-12,5,34,50
2018-03-13,5,34,54
2018-03-14,5,34,57
2018-03-15,5,34,60
2018-03-16,5,34,63
2018-03-17,5,34,66
2018-03-18,5,34,69
2018-03-19,5,34,50
2018-03-20,5,34,53
2018-03-21,5,34,56
2018-03-22,5,34,60
2018-03-23,5,34,63
2018-03-24,5,34,66
2018-03-25,5,34,69
2018-03-26,5,34,50
2018-03-27,5,34,53
2018-03-28,5,34,56
2018-03-29,5,34,59
2018-03-30,5,34,63
2018-03-31,5,34,66
2018-01-01,6,34,49
2018-01-02,6,34,52
2018-01-03,6,34,56
2018-01-04,6,34,59
2018-01-05,6,34,62
2018-01-06,6,34,65
2018-01-07,6,34,68
2018-01-08,6,34,49
2018-01-09,6,34,52
2018-01-10,6,34,55
2018-01-11,6,34,58
2018-01-12,6,34,62
2018-01-13,6,34,65
2018-01-14,6,34,68
2018-01-15,6,34,49
2018-01-16,6,34,52
2018-01-17,6,34,55
2018-01-18,6,34,58
2018-01-19,6,34,61
2018-01-20,6,34,65
2018-01-21,6,34,68
2018-01-22,6,34,48
2018-01-23,6,34,52
2018-01-24,6,34,55
2018-01-25,6,34,58
2018-01-26,6,34,61
2018-01-27,6,34,64
2018-01-28,6,34,67
2018-01-29,6,34,48
2018-01-30,6,34,51
2018-01-31,6,34,54
2018-02-01,6,34,60
2018-02-02,6,34,63
2018-02-03,6,34,66
2018-02-04,6,34,69
2018-02-05,6,34,50
2018-02-06,6,34,53
2018-02-07,6,34,56
2018-02-08,6,34,59
2018-02-09,6,34,62
2018-02-10,6,34,66
2018-02-11,6,34,69
2018-02-12,6,34,49
2018-02-13,6,34,53
2018-02-14,6,34,56
2018-02-15,6,34,59
2018-02-16,6,34,62
2018-02-17,6,34,65
2018-02-18,6,34,68
2018-02-19,6,34,49
2018-02-20,6,34,52
2018-02-21,6,34,56
2018-02-22,6,34,59
2018-02-23,6,34,62
2018-02-24,6,34,65
2018-02-25,6,34,68
2018-02-26,6,34,49
2018-02-27,6,34,52
2018-02-28,6,34,55
2018-03-01,6,34,60
2018-03-02,6,34,64
2018-03-03,6,34,67
2018-03-04,6,34,70
2018-03-05,6,34,51
2018-03-06,6,34,54
2018-03-07,6,34,57
2018-03-08,6,34,60
2018-03-09,6,34,63
2018-03-10,6,34,66
2018-03-11,6,34,70
2018-03-12,6,34,50
2018-03-13,6,34,53
2018-03-14,6,34,57
2018-03-15,6,34,60
2018-03-16,6,34,63
2018-03-17,6,34,66
2018-03-18,6,34,69
2018-03-19,6,34,50
2018-03-20,6,34,53
2018-03-21,6,34,56
2018-03-22,6,34,60
2018-03-23,6,34,63
2018-03-24,6,34,66
2018-03-25,6,34,69
2018-03-26,6,34,50
2018-03-27,6,34,53
2018-03-28,6,34,56
2018-03-29,6,34,59
2018-03-30,6,34,62
2018-03-31,6,34,66
2018-01-01,7,34,49
2018-01-02,7,34,52
2018-01-03,7,34,55
2018-01-04,7,34,59
2018-01-05,7,34,62
2018-01-06,7,34,65
2018-01-07,7,34,68
2018-01-08,7,34,49
2018-01-09,7,34,52
2018-01-10,7,34,55
2018-01-11,7,34,58
2018-01-12,7,34,62
2018-01-13,7,34,65
2018-01-14,7,34,68
2018-01-15,7,34,49
2018-01-16,7,34,52
2018-01-17,7,34,55
2018-01-18,7,34,58
2018-01-19,7,34,61
2018-01-20,7,34,64
2018-01-21,7,34,68
2018-01-22,7,34,48
2018-01-23,7,34,51
2018-01-24,7,34,55
2018-01-25,7,34,58
2018-01-26,7,34,61
2018-01-27,7,34,64
2018-01-28,7,34,67
2018-01-29,7,34,48
2018-01-30,7,34,51
2018-01-31,7,34,54
2018-02-01,7,34,59
2018-02-02,7,34,63
2018-02-03,7,34,66
2018-02-04,7,34,69
2018-02-05,7,34,50
2018-02-06,7,34,53
2018-02-07,7,34,56
2018-02-08,7,34,59
2018-02-09,7,34,62
2018-02-10,7,34,66
2018-02-11,7,34,69
2018-02-12,7,34,49
2018-02-13,7,34,53
2018-02-14,7,34,56
2018-02-15,7,34,59
2018-02-16,7,34,62
2018-02-17,7,34,65
2018-02-18,7,34,68
2018-02-19,7,34,49
2018-02-20,7,34,52
2018-02-21,7,34,55
2018-02-22,7,34,59
2018-02-23,7,34,62
2018-02-24,7,34,65
2018-02-25,7,34,68
2018-02-26,7,34,49
2018-02-27,7,34,52
2018-02-28,7,34,55
2018-03-01,7,34,60
2018-03-02,7,34,63
2018-03-03,7,34,67
2018-03-04,7,34,70
2018-03-05,7,34,51
2018-03-06,7,34,54
2018-03-07,7,34,57
2018-03-08,7,34,60
2018-03-09,7,34,63
2018-03-10,7,34,66
2018-03-11,7,34,70
2018-03-12,7,34,50
2018-03-13,7,34,53
2018-03-14,7,34,57
2018-03-15,7,34,60
2018-03-16,7,34,63
2018-03-17,7,34,66
2018-03-18,7,34,69
2018-03-19,7,34,50
2018-03-20,7,34,53
2018-03-21,7,34,56
2018-03-22,7,34,59
2018-03-23,7,34,63
2018-03-24,7,34,66
2018-03-25,7,34,69
2018-03-26,7,34,50
2018-03-27,7,34,53
2018-03-28,7,34,56
2018-03-29,7,34,59
2018-03-30,7,34,62
2018-03-31,7,34,66
2018-01-01,8,34,49
2018-01-02,8,34,52
2018-01-03,8,34,55
2018-01-04,8,34,59
2018-01-05,8,34,62
2018-01-06,8,34,65
2018-01-07,8,34,68
2018-01-08,8,34,49
2018-01-09,8,34,52
2018-01-10,8,34,55
2018-01-11,8,34,58
2018-01-12,8,34,61
2018-01-13,8,34,65
2018-01-14,8,34,68
2018-01-15,8,34,49
2018-01-16,8,34,52
2018-01-17,8,34,55
2018-01-18,8,34,58
2018-01-19,8,34,61
2018-01-20,8,34,64
2018-01-21,8,34,68
2018-01-22,8,34,48
2018-01-23,8,34,51
2018-01-24,8,34,55
2018-01-25,8,34,58
2018-01-26,8,34,61
2018-01-27,8,34,64
2018-01-28,8,34,67
2018-01-29,8,34,48
2018-01-30,8,34,51
2018-01-31,8,34,54
2018-02-01,8,34,59
2018-02-02,8,34,63
2018-02-03,8,34,66
2018-02-04,8,34,69
2018-02-05,8,34,50
2018-02-06,8,34,53
2018-02-07,8,34,56
2018-02-08,8,34,59
2018-02-09,8,34,62
2018-02-10,8,34,65
2018-02-11,8,34,69
2018-02-12,8,34,49
2018-02-13,8,34,53
2018-02-14,8,34,56
2018-02-15,8,34,59
2018-02-16,8,34,62
2018-02-17,8,34,65
2018-02-18,8,34,68
2018-02-19,8,34,49
2018-02-20,8,34,52
2018-02-21,8,34,55
2018-02-22,8,34,59
2018-02-23,8,34,62
2018-02-24,8,34,65
2018-02-25,8,34,68
2018-02-26,8,34,49
2018-02-27,8,34,52
2018-02-28,8,34,55
2018-03-01,8,34,60
2018-03-02,8,34,63
2018-03-03,8,34,67
2018-03-04,8,34,70
2018-03-05,8,34,50
2018-03-06,8,34,54
2018-03-07,8,34,57
2018-03-08,8,34,60
2018-03-09,8,34,63
2018-03-10,8,34,66
2018-03-11,8,34,69
2018-03-12,8,34,50
2018-03-13,8,34,53
2018-03-14,8,34,57
2018-03-15,8,34,60
2018-03-16,8,34,63
2018-03-17,8,34,66
2018-03-18,8,34,69
2018-03-19,8,34,50
2018-03-20,8,34,53
2018-03-21,8,34,56
2018-03-22,8,34,59
2018-03-23,8,34,63
2018-03-24,8,34,66
2018-03-25,8,34,69
2018-03-26,8,34,50
2018-03-27,8,34,53
2018-03-28,8,34,56
2018-03-29,8,34,59
2018-03-30,8,34,62
2018-03-31,8,34,65
2018-01-01,9,34,49
2018-01-02,9,34,52
2018-01-03,9,34,55
2018-01-04,9,34,58
2018-01-05,9,34,62
2018-01-06,9,34,65
2018-01-07,9,34,68
2018-01-08,9,34,49
2018-01-09,9,34,52
2018-01-10,9,34,55
2018-01-11,9,34,58
2018-01-12,9,34,61
2018-01-13,9,34,65
2018-01-14,9,34,68
2018-01-15,9,34,48
2018-01-16,9,34,52
2018-01-17,9,34,55
2018-01-18,9,34,58
2018-01-19,9,34,61
2018-01-20,9,34,64
2018-01-21,9,34,67
2018-01-22,9,34,48
2018-01-23,9,34,51
2018-01-24,9,34,55
2018-01-25,9,34,58
2018-01-26,9,34,61
2018-01-27,9,34,64
2018-01-28,9,34,67
2018-01-29,9,34,48
2018-01-30,9,34,51
2018-01-31,9,34,54
2018-02-01,9,34,59
2018-02-02,9,34,62
2018-02-03,9,34,66
2018-02-04,9,34,69
2018-02-05,9,34,50
2018-02-06,9,34,53
2018-02-07,9,34,56
2018-02-08,9,34,59
2018-02-09,9,34,62
2018-02-10,9,34,65
2018-02-11,9,34,69
2018-02-12,9,34,49
2018-02-13,9,34,52
2018-02-14,9,34,56
2018-02-15,9,34,59
2018-02-16,9,34,62
2018-02-17,9,34,65
2018-02-18,9,34,68
2018-02-19,9,34,49
2018-02-20,9,34,52
2018-02-21,9,34,55
2018-02-22,9,34,58
2018-02-23,9,34,62
2018-02-24,9,34,65
2018-02-25,9,34,68
2018-02-26,9,34,49
2018-02-27,9,34,52
2018-02-28,9,34,55
2018-03-01,9,34,60
2018-03-02,9,34,63
2018-03-03,9,34,66
2018-03-04,9,34,70
2018-03-05,9,34,50
2018-03-06,9,34,54
2018-03-07,9,34,57
2018-03-08,9,34,60
2018-03-09,9,34,63
2018-03-10,9,34,66
2018-03-11,9,34,69
2018-03-12,9,34,50
2018-03-13,9,34,53
2018-03-14,9,34,56
2018-03-15,9,34,60
2018-03-16,9,34,63
2018-03-17,9,34,66
2018-03-18,9,34,69
2018-03-19,9,34,50
2018-03-20,9,34,53
2018-03-21,9,34,56
2018-03-22,9,34,59
2018-03-23,9,34,62
2018-03-24,9,34,66
2018-03-25,9,34,69
2018-03-26,9,34,50
2018-03-27,9,34,53
2018-03-28,9,34,56
2018-03-29,9,34,59
2018-03-30,9,34,62
2018-03-31,9,34,65
2018-01-01,10,34,49
2018-01-02,10,34,52
2018-01-03,10,34,55
2018-01-04,10,34,58
2018-01-05,10,34,62
2018-01-06,10,34,65
2018-01-07,10,34,68
2018-01-08,10,34,49
2018-01-09,10,34,52
2018-01-10,10,34,55
2018-01-11,10,34,58
2018-01-12,10,34,61
2018-01-13,10,34,64
2018-01-14,10,34,68
2018-01-15,10,34,48
2018-01-16,10,34,52
2018-01-17,10,34,55
2018-01-18,10,34,58
2018-01-19,10,34,61
2018-01-20,10,34,64
2018-01-21,10,34,67
2018-01-22,10,34,48
2018-01-23,10,34,51
2018-01-24,10,34,54
2018-01-25,10,34,58
2018-01-26,10,34,61
2018-01-27,10,34,64
2018-01-28,10,34,67
2018-01-29,10,34,48
2018-01-30,10,34,51
2018-01-31,10,34,54
2018-02-01,10,34,59
2018-02-02,10,34,62
2018-02-03,10,34,66
2018-02-04,10,34,69
2018-02-05,10,34,49
2018-02-06,10,34,53
2018-02-07,10,34,56
2018-02-08,10,34,59
2018-02-09,10,34,62
2018-02-10,10,34,65
2018-02-11,10,34,68
2018-02-12,10,34,49
2018-02-13,10,34,52
2018-02-14,10,34,56
2018-02-15,10,34,59
2018-02-16,10,34,62
2018-02-17,10,34,65
2018-02-18,10,34,68
2018-02-19,10,34,49
2018-02-20,10,34,52
2018-02-21,10,34,55
2018-02-22,10,34,58
2018-02-23,10,34,62
2018-02-24,10,34,65
2018-02-25,10,34,68
2018-02-26,10,34,49
2018-02-27,10,34,52
2018-02-28,10,34,55
2018-03-01,10,34,60
2018-03-02,10,34,63
2018-03-03,10,34,66
2018-03-04,10,34,70
2018-03-05,10,34,50
2018-03-06,10,34,53
2018-03-07,10,34,57
2018-03-08,10,34,60
2018-03-09,10,34,63
2018-03-10,10,34,66
2018-03-11,10,34,69
2018-03-12,10,34,50
2018-03-13,10,34,53
2018-03-14,10,34,56
2018-03-15,10,34,60
2018-03-16,10,34,63
2018-03-17,10,34,66
2018-03-18,10,34,69
2018-03-19,10,34,50
2018-03-20,10,34,53
2018-03-21,10,34,56
2018-03-22,10,34,59
2018-03-23,10,34,62
2018-03-24,10,34,66
2018-03-25,10,34,69
2018-03-26,10,34,49
2018-03-27,10,34,53
2018-03-28,10,34,56
2018-03-29,10,34,59
2018-03-30,10,34,62
2018-03-31,10,34,65
2018-01-01,1,35,49
2018-01-02,1,35,53
2018-01-03,1,35,56
2018-01-04,1,35,59
2018-01-05,1,35,62
2018-01-06,1,35,65
2018-01-07,1,35,68
2018-01-08,1,35,49
2018-01-09,1,35,52
2018-01-10,1,35,56
2018-01-11,1,35,59
2018-01-12,1,35,62
2018-01-13,1,35,65
2018-01-14,1,35,68
2018-01-15,1,35,49
2018-01-16,1,35,52
2018-01-17,1,35,55
2018-01-18,1,35,58
2018-01-19,1,35,62
2018-01-20,1,35,65
2018-01-21,1,35,68
2018-01-22,1,35,49
2018-01-23,1,35,52
2018-01-24,1,35,55
2018-01-25,1,35,58
2018-01-26,1,35,61
2018-01-27,1,35,65
2018-01-28,1,35,68
2018-01-29,1,35,48
2018-01-30,1,35,52
2018-01-31,1,35,55
2018-02-01,1,35,60
2018-02-02,1,35,63
2018-02-03,1,35,66
2018-02-04,1,35,69
2018-02-05,1,35,50
2018-02-06,1,35,53
2018-02-07,1,35,56
2018-02-08,1,35,60
2018-02-09,1,35,63
2018-02-10,1,35,66
2018-02-11,1,35,69
2018-02-12,1,35,50
2018-02-13,1,35,53
2018-02-14,1,35,56
2018-02-15,1,35,59
2018-02-16,1,35,62
2018-02-17,1,35,66
2018-02-18,1,35,69
2018-02-19,1,35,50
2018-02-20,1,35,53
2018-02-21,1,35,56
2018-02-22,1,35,59
2018-02-23,1,35,62
2018-02-24,1,35,65
2018-02-25,1,35,69
2018-02-26,1,35,49
2018-02-27,1,35,52
2018-02-28,1,35,56
2018-03-01,1,35,61
2018-03-02,1,35,64
2018-03-03,1,35,67
2018-03-04,1,35,70
2018-03-05,1,35,51
2018-03-06,1,35,54
2018-03-07,1,35,57
2018-03-08,1,35,60
2018-03-09,1,35,64
2018-03-10,1,35,67
2018-03-11,1,35,70
2018-03-12,1,35,51
2018-03-13,1,35,54
2018-03-14,1,35,57
2018-03-15,1,35,60
2018-03-16,1,35,63
2018-03-17,1,35,66
2018-03-18,1,35,70
2018-03-19,1,35,50
2018-03-20,1,35,54
2018-03-21,1,35,57
2018-03-22,1,35,60
2018-03-23,1,35,63
2018-03-24,1,35,66
2018-03-25,1,35,69
2018-03-26,1,35,50
2018-03-27,1,35,53
2018-03-28,1,35,56
2018-03-29,1,35,60
2018-03-30,1,35,63
2018-03-31,1,35,66
2018-01-01,2,35,49
2018-01-02,2,35,53
2018-01-03,2,35,56
2018-01-04,2,35,59
2018-01-05,2,35,62
2018-01-06,2,35,65
2018-01-07,2,35,68
2018-01-08,2,35,49
2018-01-09,2,35,52
2018-01-10,2,35,55
2018-01-11,2,35,59
2018-01-12,2,35,62
2018-01-13,2,35,65
2018-01-14,2,35,68
2018-01-15,2,35,49
2018-01-16,2,35,52
2018-01-17,2,35,55
2018-01-18,2,35,58
2018-01-19,2,35,62
2018-01-20,2,35,65
2018-01-21,2,35,68
2018-01-22,2,35,49
2018-01-23,2,35,52
2018-01-24,2,35,55
2018-01-25,2,35,58
2018-01-26,2,35,61
2018-01-27,2,35,64
2018-01-28,2,35,68
2018-01-29,2,35,48
2018-01-30,2,35,51
2018-01-31,2,35,55
2018-02-01,2,35,60
2018-02-02,2,35,63
2018-02-03,2,35,66
2018-02-04,2,35,69
2018-02-05,2,35,50
2018-02-06,2,35,53
2018-02-07,2,35,56
2018-02-08,2,35,59
2018-02-09,2,35,63
2018-02-10,2,35,66
2018-02-11,2,35,69
2018-02-12,2,35,50
2018-02-13,2,35,53
2018-02-14,2,35,56
2018-02-15,2,35,59
2018-02-16,2,35,62
2018-02-17,2,35,66
2018-02-18,2,35,69
2018-02-19,2,35,49
2018-02-20,2,35,53
2018-02-21,2,35,56
2018-02-22,2,35,59
2018-02-23,2,35,62
2018-02-24,2,35,65
2018-02-25,2,35,68
2018-02-26,2,35,49
2018-02-27,2,35,52
2018-02-28,2,35,55
2018-03-01,2,35,61
2018-03-02,2,35,64
2018-03-03,2,35,67
2018-03-04,2,35,70
2018-03-05,2,35,51
2018-03-06,2,35,54
2018-03-07,2,35,57
2018-03-08,2,35,60
2018-03-09,2,35,63
2018-03-10,2,35,67
2018-03-11,2,35,70
2018-03-12,2,35,51
2018-03-13,2,35,54
2018-03-14,2,35,57
2018-03-15,2,35,60
2018-03-16,2,35,63
2018-03-17,2,35,66
2018-03-18,2,35,70
2018-03-19,2,35,50
2018-03-20,2,35,53
2018-03-21,2,35,57
2018-03-22,2,35,60
2018-03-23,2,35,63
2018-03-24,2,35,66
2018-03-25,2,35,69
2018-03-26,2,35,50
2018-03-27,2,35,53
2018-03-28,2,35,56
2018-03-29,2,35,59
2018-03-30,2,35,63
2018-03-31,2,35,66
2018-01-01,3,35,49
2018-01-02,3,35,52
2018-01-03,3,35,56
2018-01-04,3,35,59
2018-01-05,3,35,62
2018-01-06,3,35,65
2018-01-07,3,35,68
2018-01-08,3,35,49
2018-01-09,3,35,52
2018-01-10,3,35,55
2018-01-11,3,35,59
2018-01-12,3,35,62
2018-01-13,3,35,65
2018-01-14,3,35,68
2018-01-15,3,35,49
2018-01-16,3,35,52
2018-01-17,3,35,55
2018-01-18,3,35,58
2018-01-19,3,35,61
2018-01-20,3,35,65
2018-01-21,3,35,68
2018-01-22,3,35,49
2018-01-23,3,35,52
2018-01-24,3,35,55
2018-01-25,3,35,58
2018-01-26,3,35,61
2018-01-27,3,35,64
2018-01-28,3,35,68
2018-01-29,3,35,48
2018-01-30,3,35,51
2018-01-31,3,35,55
2018-02-01,3,35,60
2018-02-02,3,35,63
2018-02-03,3,35,66
2018-02-04,3,35,69
2018-02-05,3,35,50
2018-02-06,3,35,53
2018-02-07,3,35,56
2018-02-08,3,35,59
2018-02-09,3,35,63
2018-02-10,3,35,66
2018-02-11,3,35,69
2018-02-12,3,35,50
2018-02-13,3,35,53
2018-02-14,3,35,56
2018-02-15,3,35,59
2018-02-16,3,35,62
2018-02-17,3,35,65
2018-02-18,3,35,69
2018-02-19,3,35,49
2018-02-20,3,35,53
2018-02-21,3,35,56
2018-02-22,3,35,59
2018-02-23,3,35,62
2018-02-24,3,35,65
2018-02-25,3,35,68
2018-02-26,3,35,49
2018-02-27,3,35,52
2018-02-28,3,35,55
2018-03-01,3,35,60
2018-03-02,3,35,64
2018-03-03,3,35,67
2018-03-04,3,35,70
2018-03-05,3,35,51
2018-03-06,3,35,54
2018-03-07,3,35,57
2018-03-08,3,35,60
2018-03-09,3,35,63
2018-03-10,3,35,67
2018-03-11,3,35,70
2018-03-12,3,35,50
2018-03-13,3,35,54
2018-03-14,3,35,57
2018-03-15,3,35,60
2018-03-16,3,35,63
2018-03-17,3,35,66
2018-03-18,3,35,69
2018-03-19,3,35,50
2018-03-20,3,35,53
2018-03-21,3,35,57
2018-03-22,3,35,60
2018-03-23,3,35,63
2018-03-24,3,35,66
2018-03-25,3,35,69
2018-03-26,3,35,50
2018-03-27,3,35,53
2018-03-28,3,35,56
2018-03-29,3,35,59
2018-03-30,3,35,63
2018-03-31,3,35,66
2018-01-01,4,35,49
2018-01-02,4,35,52
2018-01-03,4,35,56
2018-01-04,4,35,59
2018-01-05,4,35,62
2018-01-06,4,35,65
2018-01-07,4,35,68
2018-01-08,4,35,49
2018-01-09,4,35,52
2018-01-10,4,35,55
2018-01-11,4,35,58
2018-01-12,4,35,62
2018-01-13,4,35,65
2018-01-14,4,35,68
2018-01-15,4,35,49
2018-01-16,4,35,52
2018-01-17,4,35,55
2018-01-18,4,35,58
2018-01-19,4,35,61
2018-01-20,4,35,65
2018-01-21,4,35,68
2018-01-22,4,35,48
2018-01-23,4,35,52
2018-01-24,4,35,55
2018-01-25,4,35,58
2018-01-26,4,35,61
2018-01-27,4,35,64
2018-01-28,4,35,67
2018-01-29,4,35,48
2018-01-30,4,35,51
2018-01-31,4,35,55
2018-02-01,4,35,60
2018-02-02,4,35,63
2018-02-03,4,35,66
2018-02-04,4,35,69
2018-02-05,4,35,50
2018-02-06,4,35,53
2018-02-07,4,35,56
2018-02-08,4,35,59
2018-02-09,4,35,62
2018-02-10,4,35,66
2018-02-11,4,35,69
2018-02-12,4,35,50
2018-02-13,4,35,53
2018-02-14,4,35,56
2018-02-15,4,35,59
2018-02-16,4,35,62
2018-02-17,4,35,65
2018-02-18,4,35,69
2018-02-19,4,35,49
2018-02-20,4,35,52
2018-02-21,4,35,56
2018-02-22,4,35,59
2018-02-23,4,35,62
2018-02-24,4,35,65
2018-02-25,4,35,68
2018-02-26,4,35,49
2018-02-27,4,35,52
2018-02-28,4,35,55
2018-03-01,4,35,60
2018-03-02,4,35,64
2018-03-03,4,35,67
2018-03-04,4,35,70
2018-03-05,4,35,51
2018-03-06,4,35,54
2018-03-07,4,35,57
2018-03-08,4,35,60
2018-03-09,4,35,63
2018-03-10,4,35,66
2018-03-11,4,35,70
2018-03-12,4,35,50
2018-03-13,4,35,54
2018-03-14,4,35,57
2018-03-15,4,35,60
2018-03-16,4,35,63
2018-03-17,4,35,66
2018-03-18,4,35,69
2018-03-19,4,35,50
2018-03-20,4,35,53
2018-03-21,4,35,56
2018-03-22,4,35,60
2018-03-23,4,35,63
2018-03-24,4,35,66
2018-03-25,4,35,69
2018-03-26,4,35,50
2018-03-27,4,35,53
2018-03-28,4,35,56
2018-03-29,4,35,59
2018-03-30,4,35,62
2018-03-31,4,35,66
2018-01-01,5,35,49
2018-01-02,5,35,52
2018-01-03,5,35,56
2018-01-04,5,35,59
2018-01-05,5,35,62
2018-01-06,5,35,65
2018-01-07,5,35,68
2018-01-08,5,35,49
2018-01-09,5,35,52
2018-01-10,5,35,55
2018-01-11,5,35,58
2018-01-12,5,35,62
2018-01-13,5,35,65
2018-01-14,5,35,68
2018-01-15,5,35,49
2018-01-16,5,35,52
2018-01-17,5,35,55
2018-01-18,5,35,58
2018-01-19,5,35,61
2018-01-20,5,35,64
2018-01-21,5,35,68
2018-01-22,5,35,48
2018-01-23,5,35,52
2018-01-24,5,35,55
2018-01-25,5,35,58
2018-01-26,5,35,61
2018-01-27,5,35,64
2018-01-28,5,35,67
2018-01-29,5,35,48
2018-01-30,5,35,51
2018-01-31,5,35,54
2018-02-01,5,35,60
2018-02-02,5,35,63
2018-02-03,5,35,66
2018-02-04,5,35,69
2018-02-05,5,35,50
2018-02-06,5,35,53
2018-02-07,5,35,56
2018-02-08,5,35,59
2018-02-09,5,35,62
2018-02-10,5,35,66
2018-02-11,5,35,69
2018-02-12,5,35,49
2018-02-13,5,35,53
2018-02-14,5,35,56
2018-02-15,5,35,59
2018-02-16,5,35,62
2018-02-17,5,35,65
2018-02-18,5,35,68
2018-02-19,5,35,49
2018-02-20,5,35,52
2018-02-21,5,35,56
2018-02-22,5,35,59
2018-02-23,5,35,62
2018-02-24,5,35,65
2018-02-25,5,35,68
2018-02-26,5,35,49
2018-02-27,5,35,52
2018-02-28,5,35,55
2018-03-01,5,35,60
2018-03-02,5,35,64
2018-03-03,5,35,67
2018-03-04,5,35,70
2018-03-05,5,35,51
2018-03-06,5,35,54
2018-03-07,5,35,57
2018-03-08,5,35,60
2018-03-09,5,35,63
2018-03-10,5,35,66
2018-03-11,5,35,70
2018-03-12,5,35,50
2018-03-13,5,35,53
2018-03-14,5,35,57
2018-03-15,5,35,60
2018-03-16,5,35,63
2018-03-17,5,35,66
2018-03-18,5,35,69
2018-03-19,5,35,50
2018-03-20,5,35,53
2018-03-21,5,35,56
2018-03-22,5,35,60
2018-03-23,5,35,63
2018-03-24,5,35,66
2018-03-25,5,35,69
2018-03-26,5,35,50
2018-03-27,5,35,53
2018-03-28,5,35,56
2018-03-29,5,35,59
2018-03-30,5,35,62
2018-03-31,5,35,66
2018-01-01,6,35,49
2018-01-02,6,35,52
2018-01-03,6,35,55
2018-01-04,6,35,59
2018-01-05,6,35,62
2018-01-06,6,35,65
2018-01-07,6,35,68
2018-01-08,6,35,49
2018-01-09,6,35,52
2018-01-10,6,35,55
2018-01-11,6,35,58
2018-01-12,6,35,61
2018-01-13,6,35,65
2018-01-14,6,35,68
2018-01-15,6,35,49
2018-01-16,6,35,52
2018-01-17,6,35,55
2018-01-18,6,35,58
2018-01-19,6,35,61
2018-01-20,6,35,64
2018-01-21,6,35,68
2018-01-22,6,35,48
2018-01-23,6,35,51
2018-01-24,6,35,55
2018-01-25,6,35,58
2018-01-26,6,35,61
2018-01-27,6,35,64
2018-01-28,6,35,67
2018-01-29,6,35,48
2018-01-30,6,35,51
2018-01-31,6,35,54
2018-02-01,6,35,59
2018-02-02,6,35,63
2018-02-03,6,35,66
2018-02-04,6,35,69
2018-02-05,6,35,50
2018-02-06,6,35,53
2018-02-07,6,35,56
2018-02-08,6,35,59
2018-02-09,6,35,62
2018-02-10,6,35,65
2018-02-11,6,35,69
2018-02-12,6,35,49
2018-02-13,6,35,53
2018-02-14,6,35,56
2018-02-15,6,35,59
2018-02-16,6,35,62
2018-02-17,6,35,65
2018-02-18,6,35,68
2018-02-19,6,35,49
2018-02-20,6,35,52
2018-02-21,6,35,55
2018-02-22,6,35,59
2018-02-23,6,35,62
2018-02-24,6,35,65
2018-02-25,6,35,68
2018-02-26,6,35,49
2018-02-27,6,35,52
2018-02-28,6,35,55
2018-03-01,6,35,60
2018-03-02,6,35,63
2018-03-03,6,35,67
2018-03-04,6,35,70
2018-03-05,6,35,50
2018-03-06,6,35,54
2018-03-07,6,35,57
2018-03-08,6,35,60
2018-03-09,6,35,63
2018-03-10,6,35,66
2018-03-11,6,35,69
2018-03-12,6,35,50
2018-03-13,6,35,53
2018-03-14,6,35,57
2018-03-15,6,35,60
2018-03-16,6,35,63
2018-03-17,6,35,66
2018-03-18,6,35,69
2018-03-19,6,35,50
2018-03-20,6,35,53
2018-03-21,6,35,56
2018-03-22,6,35,59
2018-03-23,6,35,63
2018-03-24,6,35,66
2018-03-25,6,35,69
2018-03-26,6,35,50
2018-03-27,6,35,53
2018-03-28,6,35,56
2018-03-29,6,35,59
2018-03-30,6,35,62
2018-03-31,6,35,66
2018-01-01,7,35,49
2018-01-02,7,35,52
2018-01-03,7,35,55
2018-01-04,7,35,59
2018-01-05,7,35,62
2018-01-06,7,35,65
2018-01-07,7,35,68
2018-01-08,7,35,49
2018-01-09,7,35,52
2018-01-10,7,35,55
2018-01-11,7,35,58
2018-01-12,7,35,61
2018-01-13,7,35,65
2018-01-14,7,35,68
2018-01-15,7,35,48
2018-01-16,7,35,52
2018-01-17,7,35,55
2018-01-18,7,35,58
2018-01-19,7,35,61
2018-01-20,7,35,64
2018-01-21,7,35,67
2018-01-22,7,35,48
2018-01-23,7,35,51
2018-01-24,7,35,55
2018-01-25,7,35,58
2018-01-26,7,35,61
2018-01-27,7,35,64
2018-01-28,7,35,67
2018-01-29,7,35,48
2018-01-30,7,35,51
2018-01-31,7,35,54
2018-02-01,7,35,59
2018-02-02,7,35,63
2018-02-03,7,35,66
2018-02-04,7,35,69
2018-02-05,7,35,50
2018-02-06,7,35,53
2018-02-07,7,35,56
2018-02-08,7,35,59
2018-02-09,7,35,62
2018-02-10,7,35,65
2018-02-11,7,35,69
2018-02-12,7,35,49
2018-02-13,7,35,52
2018-02-14,7,35,56
2018-02-15,7,35,59
2018-02-16,7,35,62
2018-02-17,7,35,65
2018-02-18,7,35,68
2018-02-19,7,35,49
2018-02-20,7,35,52
2018-02-21,7,35,55
2018-02-22,7,35,59
2018-02-23,7,35,62
2018-02-24,7,35,65
2018-02-25,7,35,68
2018-02-26,7,35,49
2018-02-27,7,35,52
2018-02-28,7,35,55
2018-03-01,7,35,60
2018-03-02,7,35,63
2018-03-03,7,35,67
2018-03-04,7,35,70
2018-03-05,7,35,50
2018-03-06,7,35,54
2018-03-07,7,35,57
2018-03-08,7,35,60
2018-03-09,7,35,63
2018-03-10,7,35,66
2018-03-11,7,35,69
2018-03-12,7,35,50
2018-03-13,7,35,53
2018-03-14,7,35,56
2018-03-15,7,35,60
2018-03-16,7,35,63
2018-03-17,7,35,66
2018-03-18,7,35,69
2018-03-19,7,35,50
2018-03-20,7,35,53
2018-03-21,7,35,56
2018-03-22,7,35,59
2018-03-23,7,35,63
2018-03-24,7,35,66
2018-03-25,7,35,69
2018-03-26,7,35,50
2018-03-27,7,35,53
2018-03-28,7,35,56
2018-03-29,7,35,59
2018-03-30,7,35,62
2018-03-31,7,35,65
2018-01-01,8,35,49
2018-01-02,8,35,52
2018-01-03,8,35,55
2018-01-04,8,35,58
2018-01-05,8,35,62
2018-01-06,8,35,65
2018-01-07,8,35,68
2018-01-08,8,35,49
2018-01-09,8,35,52
2018-01-10,8,35,55
2018-01-11,8,35,58
2018-01-12,8,35,61
2018-01-13,8,35,65
2018-01-14,8,35,68
2018-01-15,8,35,48
2018-01-16,8,35,52
2018-01-17,8,35,55
2018-01-18,8,35,58
2018-01-19,8,35,61
2018-01-20,8,35,64
2018-01-21,8,35,67
2018-01-22,8,35,48
2018-01-23,8,35,51
2018-01-24,8,35,54
2018-01-25,8,35,58
2018-01-26,8,35,61
2018-01-27,8,35,64
2018-01-28,8,35,67
2018-01-29,8,35,48
2018-01-30,8,35,51
2018-01-31,8,35,54
2018-02-01,8,35,59
2018-02-02,8,35,62
2018-02-03,8,35,66
2018-02-04,8,35,69
2018-02-05,8,35,50
2018-02-06,8,35,53
2018-02-07,8,35,56
2018-02-08,8,35,59
2018-02-09,8,35,62
2018-02-10,8,35,65
2018-02-11,8,35,69
2018-02-12,8,35,49
2018-02-13,8,35,52
2018-02-14,8,35,56
2018-02-15,8,35,59
2018-02-16,8,35,62
2018-02-17,8,35,65
2018-02-18,8,35,68
2018-02-19,8,35,49
2018-02-20,8,35,52
2018-02-21,8,35,55
2018-02-22,8,35,58
2018-02-23,8,35,62
2018-02-24,8,35,65
2018-02-25,8,35,68
2018-02-26,8,35,49
2018-02-27,8,35,52
2018-02-28,8,35,55
2018-03-01,8,35,60
2018-03-02,8,35,63
2018-03-03,8,35,66
2018-03-04,8,35,70
2018-03-05,8,35,50
2018-03-06,8,35,54
2018-03-07,8,35,57
2018-03-08,8,35,60
2018-03-09,8,35,63
2018-03-10,8,35,66
2018-03-11,8,35,69
2018-03-12,8,35,50
2018-03-13,8,35,53
2018-03-14,8,35,56
2018-03-15,8,35,60
2018-03-16,8,35,63
2018-03-17,8,35,66
2018-03-18,8,35,69
2018-03-19,8,35,50
2018-03-20,8,35,53
2018-03-21,8,35,56
2018-03-22,8,35,59
2018-03-23,8,35,62
2018-03-24,8,35,66
2018-03-25,8,35,69
2018-03-26,8,35,50
2018-03-27,8,35,53
2018-03-28,8,35,56
2018-03-29,8,35,59
2018-03-30,8,35,62
2018-03-31,8,35,65
2018-01-01,9,35,49
2018-01-02,9,35,52
2018-01-03,9,35,55
2018-01-04,9,35,58
2018-01-05,9,35,62
2018-01-06,9,35,65
2018-01-07,9,35,68
2018-01-08,9,35,49
2018-01-09,9,35,52
2018-01-10,9,35,55
2018-01-11,9,35,58
2018-01-12,9,35,61
2018-01-13,9,35,64
2018-01-14,9,35,68
2018-01-15,9,35,48
2018-01-16,9,35,51
2018-01-17,9,35,55
2018-01-18,9,35,58
2018-01-19,9,35,61
2018-01-20,9,35,64
2018-01-21,9,35,67
2018-01-22,9,35,48
2018-01-23,9,35,51
2018-01-24,9,35,54
2018-01-25,9,35,58
2018-01-26,9,35,61
2018-01-27,9,35,64
2018-01-28,9,35,67
2018-01-29,9,35,48
2018-01-30,9,35,51
2018-01-31,9,35,54
2018-02-01,9,35,59
2018-02-02,9,35,62
2018-02-03,9,35,66
2018-02-04,9,35,69
2018-02-05,9,35,49
2018-02-06,9,35,53
2018-02-07,9,35,56
2018-02-08,9,35,59
2018-02-09,9,35,62
2018-02-10,9,35,65
2018-02-11,9,35,68
2018-02-12,9,35,49
2018-02-13,9,35,52
2018-02-14,9,35,55
2018-02-15,9,35,59
2018-02-16,9,35,62
2018-02-17,9,35,65
2018-02-18,9,35,68
2018-02-19,9,35,49
2018-02-20,9,35,52
2018-02-21,9,35,55
2018-02-22,9,35,58
2018-02-23,9,35,62
2018-02-24,9,35,65
2018-02-25,9,35,68
2018-02-26,9,35,49
2018-02-27,9,35,52
2018-02-28,9,35,55
2018-03-01,9,35,60
2018-03-02,9,35,63
2018-03-03,9,35,66
2018-03-04,9,35,70
2018-03-05,9,35,50
2018-03-06,9,35,53
2018-03-07,9,35,57
2018-03-08,9,35,60
2018-03-09,9,35,63
2018-03-10,9,35,66
2018-03-11,9,35,69
2018-03-12,9,35,50
2018-03-13,9,35,53
2018-03-14,9,35,56
2018-03-15,9,35,59
2018-03-16,9,35,63
2018-03-17,9,35,66
2018-03-18,9,35,69
2018-03-19,9,35,50
2018-03-20,9,35,53
2018-03-21,9,35,56
2018-03-22,9,35,59
2018-03-23,9,35,62
2018-03-24,9,35,66
2018-03-25,9,35,69
2018-03-26,9,35,49
2018-03-27,9,35,53
2018-03-28,9,35,56
2018-03-29,9,35,59
2018-03-30,9,35,62
2018-03-31,9,35,65
2018-01-01,10,35,49
2018-01-02,10,35,52
2018-01-03,10,35,55
2018-01-04,10,35,58
2018-01-05,10,35,61
2018-01-06,10,35,65
2018-01-07,10,35,68
2018-01-08,10,35,49
2018-01-09,10,35,52
2018-01-10,10,35,55
2018-01-11,10,35,58
2018-01-12,10,35,61
2018-01-13,10,35,64
2018-01-14,10,35,68
2018-01-15,10,35,48
2018-01-16,10,35,51
2018-01-17,10,35,55
2018-01-18,10,35,58
2018-01-19,10,35,61
2018-01-20,10,35,64
2018-01-21,10,35,67
2018-01-22,10,35,48
2018-01-23,10,35,51
2018-01-24,10,35,54
2018-01-25,10,35,57
2018-01-26,10,35,61
2018-01-27,10,35,64
2018-01-28,10,35,67
2018-01-29,10,35,48
2018-01-30,10,35,51
2018-01-31,10,35,54
2018-02-01,10,35,59
2018-02-02,10,35,62
2018-02-03,10,35,65
2018-02-04,10,35,69
2018-02-05,10,35,49
2018-02-06,10,35,53
2018-02-07,10,35,56
2018-02-08,10,35,59
2018-02-09,10,35,62
2018-02-10,10,35,65
2018-02-11,10,35,68
2018-02-12,10,35,49
2018-02-13,10,35,52
2018-02-14,10,35,55
2018-02-15,10,35,59
2018-02-16,10,35,62
2018-02-17,10,35,65
2018-02-18,10,35,68
2018-02-19,10,35,49
2018-02-20,10,35,52
2018-02-21,10,35,55
2018-02-22,10,35,58
2018-02-23,10,35,61
2018-02-24,10,35,65
2018-02-25,10,35,68
2018-02-26,10,35,49
2018-02-27,10,35,52
2018-02-28,10,35,55
2018-03-01,10,35,60
2018-03-02,10,35,63
2018-03-03,10,35,66
2018-03-04,10,35,69
2018-03-05,10,35,50
2018-03-06,10,35,53
2018-03-07,10,35,57
2018-03-08,10,35,60
2018-03-09,10,35,63
2018-03-10,10,35,66
2018-03-11,10,35,69
2018-03-12,10,35,50
2018-03-13,10,35,53
2018-03-14,10,35,56
2018-03-15,10,35,59
2018-03-16,10,35,63
2018-03-17,10,35,66
2018-03-18,10,35,69
2018-03-19,10,35,50
2018-03-20,10,35,53
2018-03-21,10,35,56
2018-03-22,10,35,59
2018-03-23,10,35,62
2018-03-24,10,35,65
2018-03-25,10,35,69
2018-03-26,10,35,49
2018-03-27,10,35,53
2018-03-28,10,35,56
2018-03-29,10,35,59
2018-03-30,10,35,62
2018-03-31,10,35,65
2018-01-01,1,36,49
2018-01-02,1,36,53
2018-01-03,1,36,56
2018-01-04,1,36,59
2018-01-05,1,36,62
2018-01-06,1,36,65
2018-01-07,1,36,68
2018-01-08,1,36,49
2018-01-09,1,36,52
2018-01-10,1,36,55
2018-01-11,1,36,59
2018-01-12,1,36,62
2018-01-13,1,36,65
2018-01-14,1,36,68
2018-01-15,1,36,49
2018-01-16,1,36,52
2018-01-17,1,36,55
2018-01-18,1,36,58
2018-01-19,1,36,62
2018-01-20,1,36,65
2018-01-21,1,36,68
2018-01-22,1,36,49
2018-01-23,1,36,52
2018-01-24,1,36,55
2018-01-25,1,36,58
2018-01-26,1,36,61
2018-01-27,1,36,64
2018-01-28,1,36,68
2018-01-29,1,36,48
2018-01-30,1,36,51
2018-01-31,1,36,55
2018-02-01,1,36,60
2018-02-02,1,36,63
2018-02-03,1,36,66
2018-02-04,1,36,69
2018-02-05,1,36,50
2018-02-06,1,36,53
2018-02-07,1,36,56
2018-02-08,1,36,59
2018-02-09,1,36,63
2018-02-10,1,36,66
2018-02-11,1,36,69
2018-02-12,1,36,50
2018-02-13,1,36,53
2018-02-14,1,36,56
2018-02-15,1,36,59
2018-02-16,1,36,62
2018-02-17,1,36,65
2018-02-18,1,36,69
2018-02-19,1,36,49
2018-02-20,1,36,53
2018-02-21,1,36,56
2018-02-22,1,36,59
2018-02-23,1,36,62
2018-02-24,1,36,65
2018-02-25,1,36,68
2018-02-26,1,36,49
2018-02-27,1,36,52
2018-02-28,1,36,55
2018-03-01,1,36,61
2018-03-02,1,36,64
2018-03-03,1,36,67
2018-03-04,1,36,70
2018-03-05,1,36,51
2018-03-06,1,36,54
2018-03-07,1,36,57
2018-03-08,1,36,60
2018-03-09,1,36,63
2018-03-10,1,36,67
2018-03-11,1,36,70
2018-03-12,1,36,50
2018-03-13,1,36,54
2018-03-14,1,36,57
2018-03-15,1,36,60
2018-03-16,1,36,63
2018-03-17,1,36,66
2018-03-18,1,36,69
2018-03-19,1,36,50
2018-03-20,1,36,53
2018-03-21,1,36,57
2018-03-22,1,36,60
2018-03-23,1,36,63
2018-03-24,1,36,66
2018-03-25,1,36,69
2018-03-26,1,36,50
2018-03-27,1,36,53
2018-03-28,1,36,56
2018-03-29,1,36,59
2018-03-30,1,36,63
2018-03-31,1,36,66
2018-01-01,2,36,49
2018-01-02,2,36,52
2018-01-03,2,36,56
2018-01-04,2,36,59
2018-01-05,2,36,62
2018-01-06,2,36,65
2018-01-07,2,36,68
2018-01-08,2,36,49
2018-01-09,2,36,52
2018-01-10,2,36,55
2018-01-11,2,36,59
2018-01-12,2,36,62
2018-01-13,2,36,65
2018-01-14,2,36,68
2018-01-15,2,36,49
2018-01-16,2,36,52
2018-01-17,2,36,55
2018-01-18,2,36,58
2018-01-19,2,36,61
2018-01-20,2,36,65
2018-01-21,2,36,68
2018-01-22,2,36,48
2018-01-23,2,36,52
2018-01-24,2,36,55
2018-01-25,2,36,58
2018-01-26,2,36,61
2018-01-27,2,36,64
2018-01-28,2,36,67
2018-01-29,2,36,48
2018-01-30,2,36,51
2018-01-31,2,36,55
2018-02-01,2,36,60
2018-02-02,2,36,63
2018-02-03,2,36,66
2018-02-04,2,36,69
2018-02-05,2,36,50
2018-02-06,2,36,53
2018-02-07,2,36,56
2018-02-08,2,36,59
2018-02-09,2,36,63
2018-02-10,2,36,66
2018-02-11,2,36,69
2018-02-12,2,36,50
2018-02-13,2,36,53
2018-02-14,2,36,56
2018-02-15,2,36,59
2018-02-16,2,36,62
2018-02-17,2,36,65
2018-02-18,2,36,69
2018-02-19,2,36,49
2018-02-20,2,36,52
2018-02-21,2,36,56
2018-02-22,2,36,59
2018-02-23,2,36,62
2018-02-24,2,36,65
2018-02-25,2,36,68
2018-02-26,2,36,49
2018-02-27,2,36,52
2018-02-28,2,36,55
2018-03-01,2,36,60
2018-03-02,2,36,64
2018-03-03,2,36,67
2018-03-04,2,36,70
2018-03-05,2,36,51
2018-03-06,2,36,54
2018-03-07,2,36,57
2018-03-08,2,36,60
2018-03-09,2,36,63
2018-03-10,2,36,67
2018-03-11,2,36,70
2018-03-12,2,36,50
2018-03-13,2,36,54
2018-03-14,2,36,57
2018-03-15,2,36,60
2018-03-16,2,36,63
2018-03-17,2,36,66
2018-03-18,2,36,69
2018-03-19,2,36,50
2018-03-20,2,36,53
2018-03-21,2,36,56
2018-03-22,2,36,60
2018-03-23,2,36,63
2018-03-24,2,36,66
2018-03-25,2,36,69
2018-03-26,2,36,50
2018-03-27,2,36,53
2018-03-28,2,36,56
2018-03-29,2,36,59
2018-03-30,2,36,63
2018-03-31,2,36,66
2018-01-01,3,36,49
2018-01-02,3,36,52
2018-01-03,3,36,56
2018-01-04,3,36,59
2018-01-05,3,36,62
2018-01-06,3,36,65
2018-01-07,3,36,68
2018-01-08,3,36,49
2018-01-09,3,36,52
2018-01-10,3,36,55
2018-01-11,3,36,58
2018-01-12,3,36,62
2018-01-13,3,36,65
2018-01-14,3,36,68
2018-01-15,3,36,49
2018-01-16,3,36,52
2018-01-17,3,36,55
2018-01-18,3,36,58
2018-01-19,3,36,61
2018-01-20,3,36,65
2018-01-21,3,36,68
2018-01-22,3,36,48
2018-01-23,3,36,52
2018-01-24,3,36,55
2018-01-25,3,36,58
2018-01-26,3,36,61
2018-01-27,3,36,64
2018-01-28,3,36,67
2018-01-29,3,36,48
2018-01-30,3,36,51
2018-01-31,3,36,54
2018-02-01,3,36,60
2018-02-02,3,36,63
2018-02-03,3,36,66
2018-02-04,3,36,69
2018-02-05,3,36,50
2018-02-06,3,36,53
2018-02-07,3,36,56
2018-02-08,3,36,59
2018-02-09,3,36,62
2018-02-10,3,36,66
2018-02-11,3,36,69
2018-02-12,3,36,50
2018-02-13,3,36,53
2018-02-14,3,36,56
2018-02-15,3,36,59
2018-02-16,3,36,62
2018-02-17,3,36,65
2018-02-18,3,36,69
2018-02-19,3,36,49
2018-02-20,3,36,52
2018-02-21,3,36,56
2018-02-22,3,36,59
2018-02-23,3,36,62
2018-02-24,3,36,65
2018-02-25,3,36,68
2018-02-26,3,36,49
2018-02-27,3,36,52
2018-02-28,3,36,55
2018-03-01,3,36,60
2018-03-02,3,36,64
2018-03-03,3,36,67
2018-03-04,3,36,70
2018-03-05,3,36,51
2018-03-06,3,36,54
2018-03-07,3,36,57
2018-03-08,3,36,60
2018-03-09,3,36,63
2018-03-10,3,36,66
2018-03-11,3,36,70
2018-03-12,3,36,50
2018-03-13,3,36,54
2018-03-14,3,36,57
2018-03-15,3,36,60
2018-03-16,3,36,63
2018-03-17,3,36,66
2018-03-18,3,36,69
2018-03-19,3,36,50
2018-03-20,3,36,53
2018-03-21,3,36,56
2018-03-22,3,36,60
2018-03-23,3,36,63
2018-03-24,3,36,66
2018-03-25,3,36,69
2018-03-26,3,36,50
2018-03-27,3,36,53
2018-03-28,3,36,56
2018-03-29,3,36,59
2018-03-30,3,36,62
2018-03-31,3,36,66
2018-01-01,4,36,49
2018-01-02,4,36,52
2018-01-03,4,36,55
2018-01-04,4,36,59
2018-01-05,4,36,62
2018-01-06,4,36,65
2018-01-07,4,36,68
2018-01-08,4,36,49
2018-01-09,4,36,52
2018-01-10,4,36,55
2018-01-11,4,36,58
2018-01-12,4,36,62
2018-01-13,4,36,65
2018-01-14,4,36,68
2018-01-15,4,36,49
2018-01-16,4,36,52
2018-01-17,4,36,55
2018-01-18,4,36,58
2018-01-19,4,36,61
2018-01-20,4,36,64
2018-01-21,4,36,68
2018-01-22,4,36,48
2018-01-23,4,36,51
2018-01-24,4,36,55
2018-01-25,4,36,58
2018-01-26,4,36,61
2018-01-27,4,36,64
2018-01-28,4,36,67
2018-01-29,4,36,48
2018-01-30,4,36,51
2018-01-31,4,36,54
2018-02-01,4,36,59
2018-02-02,4,36,63
2018-02-03,4,36,66
2018-02-04,4,36,69
2018-02-05,4,36,50
2018-02-06,4,36,53
2018-02-07,4,36,56
2018-02-08,4,36,59
2018-02-09,4,36,62
2018-02-10,4,36,66
2018-02-11,4,36,69
2018-02-12,4,36,49
2018-02-13,4,36,53
2018-02-14,4,36,56
2018-02-15,4,36,59
2018-02-16,4,36,62
2018-02-17,4,36,65
2018-02-18,4,36,68
2018-02-19,4,36,49
2018-02-20,4,36,52
2018-02-21,4,36,55
2018-02-22,4,36,59
2018-02-23,4,36,62
2018-02-24,4,36,65
2018-02-25,4,36,68
2018-02-26,4,36,49
2018-02-27,4,36,52
2018-02-28,4,36,55
2018-03-01,4,36,60
2018-03-02,4,36,63
2018-03-03,4,36,67
2018-03-04,4,36,70
2018-03-05,4,36,51
2018-03-06,4,36,54
2018-03-07,4,36,57
2018-03-08,4,36,60
2018-03-09,4,36,63
2018-03-10,4,36,66
2018-03-11,4,36,70
2018-03-12,4,36,50
2018-03-13,4,36,53
2018-03-14,4,36,57
2018-03-15,4,36,60
2018-03-16,4,36,63
2018-03-17,4,36,66
2018-03-18,4,36,69
2018-03-19,4,36,50
2018-03-20,4,36,53
2018-03-21,4,36,56
2018-03-22,4,36,59
2018-03-23,4,36,63
2018-03-24,4,36,66
2018-03-25,4,36,69
2018-03-26,4,36,50
2018-03-27,4,36,53
2018-03-28,4,36,56
2018-03-29,4,36,59
2018-03-30,4,36,62
2018-03-31,4,36,66
2018-01-01,5,36,49
2018-01-02,5,36,52
2018-01-03,5,36,55
2018-01-04,5,36,59
2018-01-05,5,36,62
2018-01-06,5,36,65
2018-01-07,5,36,68
2018-01-08,5,36,49
2018-01-09,5,36,52
2018-01-10,5,36,55
2018-01-11,5,36,58
2018-01-12,5,36,61
2018-01-13,5,36,65
2018-01-14,5,36,68
2018-01-15,5,36,49
2018-01-16,5,36,52
2018-01-17,5,36,55
2018-01-18,5,36,58
2018-01-19,5,36,61
2018-01-20,5,36,64
2018-01-21,5,36,68
2018-01-22,5,36,48
2018-01-23,5,36,51
2018-01-24,5,36,55
2018-01-25,5,36,58
2018-01-26,5,36,61
2018-01-27,5,36,64
2018-01-28,5,36,67
2018-01-29,5,36,48
2018-01-30,5,36,51
2018-01-31,5,36,54
2018-02-01,5,36,59
2018-02-02,5,36,63
2018-02-03,5,36,66
2018-02-04,5,36,69
2018-02-05,5,36,50
2018-02-06,5,36,53
2018-02-07,5,36,56
2018-02-08,5,36,59
2018-02-09,5,36,62
2018-02-10,5,36,65
2018-02-11,5,36,69
2018-02-12,5,36,49
2018-02-13,5,36,53
2018-02-14,5,36,56
2018-02-15,5,36,59
2018-02-16,5,36,62
2018-02-17,5,36,65
2018-02-18,5,36,68
2018-02-19,5,36,49
2018-02-20,5,36,52
2018-02-21,5,36,55
2018-02-22,5,36,59
2018-02-23,5,36,62
2018-02-24,5,36,65
2018-02-25,5,36,68
2018-02-26,5,36,49
2018-02-27,5,36,52
2018-02-28,5,36,55
2018-03-01,5,36,60
2018-03-02,5,36,63
2018-03-03,5,36,67
2018-03-04,5,36,70
2018-03-05,5,36,50
2018-03-06,5,36,54
2018-03-07,5,36,57
2018-03-08,5,36,60
2018-03-09,5,36,63
2018-03-10,5,36,66
2018-03-11,5,36,69
2018-03-12,5,36,50
2018-03-13,5,36,53
2018-03-14,5,36,57
2018-03-15,5,36,60
2018-03-16,5,36,63
2018-03-17,5,36,66
2018-03-18,5,36,69
2018-03-19,5,36,50
2018-03-20,5,36,53
2018-03-21,5,36,56
2018-03-22,5,36,59
2018-03-23,5,36,63
2018-03-24,5,36,66
2018-03-25,5,36,69
2018-03-26,5,36,50
2018-03-27,5,36,53
2018-03-28,5,36,56
2018-03-29,5,36,59
2018-03-30,5,36,62
2018-03-31,5,36,65
2018-01-01,6,36,49
2018-01-02,6,36,52
2018-01-03,6,36,55
2018-01-04,6,36,58
2018-01-05,6,36,62
2018-01-06,6,36,65
2018-01-07,6,36,68
2018-01-08,6,36,49
2018-01-09,6,36,52
2018-01-10,6,36,55
2018-01-11,6,36,58
2018-01-12,6,36,61
2018-01-13,6,36,65
2018-01-14,6,36,68
2018-01-15,6,36,48
2018-01-16,6,36,52
2018-01-17,6,36,55
2018-01-18,6,36,58
2018-01-19,6,36,61
2018-01-20,6,36,64
2018-01-21,6,36,67
2018-01-22,6,36,48
2018-01-23,6,36,51
2018-01-24,6,36,55
2018-01-25,6,36,58
2018-01-26,6,36,61
2018-01-27,6,36,64
2018-01-28,6,36,67
2018-01-29,6,36,48
2018-01-30,6,36,51
2018-01-31,6,36,54
2018-02-01,6,36,59
2018-02-02,6,36,62
2018-02-03,6,36,66
2018-02-04,6,36,69
2018-02-05,6,36,50
2018-02-06,6,36,53
2018-02-07,6,36,56
2018-02-08,6,36,59
2018-02-09,6,36,62
2018-02-10,6,36,65
2018-02-11,6,36,69
2018-02-12,6,36,49
2018-02-13,6,36,52
2018-02-14,6,36,56
2018-02-15,6,36,59
2018-02-16,6,36,62
2018-02-17,6,36,65
2018-02-18,6,36,68
2018-02-19,6,36,49
2018-02-20,6,36,52
2018-02-21,6,36,55
2018-02-22,6,36,59
2018-02-23,6,36,62
2018-02-24,6,36,65
2018-02-25,6,36,68
2018-02-26,6,36,49
2018-02-27,6,36,52
2018-02-28,6,36,55
2018-03-01,6,36,60
2018-03-02,6,36,63
2018-03-03,6,36,66
2018-03-04,6,36,70
2018-03-05,6,36,50
2018-03-06,6,36,54
2018-03-07,6,36,57
2018-03-08,6,36,60
2018-03-09,6,36,63
2018-03-10,6,36,66
2018-03-11,6,36,69
2018-03-12,6,36,50
2018-03-13,6,36,53
2018-03-14,6,36,56
2018-03-15,6,36,60
2018-03-16,6,36,63
2018-03-17,6,36,66
2018-03-18,6,36,69
2018-03-19,6,36,50
2018-03-20,6,36,53
2018-03-21,6,36,56
2018-03-22,6,36,59
2018-03-23,6,36,63
2018-03-24,6,36,66
2018-03-25,6,36,69
2018-03-26,6,36,50
2018-03-27,6,36,53
2018-03-28,6,36,56
2018-03-29,6,36,59
2018-03-30,6,36,62
2018-03-31,6,36,65
2018-01-01,7,36,49
2018-01-02,7,36,52
2018-01-03,7,36,55
2018-01-04,7,36,58
2018-01-05,7,36,62
2018-01-06,7,36,65
2018-01-07,7,36,68
2018-01-08,7,36,49
2018-01-09,7,36,52
2018-01-10,7,36,55
2018-01-11,7,36,58
2018-01-12,7,36,61
2018-01-13,7,36,64
2018-01-14,7,36,68
2018-01-15,7,36,48
2018-01-16,7,36,52
2018-01-17,7,36,55
2018-01-18,7,36,58
2018-01-19,7,36,61
2018-01-20,7,36,64
2018-01-21,7,36,67
2018-01-22,7,36,48
2018-01-23,7,36,51
2018-01-24,7,36,54
2018-01-25,7,36,58
2018-01-26,7,36,61
2018-01-27,7,36,64
2018-01-28,7,36,67
2018-01-29,7,36,48
2018-01-30,7,36,51
2018-01-31,7,36,54
2018-02-01,7,36,59
2018-02-02,7,36,62
2018-02-03,7,36,66
2018-02-04,7,36,69
2018-02-05,7,36,49
2018-02-06,7,36,53
2018-02-07,7,36,56
2018-02-08,7,36,59
2018-02-09,7,36,62
2018-02-10,7,36,65
2018-02-11,7,36,68
2018-02-12,7,36,49
2018-02-13,7,36,52
2018-02-14,7,36,56
2018-02-15,7,36,59
2018-02-16,7,36,62
2018-02-17,7,36,65
2018-02-18,7,36,68
2018-02-19,7,36,49
2018-02-20,7,36,52
2018-02-21,7,36,55
2018-02-22,7,36,58
2018-02-23,7,36,62
2018-02-24,7,36,65
2018-02-25,7,36,68
2018-02-26,7,36,49
2018-02-27,7,36,52
2018-02-28,7,36,55
2018-03-01,7,36,60
2018-03-02,7,36,63
2018-03-03,7,36,66
2018-03-04,7,36,70
2018-03-05,7,36,50
2018-03-06,7,36,53
2018-03-07,7,36,57
2018-03-08,7,36,60
2018-03-09,7,36,63
2018-03-10,7,36,66
2018-03-11,7,36,69
2018-03-12,7,36,50
2018-03-13,7,36,53
2018-03-14,7,36,56
2018-03-15,7,36,60
2018-03-16,7,36,63
2018-03-17,7,36,66
2018-03-18,7,36,69
2018-03-19,7,36,50
2018-03-20,7,36,53
2018-03-21,7,36,56
2018-03-22,7,36,59
2018-03-23,7,36,62
2018-03-24,7,36,66
2018-03-25,7,36,69
2018-03-26,7,36,49
2018-03-27,7,36,53
2018-03-28,7,36,56
2018-03-29,7,36,59
2018-03-30,7,36,62
2018-03-31,7,36,65
2018-01-01,8,36,49
2018-01-02,8,36,52
2018-01-03,8,36,55
2018-01-04,8,36,58
2018-01-05,8,36,62
2018-01-06,8,36,65
2018-01-07,8,36,68
2018-01-08,8,36,49
2018-01-09,8,36,52
2018-01-10,8,36,55
2018-01-11,8,36,58
2018-01-12,8,36,61
2018-01-13,8,36,64
2018-01-14,8,36,68
2018-01-15,8,36,48
2018-01-16,8,36,51
2018-01-17,8,36,55
2018-01-18,8,36,58
2018-01-19,8,36,61
2018-01-20,8,36,64
2018-01-21,8,36,67
2018-01-22,8,36,48
2018-01-23,8,36,51
2018-01-24,8,36,54
2018-01-25,8,36,58
2018-01-26,8,36,61
2018-01-27,8,36,64
2018-01-28,8,36,67
2018-01-29,8,36,48
2018-01-30,8,36,51
2018-01-31,8,36,54
2018-02-01,8,36,59
2018-02-02,8,36,62
2018-02-03,8,36,65
2018-02-04,8,36,69
2018-02-05,8,36,49
2018-02-06,8,36,53
2018-02-07,8,36,56
2018-02-08,8,36,59
2018-02-09,8,36,62
2018-02-10,8,36,65
2018-02-11,8,36,68
2018-02-12,8,36,49
2018-02-13,8,36,52
2018-02-14,8,36,55
2018-02-15,8,36,59
2018-02-16,8,36,62
2018-02-17,8,36,65
2018-02-18,8,36,68
2018-02-19,8,36,49
2018-02-20,8,36,52
2018-02-21,8,36,55
2018-02-22,8,36,58
2018-02-23,8,36,62
2018-02-24,8,36,65
2018-02-25,8,36,68
2018-02-26,8,36,49
2018-02-27,8,36,52
2018-02-28,8,36,55
2018-03-01,8,36,60
2018-03-02,8,36,63
2018-03-03,8,36,66
2018-03-04,8,36,69
2018-03-05,8,36,50
2018-03-06,8,36,53
2018-03-07,8,36,57
2018-03-08,8,36,60
2018-03-09,8,36,63
2018-03-10,8,36,66
2018-03-11,8,36,69
2018-03-12,8,36,50
2018-03-13,8,36,53
2018-03-14,8,36,56
2018-03-15,8,36,59
2018-03-16,8,36,63
2018-03-17,8,36,66
2018-03-18,8,36,69
2018-03-19,8,36,50
2018-03-20,8,36,53
2018-03-21,8,36,56
2018-03-22,8,36,59
2018-03-23,8,36,62
2018-03-24,8,36,66
2018-03-25,8,36,69
2018-03-26,8,36,49
2018-03-27,8,36,53
2018-03-28,8,36,56
2018-03-29,8,36,59
2018-03-30,8,36,62
2018-03-31,8,36,65
2018-01-01,9,36,49
2018-01-02,9,36,52
2018-01-03,9,36,55
2018-01-04,9,36,58
2018-01-05,9,36,61
2018-01-06,9,36,65
2018-01-07,9,36,68
2018-01-08,9,36,48
2018-01-09,9,36,52
2018-01-10,9,36,55
2018-01-11,9,36,58
2018-01-12,9,36,61
2018-01-13,9,36,64
2018-01-14,9,36,67
2018-01-15,9,36,48
2018-01-16,9,36,51
2018-01-17,9,36,55
2018-01-18,9,36,58
2018-01-19,9,36,61
2018-01-20,9,36,64
2018-01-21,9,36,67
2018-01-22,9,36,48
2018-01-23,9,36,51
2018-01-24,9,36,54
2018-01-25,9,36,57
2018-01-26,9,36,61
2018-01-27,9,36,64
2018-01-28,9,36,67
2018-01-29,9,36,48
2018-01-30,9,36,51
2018-01-31,9,36,54
2018-02-01,9,36,59
2018-02-02,9,36,62
2018-02-03,9,36,65
2018-02-04,9,36,69
2018-02-05,9,36,49
2018-02-06,9,36,52
2018-02-07,9,36,56
2018-02-08,9,36,59
2018-02-09,9,36,62
2018-02-10,9,36,65
2018-02-11,9,36,68
2018-02-12,9,36,49
2018-02-13,9,36,52
2018-02-14,9,36,55
2018-02-15,9,36,59
2018-02-16,9,36,62
2018-02-17,9,36,65
2018-02-18,9,36,68
2018-02-19,9,36,49
2018-02-20,9,36,52
2018-02-21,9,36,55
2018-02-22,9,36,58
2018-02-23,9,36,61
2018-02-24,9,36,65
2018-02-25,9,36,68
2018-02-26,9,36,49
2018-02-27,9,36,52
2018-02-28,9,36,55
2018-03-01,9,36,60
2018-03-02,9,36,63
2018-03-03,9,36,66
2018-03-04,9,36,69
2018-03-05,9,36,50
2018-03-06,9,36,53
2018-03-07,9,36,56
2018-03-08,9,36,60
2018-03-09,9,36,63
2018-03-10,9,36,66
2018-03-11,9,36,69
2018-03-12,9,36,50
2018-03-13,9,36,53
2018-03-14,9,36,56
2018-03-15,9,36,59
2018-03-16,9,36,63
2018-03-17,9,36,66
2018-03-18,9,36,69
2018-03-19,9,36,50
2018-03-20,9,36,53
2018-03-21,9,36,56
2018-03-22,9,36,59
2018-03-23,9,36,62
2018-03-24,9,36,65
2018-03-25,9,36,69
2018-03-26,9,36,49
2018-03-27,9,36,53
2018-03-28,9,36,56
2018-03-29,9,36,59
2018-03-30,9,36,62
2018-03-31,9,36,65
2018-01-01,10,36,49
2018-01-02,10,36,52
2018-01-03,10,36,55
2018-01-04,10,36,58
2018-01-05,10,36,61
2018-01-06,10,36,65
2018-01-07,10,36,68
2018-01-08,10,36,48
2018-01-09,10,36,52
2018-01-10,10,36,55
2018-01-11,10,36,58
2018-01-12,10,36,61
2018-01-13,10,36,64
2018-01-14,10,36,67
2018-01-15,10,36,48
2018-01-16,10,36,51
2018-01-17,10,36,54
2018-01-18,10,36,58
2018-01-19,10,36,61
2018-01-20,10,36,64
2018-01-21,10,36,67
2018-01-22,10,36,48
2018-01-23,10,36,51
2018-01-24,10,36,54
2018-01-25,10,36,57
2018-01-26,10,36,61
2018-01-27,10,36,64
2018-01-28,10,36,67
2018-01-29,10,36,48
2018-01-30,10,36,51
2018-01-31,10,36,54
2018-02-01,10,36,59
2018-02-02,10,36,62
2018-02-03,10,36,65
2018-02-04,10,36,69
2018-02-05,10,36,49
2018-02-06,10,36,52
2018-02-07,10,36,56
2018-02-08,10,36,59
2018-02-09,10,36,62
2018-02-10,10,36,65
2018-02-11,10,36,68
2018-02-12,10,36,49
2018-02-13,10,36,52
2018-02-14,10,36,55
2018-02-15,10,36,58
2018-02-16,10,36,62
2018-02-17,10,36,65
2018-02-18,10,36,68
2018-02-19,10,36,49
2018-02-20,10,36,52
2018-02-21,10,36,55
2018-02-22,10,36,58
2018-02-23,10,36,61
2018-02-24,10,36,65
2018-02-25,10,36,68
2018-02-26,10,36,48
2018-02-27,10,36,52
2018-02-28,10,36,55
2018-03-01,10,36,60
2018-03-02,10,36,63
2018-03-03,10,36,66
2018-03-04,10,36,69
2018-03-05,10,36,50
2018-03-06,10,36,53
2018-03-07,10,36,56
2018-03-08,10,36,60
2018-03-09,10,36,63
2018-03-10,10,36,66
2018-03-11,10,36,69
2018-03-12,10,36,50
2018-03-13,10,36,53
2018-03-14,10,36,56
2018-03-15,10,36,59
2018-03-16,10,36,62
2018-03-17,10,36,66
2018-03-18,10,36,69
2018-03-19,10,36,50
2018-03-20,10,36,53
2018-03-21,10,36,56
2018-03-22,10,36,59
2018-03-23,10,36,62
2018-03-24,10,36,65
2018-03-25,10,36,69
2018-03-26,10,36,49
2018-03-27,10,36,52
2018-03-28,10,36,56
2018-03-29,10,36,59
2018-03-30,10,36,62
2018-03-31,10,36,65
2018-01-01,1,37,49
2018-01-02,1,37,52
2018-01-03,1,37,56
2018-01-04,1,37,59
2018-01-05,1,37,62
2018-01-06,1,37,65
2018-01-07,1,37,68
2018-01-08,1,37,49
2018-01-09,1,37,52
2018-01-10,1,37,55
2018-01-11,1,37,58
2018-01-12,1,37,62
2018-01-13,1,37,65
2018-01-14,1,37,68
2018-01-15,1,37,49
2018-01-16,1,37,52
2018-01-17,1,37,55
2018-01-18,1,37,58
2018-01-19,1,37,61
2018-01-20,1,37,65
2018-01-21,1,37,68
2018-01-22,1,37,48
2018-01-23,1,37,52
2018-01-24,1,37,55
2018-01-25,1,37,58
2018-01-26,1,37,61
2018-01-27,1,37,64
2018-01-28,1,37,67
2018-01-29,1,37,48
2018-01-30,1,37,51
2018-01-31,1,37,55
2018-02-01,1,37,60
2018-02-02,1,37,63
2018-02-03,1,37,66
2018-02-04,1,37,69
2018-02-05,1,37,50
2018-02-06,1,37,53
2018-02-07,1,37,56
2018-02-08,1,37,59
2018-02-09,1,37,62
2018-02-10,1,37,66
2018-02-11,1,37,69
2018-02-12,1,37,50
2018-02-13,1,37,53
2018-02-14,1,37,56
2018-02-15,1,37,59
2018-02-16,1,37,62
2018-02-17,1,37,65
2018-02-18,1,37,69
2018-02-19,1,37,49
2018-02-20,1,37,52
2018-02-21,1,37,56
2018-02-22,1,37,59
2018-02-23,1,37,62
2018-02-24,1,37,65
2018-02-25,1,37,68
2018-02-26,1,37,49
2018-02-27,1,37,52
2018-02-28,1,37,55
2018-03-01,1,37,60
2018-03-02,1,37,64
2018-03-03,1,37,67
2018-03-04,1,37,70
2018-03-05,1,37,51
2018-03-06,1,37,54
2018-03-07,1,37,57
2018-03-08,1,37,60
2018-03-09,1,37,63
2018-03-10,1,37,66
2018-03-11,1,37,70
2018-03-12,1,37,50
2018-03-13,1,37,54
2018-03-14,1,37,57
2018-03-15,1,37,60
2018-03-16,1,37,63
2018-03-17,1,37,66
2018-03-18,1,37,69
2018-03-19,1,37,50
2018-03-20,1,37,53
2018-03-21,1,37,56
2018-03-22,1,37,60
2018-03-23,1,37,63
2018-03-24,1,37,66
2018-03-25,1,37,69
2018-03-26,1,37,50
2018-03-27,1,37,53
2018-03-28,1,37,56
2018-03-29,1,37,59
2018-03-30,1,37,63
2018-03-31,1,37,66
2018-01-01,2,37,49
2018-01-02,2,37,52
2018-01-03,2,37,56
2018-01-04,2,37,59
2018-01-05,2,37,62
2018-01-06,2,37,65
2018-01-07,2,37,68
2018-01-08,2,37,49
2018-01-09,2,37,52
2018-01-10,2,37,55
2018-01-11,2,37,58
2018-01-12,2,37,62
2018-01-13,2,37,65
2018-01-14,2,37,68
2018-01-15,2,37,49
2018-01-16,2,37,52
2018-01-17,2,37,55
2018-01-18,2,37,58
2018-01-19,2,37,61
2018-01-20,2,37,64
2018-01-21,2,37,68
2018-01-22,2,37,48
2018-01-23,2,37,52
2018-01-24,2,37,55
2018-01-25,2,37,58
2018-01-26,2,37,61
2018-01-27,2,37,64
2018-01-28,2,37,67
2018-01-29,2,37,48
2018-01-30,2,37,51
2018-01-31,2,37,54
2018-02-01,2,37,60
2018-02-02,2,37,63
2018-02-03,2,37,66
2018-02-04,2,37,69
2018-02-05,2,37,50
2018-02-06,2,37,53
2018-02-07,2,37,56
2018-02-08,2,37,59
2018-02-09,2,37,62
2018-02-10,2,37,66
2018-02-11,2,37,69
2018-02-12,2,37,49
2018-02-13,2,37,53
2018-02-14,2,37,56
2018-02-15,2,37,59
2018-02-16,2,37,62
2018-02-17,2,37,65
2018-02-18,2,37,68
2018-02-19,2,37,49
2018-02-20,2,37,52
2018-02-21,2,37,56
2018-02-22,2,37,59
2018-02-23,2,37,62
2018-02-24,2,37,65
2018-02-25,2,37,68
2018-02-26,2,37,49
2018-02-27,2,37,52
2018-02-28,2,37,55
2018-03-01,2,37,60
2018-03-02,2,37,64
2018-03-03,2,37,67
2018-03-04,2,37,70
2018-03-05,2,37,51
2018-03-06,2,37,54
2018-03-07,2,37,57
2018-03-08,2,37,60
2018-03-09,2,37,63
2018-03-10,2,37,66
2018-03-11,2,37,70
2018-03-12,2,37,50
2018-03-13,2,37,53
2018-03-14,2,37,57
2018-03-15,2,37,60
2018-03-16,2,37,63
2018-03-17,2,37,66
2018-03-18,2,37,69
2018-03-19,2,37,50
2018-03-20,2,37,53
2018-03-21,2,37,56
2018-03-22,2,37,60
2018-03-23,2,37,63
2018-03-24,2,37,66
2018-03-25,2,37,69
2018-03-26,2,37,50
2018-03-27,2,37,53
2018-03-28,2,37,56
2018-03-29,2,37,59
2018-03-30,2,37,62
2018-03-31,2,37,66
2018-01-01,3,37,49
2018-01-02,3,37,52
2018-01-03,3,37,55
2018-01-04,3,37,59
2018-01-05,3,37,62
2018-01-06,3,37,65
2018-01-07,3,37,68
2018-01-08,3,37,49
2018-01-09,3,37,52
2018-01-10,3,37,55
2018-01-11,3,37,58
2018-01-12,3,37,62
2018-01-13,3,37,65
2018-01-14,3,37,68
2018-01-15,3,37,49
2018-01-16,3,37,52
2018-01-17,3,37,55
2018-01-18,3,37,58
2018-01-19,3,37,61
2018-01-20,3,37,64
2018-01-21,3,37,68
2018-01-22,3,37,48
2018-01-23,3,37,51
2018-01-24,3,37,55
2018-01-25,3,37,58
2018-01-26,3,37,61
2018-01-27,3,37,64
2018-01-28,3,37,67
2018-01-29,3,37,48
2018-01-30,3,37,51
2018-01-31,3,37,54
2018-02-01,3,37,59
2018-02-02,3,37,63
2018-02-03,3,37,66
2018-02-04,3,37,69
2018-02-05,3,37,50
2018-02-06,3,37,53
2018-02-07,3,37,56
2018-02-08,3,37,59
2018-02-09,3,37,62
2018-02-10,3,37,66
2018-02-11,3,37,69
2018-02-12,3,37,49
2018-02-13,3,37,53
2018-02-14,3,37,56
2018-02-15,3,37,59
2018-02-16,3,37,62
2018-02-17,3,37,65
2018-02-18,3,37,68
2018-02-19,3,37,49
2018-02-20,3,37,52
2018-02-21,3,37,55
2018-02-22,3,37,59
2018-02-23,3,37,62
2018-02-24,3,37,65
2018-02-25,3,37,68
2018-02-26,3,37,49
2018-02-27,3,37,52
2018-02-28,3,37,55
2018-03-01,3,37,60
2018-03-02,3,37,63
2018-03-03,3,37,67
2018-03-04,3,37,70
2018-03-05,3,37,50
2018-03-06,3,37,54
2018-03-07,3,37,57
2018-03-08,3,37,60
2018-03-09,3,37,63
2018-03-10,3,37,66
2018-03-11,3,37,69
2018-03-12,3,37,50
2018-03-13,3,37,53
2018-03-14,3,37,57
2018-03-15,3,37,60
2018-03-16,3,37,63
2018-03-17,3,37,66
2018-03-18,3,37,69
2018-03-19,3,37,50
2018-03-20,3,37,53
2018-03-21,3,37,56
2018-03-22,3,37,59
2018-03-23,3,37,63
2018-03-24,3,37,66
2018-03-25,3,37,69
2018-03-26,3,37,50
2018-03-27,3,37,53
2018-03-28,3,37,56
2018-03-29,3,37,59
2018-03-30,3,37,62
2018-03-31,3,37,66
2018-01-01,4,37,49
2018-01-02,4,37,52
2018-01-03,4,37,55
2018-01-04,4,37,59
2018-01-05,4,37,62
2018-01-06,4,37,65
2018-01-07,4,37,68
2018-01-08,4,37,49
2018-01-09,4,37,52
2018-01-10,4,37,55
2018-01-11,4,37,58
2018-01-12,4,37,61
2018-01-13,4,37,65
2018-01-14,4,37,68
2018-01-15,4,37,48
2018-01-16,4,37,52
2018-01-17,4,37,55
2018-01-18,4,37,58
2018-01-19,4,37,61
2018-01-20,4,37,64
2018-01-21,4,37,67
2018-01-22,4,37,48
2018-01-23,4,37,51
2018-01-24,4,37,55
2018-01-25,4,37,58
2018-01-26,4,37,61
2018-01-27,4,37,64
2018-01-28,4,37,67
2018-01-29,4,37,48
2018-01-30,4,37,51
2018-01-31,4,37,54
2018-02-01,4,37,59
2018-02-02,4,37,63
2018-02-03,4,37,66
2018-02-04,4,37,69
2018-02-05,4,37,50
2018-02-06,4,37,53
2018-02-07,4,37,56
2018-02-08,4,37,59
2018-02-09,4,37,62
2018-02-10,4,37,65
2018-02-11,4,37,69
2018-02-12,4,37,49
2018-02-13,4,37,52
2018-02-14,4,37,56
2018-02-15,4,37,59
2018-02-16,4,37,62
2018-02-17,4,37,65
2018-02-18,4,37,68
2018-02-19,4,37,49
2018-02-20,4,37,52
2018-02-21,4,37,55
2018-02-22,4,37,59
2018-02-23,4,37,62
2018-02-24,4,37,65
2018-02-25,4,37,68
2018-02-26,4,37,49
2018-02-27,4,37,52
2018-02-28,4,37,55
2018-03-01,4,37,60
2018-03-02,4,37,63
2018-03-03,4,37,67
2018-03-04,4,37,70
2018-03-05,4,37,50
2018-03-06,4,37,54
2018-03-07,4,37,57
2018-03-08,4,37,60
2018-03-09,4,37,63
2018-03-10,4,37,66
2018-03-11,4,37,69
2018-03-12,4,37,50
2018-03-13,4,37,53
2018-03-14,4,37,56
2018-03-15,4,37,60
2018-03-16,4,37,63
2018-03-17,4,37,66
2018-03-18,4,37,69
2018-03-19,4,37,50
2018-03-20,4,37,53
2018-03-21,4,37,56
2018-03-22,4,37,59
2018-03-23,4,37,63
2018-03-24,4,37,66
2018-03-25,4,37,69
2018-03-26,4,37,50
2018-03-27,4,37,53
2018-03-28,4,37,56
2018-03-29,4,37,59
2018-03-30,4,37,62
2018-03-31,4,37,65
2018-01-01,5,37,49
2018-01-02,5,37,52
2018-01-03,5,37,55
2018-01-04,5,37,58
2018-01-05,5,37,62
2018-01-06,5,37,65
2018-01-07,5,37,68
2018-01-08,5,37,49
2018-01-09,5,37,52
2018-01-10,5,37,55
2018-01-11,5,37,58
2018-01-12,5,37,61
2018-01-13,5,37,65
2018-01-14,5,37,68
2018-01-15,5,37,48
2018-01-16,5,37,52
2018-01-17,5,37,55
2018-01-18,5,37,58
2018-01-19,5,37,61
2018-01-20,5,37,64
2018-01-21,5,37,67
2018-01-22,5,37,48
2018-01-23,5,37,51
2018-01-24,5,37,54
2018-01-25,5,37,58
2018-01-26,5,37,61
2018-01-27,5,37,64
2018-01-28,5,37,67
2018-01-29,5,37,48
2018-01-30,5,37,51
2018-01-31,5,37,54
2018-02-01,5,37,59
2018-02-02,5,37,62
2018-02-03,5,37,66
2018-02-04,5,37,69
2018-02-05,5,37,50
2018-02-06,5,37,53
2018-02-07,5,37,56
2018-02-08,5,37,59
2018-02-09,5,37,62
2018-02-10,5,37,65
2018-02-11,5,37,69
2018-02-12,5,37,49
2018-02-13,5,37,52
2018-02-14,5,37,56
2018-02-15,5,37,59
2018-02-16,5,37,62
2018-02-17,5,37,65
2018-02-18,5,37,68
2018-02-19,5,37,49
2018-02-20,5,37,52
2018-02-21,5,37,55
2018-02-22,5,37,58
2018-02-23,5,37,62
2018-02-24,5,37,65
2018-02-25,5,37,68
2018-02-26,5,37,49
2018-02-27,5,37,52
2018-02-28,5,37,55
2018-03-01,5,37,60
2018-03-02,5,37,63
2018-03-03,5,37,66
2018-03-04,5,37,70
2018-03-05,5,37,50
2018-03-06,5,37,54
2018-03-07,5,37,57
2018-03-08,5,37,60
2018-03-09,5,37,63
2018-03-10,5,37,66
2018-03-11,5,37,69
2018-03-12,5,37,50
2018-03-13,5,37,53
2018-03-14,5,37,56
2018-03-15,5,37,60
2018-03-16,5,37,63
2018-03-17,5,37,66
2018-03-18,5,37,69
2018-03-19,5,37,50
2018-03-20,5,37,53
2018-03-21,5,37,56
2018-03-22,5,37,59
2018-03-23,5,37,62
2018-03-24,5,37,66
2018-03-25,5,37,69
2018-03-26,5,37,50
2018-03-27,5,37,53
2018-03-28,5,37,56
2018-03-29,5,37,59
2018-03-30,5,37,62
2018-03-31,5,37,65
2018-01-01,6,37,49
2018-01-02,6,37,52
2018-01-03,6,37,55
2018-01-04,6,37,58
2018-01-05,6,37,62
2018-01-06,6,37,65
2018-01-07,6,37,68
2018-01-08,6,37,49
2018-01-09,6,37,52
2018-01-10,6,37,55
2018-01-11,6,37,58
2018-01-12,6,37,61
2018-01-13,6,37,64
2018-01-14,6,37,68
2018-01-15,6,37,48
2018-01-16,6,37,52
2018-01-17,6,37,55
2018-01-18,6,37,58
2018-01-19,6,37,61
2018-01-20,6,37,64
2018-01-21,6,37,67
2018-01-22,6,37,48
2018-01-23,6,37,51
2018-01-24,6,37,54
2018-01-25,6,37,58
2018-01-26,6,37,61
2018-01-27,6,37,64
2018-01-28,6,37,67
2018-01-29,6,37,48
2018-01-30,6,37,51
2018-01-31,6,37,54
2018-02-01,6,37,59
2018-02-02,6,37,62
2018-02-03,6,37,66
2018-02-04,6,37,69
2018-02-05,6,37,49
2018-02-06,6,37,53
2018-02-07,6,37,56
2018-02-08,6,37,59
2018-02-09,6,37,62
2018-02-10,6,37,65
2018-02-11,6,37,68
2018-02-12,6,37,49
2018-02-13,6,37,52
2018-02-14,6,37,56
2018-02-15,6,37,59
2018-02-16,6,37,62
2018-02-17,6,37,65
2018-02-18,6,37,68
2018-02-19,6,37,49
2018-02-20,6,37,52
2018-02-21,6,37,55
2018-02-22,6,37,58
2018-02-23,6,37,62
2018-02-24,6,37,65
2018-02-25,6,37,68
2018-02-26,6,37,49
2018-02-27,6,37,52
2018-02-28,6,37,55
2018-03-01,6,37,60
2018-03-02,6,37,63
2018-03-03,6,37,66
2018-03-04,6,37,70
2018-03-05,6,37,50
2018-03-06,6,37,53
2018-03-07,6,37,57
2018-03-08,6,37,60
2018-03-09,6,37,63
2018-03-10,6,37,66
2018-03-11,6,37,69
2018-03-12,6,37,50
2018-03-13,6,37,53
2018-03-14,6,37,56
2018-03-15,6,37,59
2018-03-16,6,37,63
2018-03-17,6,37,66
2018-03-18,6,37,69
2018-03-19,6,37,50
2018-03-20,6,37,53
2018-03-21,6,37,56
2018-03-22,6,37,59
2018-03-23,6,37,62
2018-03-24,6,37,66
2018-03-25,6,37,69
2018-03-26,6,37,49
2018-03-27,6,37,53
2018-03-28,6,37,56
2018-03-29,6,37,59
2018-03-30,6,37,62
2018-03-31,6,37,65
2018-01-01,7,37,49
2018-01-02,7,37,52
2018-01-03,7,37,55
2018-01-04,7,37,58
2018-01-05,7,37,61
2018-01-06,7,37,65
2018-01-07,7,37,68
2018-01-08,7,37,49
2018-01-09,7,37,52
2018-01-10,7,37,55
2018-01-11,7,37,58
2018-01-12,7,37,61
2018-01-13,7,37,64
2018-01-14,7,37,68
2018-01-15,7,37,48
2018-01-16,7,37,51
2018-01-17,7,37,55
2018-01-18,7,37,58
2018-01-19,7,37,61
2018-01-20,7,37,64
2018-01-21,7,37,67
2018-01-22,7,37,48
2018-01-23,7,37,51
2018-01-24,7,37,54
2018-01-25,7,37,57
2018-01-26,7,37,61
2018-01-27,7,37,64
2018-01-28,7,37,67
2018-01-29,7,37,48
2018-01-30,7,37,51
2018-01-31,7,37,54
2018-02-01,7,37,59
2018-02-02,7,37,62
2018-02-03,7,37,65
2018-02-04,7,37,69
2018-02-05,7,37,49
2018-02-06,7,37,53
2018-02-07,7,37,56
2018-02-08,7,37,59
2018-02-09,7,37,62
2018-02-10,7,37,65
2018-02-11,7,37,68
2018-02-12,7,37,49
2018-02-13,7,37,52
2018-02-14,7,37,55
2018-02-15,7,37,59
2018-02-16,7,37,62
2018-02-17,7,37,65
2018-02-18,7,37,68
2018-02-19,7,37,49
2018-02-20,7,37,52
2018-02-21,7,37,55
2018-02-22,7,37,58
2018-02-23,7,37,61
2018-02-24,7,37,65
2018-02-25,7,37,68
2018-02-26,7,37,49
2018-02-27,7,37,52
2018-02-28,7,37,55
2018-03-01,7,37,60
2018-03-02,7,37,63
2018-03-03,7,37,66
2018-03-04,7,37,69
2018-03-05,7,37,50
2018-03-06,7,37,53
2018-03-07,7,37,57
2018-03-08,7,37,60
2018-03-09,7,37,63
2018-03-10,7,37,66
2018-03-11,7,37,69
2018-03-12,7,37,50
2018-03-13,7,37,53
2018-03-14,7,37,56
2018-03-15,7,37,59
2018-03-16,7,37,63
2018-03-17,7,37,66
2018-03-18,7,37,69
2018-03-19,7,37,50
2018-03-20,7,37,53
2018-03-21,7,37,56
2018-03-22,7,37,59
2018-03-23,7,37,62
2018-03-24,7,37,65
2018-03-25,7,37,69
2018-03-26,7,37,49
2018-03-27,7,37,53
2018-03-28,7,37,56
2018-03-29,7,37,59
2018-03-30,7,37,62
2018-03-31,7,37,65
2018-01-01,8,37,49
2018-01-02,8,37,52
2018-01-03,8,37,55
2018-01-04,8,37,58
2018-01-05,8,37,61
2018-01-06,8,37,65
2018-01-07,8,37,68
2018-01-08,8,37,48
2018-01-09,8,37,52
2018-01-10,8,37,55
2018-01-11,8,37,58
2018-01-12,8,37,61
2018-01-13,8,37,64
2018-01-14,8,37,67
2018-01-15,8,37,48
2018-01-16,8,37,51
2018-01-17,8,37,55
2018-01-18,8,37,58
2018-01-19,8,37,61
2018-01-20,8,37,64
2018-01-21,8,37,67
2018-01-22,8,37,48
2018-01-23,8,37,51
2018-01-24,8,37,54
2018-01-25,8,37,57
2018-01-26,8,37,61
2018-01-27,8,37,64
2018-01-28,8,37,67
2018-01-29,8,37,48
2018-01-30,8,37,51
2018-01-31,8,37,54
2018-02-01,8,37,59
2018-02-02,8,37,62
2018-02-03,8,37,65
2018-02-04,8,37,69
2018-02-05,8,37,49
2018-02-06,8,37,52
2018-02-07,8,37,56
2018-02-08,8,37,59
2018-02-09,8,37,62
2018-02-10,8,37,65
2018-02-11,8,37,68
2018-02-12,8,37,49
2018-02-13,8,37,52
2018-02-14,8,37,55
2018-02-15,8,37,59
2018-02-16,8,37,62
2018-02-17,8,37,65
2018-02-18,8,37,68
2018-02-19,8,37,49
2018-02-20,8,37,52
2018-02-21,8,37,55
2018-02-22,8,37,58
2018-02-23,8,37,61
2018-02-24,8,37,65
2018-02-25,8,37,68
2018-02-26,8,37,48
2018-02-27,8,37,52
2018-02-28,8,37,55
2018-03-01,8,37,60
2018-03-02,8,37,63
2018-03-03,8,37,66
2018-03-04,8,37,69
2018-03-05,8,37,50
2018-03-06,8,37,53
2018-03-07,8,37,56
2018-03-08,8,37,60
2018-03-09,8,37,63
2018-03-10,8,37,66
2018-03-11,8,37,69
2018-03-12,8,37,50
2018-03-13,8,37,53
2018-03-14,8,37,56
2018-03-15,8,37,59
2018-03-16,8,37,63
2018-03-17,8,37,66
2018-03-18,8,37,69
2018-03-19,8,37,50
2018-03-20,8,37,53
2018-03-21,8,37,56
2018-03-22,8,37,59
2018-03-23,8,37,62
2018-03-24,8,37,65
2018-03-25,8,37,69
2018-03-26,8,37,49
2018-03-27,8,37,52
2018-03-28,8,37,56
2018-03-29,8,37,59
2018-03-30,8,37,62
2018-03-31,8,37,65
2018-01-01,9,37,49
2018-01-02,9,37,52
2018-01-03,9,37,55
2018-01-04,9,37,58
2018-01-05,9,37,61
2018-01-06,9,37,64
2018-01-07,9,37,68
2018-01-08,9,37,48
2018-01-09,9,37,52
2018-01-10,9,37,55
2018-01-11,9,37,58
2018-01-12,9,37,61
2018-01-13,9,37,64
2018-01-14,9,37,67
2018-01-15,9,37,48
2018-01-16,9,37,51
2018-01-17,9,37,54
2018-01-18,9,37,58
2018-01-19,9,37,61
2018-01-20,9,37,64
2018-01-21,9,37,67
2018-01-22,9,37,48
2018-01-23,9,37,51
2018-01-24,9,37,54
2018-01-25,9,37,57
2018-01-26,9,37,61
2018-01-27,9,37,64
2018-01-28,9,37,67
2018-01-29,9,37,48
2018-01-30,9,37,51
2018-01-31,9,37,54
2018-02-01,9,37,59
2018-02-02,9,37,62
2018-02-03,9,37,65
2018-02-04,9,37,68
2018-02-05,9,37,49
2018-02-06,9,37,52
2018-02-07,9,37,56
2018-02-08,9,37,59
2018-02-09,9,37,62
2018-02-10,9,37,65
2018-02-11,9,37,68
2018-02-12,9,37,49
2018-02-13,9,37,52
2018-02-14,9,37,55
2018-02-15,9,37,58
2018-02-16,9,37,62
2018-02-17,9,37,65
2018-02-18,9,37,68
2018-02-19,9,37,49
2018-02-20,9,37,52
2018-02-21,9,37,55
2018-02-22,9,37,58
2018-02-23,9,37,61
2018-02-24,9,37,64
2018-02-25,9,37,68
2018-02-26,9,37,48
2018-02-27,9,37,52
2018-02-28,9,37,55
2018-03-01,9,37,60
2018-03-02,9,37,63
2018-03-03,9,37,66
2018-03-04,9,37,69
2018-03-05,9,37,50
2018-03-06,9,37,53
2018-03-07,9,37,56
2018-03-08,9,37,60
2018-03-09,9,37,63
2018-03-10,9,37,66
2018-03-11,9,37,69
2018-03-12,9,37,50
2018-03-13,9,37,53
2018-03-14,9,37,56
2018-03-15,9,37,59
2018-03-16,9,37,62
2018-03-17,9,37,66
2018-03-18,9,37,69
2018-03-19,9,37,49
2018-03-20,9,37,53
2018-03-21,9,37,56
2018-03-22,9,37,59
2018-03-23,9,37,62
2018-03-24,9,37,65
2018-03-25,9,37,68
2018-03-26,9,37,49
2018-03-27,9,37,52
2018-03-28,9,37,56
2018-03-29,9,37,59
2018-03-30,9,37,62
2018-03-31,9,37,65
2018-01-01,10,37,49
2018-01-02,10,37,52
2018-01-03,10,37,55
2018-01-04,10,37,58
2018-01-05,10,37,61
2018-01-06,10,37,64
2018-01-07,10,37,68
2018-01-08,10,37,48
2018-01-09,10,37,51
2018-01-10,10,37,55
2018-01-11,10,37,58
2018-01-12,10,37,61
2018-01-13,10,37,64
2018-01-14,10,37,67
2018-01-15,10,37,48
2018-01-16,10,37,51
2018-01-17,10,37,54
2018-01-18,10,37,58
2018-01-19,10,37,61
2018-01-20,10,37,64
2018-01-21,10,37,67
2018-01-22,10,37,48
2018-01-23,10,37,51
2018-01-24,10,37,54
2018-01-25,10,37,57
2018-01-26,10,37,60
2018-01-27,10,37,64
2018-01-28,10,37,67
2018-01-29,10,37,47
2018-01-30,10,37,51
2018-01-31,10,37,54
2018-02-01,10,37,59
2018-02-02,10,37,62
2018-02-03,10,37,65
2018-02-04,10,37,68
2018-02-05,10,37,49
2018-02-06,10,37,52
2018-02-07,10,37,55
2018-02-08,10,37,59
2018-02-09,10,37,62
2018-02-10,10,37,65
2018-02-11,10,37,68
2018-02-12,10,37,49
2018-02-13,10,37,52
2018-02-14,10,37,55
2018-02-15,10,37,58
2018-02-16,10,37,62
2018-02-17,10,37,65
2018-02-18,10,37,68
2018-02-19,10,37,49
2018-02-20,10,37,52
2018-02-21,10,37,55
2018-02-22,10,37,58
2018-02-23,10,37,61
2018-02-24,10,37,64
2018-02-25,10,37,68
2018-02-26,10,37,48
2018-02-27,10,37,51
2018-02-28,10,37,55
2018-03-01,10,37,60
2018-03-02,10,37,63
2018-03-03,10,37,66
2018-03-04,10,37,69
2018-03-05,10,37,50
2018-03-06,10,37,53
2018-03-07,10,37,56
2018-03-08,10,37,59
2018-03-09,10,37,63
2018-03-10,10,37,66
2018-03-11,10,37,69
2018-03-12,10,37,50
2018-03-13,10,37,53
2018-03-14,10,37,56
2018-03-15,10,37,59
2018-03-16,10,37,62
2018-03-17,10,37,66
2018-03-18,10,37,69
2018-03-19,10,37,49
2018-03-20,10,37,53
2018-03-21,10,37,56
2018-03-22,10,37,59
2018-03-23,10,37,62
2018-03-24,10,37,65
2018-03-25,10,37,68
2018-03-26,10,37,49
2018-03-27,10,37,52
2018-03-28,10,37,55
2018-03-29,10,37,59
2018-03-30,10,37,62
2018-03-31,10,37,65
2018-01-01,1,38,49
2018-01-02,1,38,52
2018-01-03,1,38,55
2018-01-04,1,38,59
2018-01-05,1,38,62
2018-01-06,1,38,65
2018-01-07,1,38,68
2018-01-08,1,38,49
2018-01-09,1,38,52
2018-01-10,1,38,55
2018-01-11,1,38,58
2018-01-12,1,38,62
2018-01-13,1,38,65
2018-01-14,1,38,68
2018-01-15,1,38,49
2018-01-16,1,38,52
2018-01-17,1,38,55
2018-01-18,1,38,58
2018-01-19,1,38,61
2018-01-20,1,38,64
2018-01-21,1,38,68
2018-01-22,1,38,48
2018-01-23,1,38,52
2018-01-24,1,38,55
2018-01-25,1,38,58
2018-01-26,1,38,61
2018-01-27,1,38,64
2018-01-28,1,38,67
2018-01-29,1,38,48
2018-01-30,1,38,51
2018-01-31,1,38,54
2018-02-01,1,38,59
2018-02-02,1,38,63
2018-02-03,1,38,66
2018-02-04,1,38,69
2018-02-05,1,38,50
2018-02-06,1,38,53
2018-02-07,1,38,56
2018-02-08,1,38,59
2018-02-09,1,38,62
2018-02-10,1,38,66
2018-02-11,1,38,69
2018-02-12,1,38,49
2018-02-13,1,38,53
2018-02-14,1,38,56
2018-02-15,1,38,59
2018-02-16,1,38,62
2018-02-17,1,38,65
2018-02-18,1,38,68
2018-02-19,1,38,49
2018-02-20,1,38,52
2018-02-21,1,38,56
2018-02-22,1,38,59
2018-02-23,1,38,62
2018-02-24,1,38,65
2018-02-25,1,38,68
2018-02-26,1,38,49
2018-02-27,1,38,52
2018-02-28,1,38,55
2018-03-01,1,38,60
2018-03-02,1,38,63
2018-03-03,1,38,67
2018-03-04,1,38,70
2018-03-05,1,38,51
2018-03-06,1,38,54
2018-03-07,1,38,57
2018-03-08,1,38,60
2018-03-09,1,38,63
2018-03-10,1,38,66
2018-03-11,1,38,70
2018-03-12,1,38,50
2018-03-13,1,38,53
2018-03-14,1,38,57
2018-03-15,1,38,60
2018-03-16,1,38,63
2018-03-17,1,38,66
2018-03-18,1,38,69
2018-03-19,1,38,50
2018-03-20,1,38,53
2018-03-21,1,38,56
2018-03-22,1,38,60
2018-03-23,1,38,63
2018-03-24,1,38,66
2018-03-25,1,38,69
2018-03-26,1,38,50
2018-03-27,1,38,53
2018-03-28,1,38,56
2018-03-29,1,38,59
2018-03-30,1,38,62
2018-03-31,1,38,66
2018-01-01,2,38,49
2018-01-02,2,38,52
2018-01-03,2,38,55
2018-01-04,2,38,59
2018-01-05,2,38,62
2018-01-06,2,38,65
2018-01-07,2,38,68
2018-01-08,2,38,49
2018-01-09,2,38,52
2018-01-10,2,38,55
2018-01-11,2,38,58
2018-01-12,2,38,61
2018-01-13,2,38,65
2018-01-14,2,38,68
2018-01-15,2,38,49
2018-01-16,2,38,52
2018-01-17,2,38,55
2018-01-18,2,38,58
2018-01-19,2,38,61
2018-01-20,2,38,64
2018-01-21,2,38,68
2018-01-22,2,38,48
2018-01-23,2,38,51
2018-01-24,2,38,55
2018-01-25,2,38,58
2018-01-26,2,38,61
2018-01-27,2,38,64
2018-01-28,2,38,67
2018-01-29,2,38,48
2018-01-30,2,38,51
2018-01-31,2,38,54
2018-02-01,2,38,59
2018-02-02,2,38,63
2018-02-03,2,38,66
2018-02-04,2,38,69
2018-02-05,2,38,50
2018-02-06,2,38,53
2018-02-07,2,38,56
2018-02-08,2,38,59
2018-02-09,2,38,62
2018-02-10,2,38,65
2018-02-11,2,38,69
2018-02-12,2,38,49
2018-02-13,2,38,53
2018-02-14,2,38,56
2018-02-15,2,38,59
2018-02-16,2,38,62
2018-02-17,2,38,65
2018-02-18,2,38,68
2018-02-19,2,38,49
2018-02-20,2,38,52
2018-02-21,2,38,55
2018-02-22,2,38,59
2018-02-23,2,38,62
2018-02-24,2,38,65
2018-02-25,2,38,68
2018-02-26,2,38,49
2018-02-27,2,38,52
2018-02-28,2,38,55
2018-03-01,2,38,60
2018-03-02,2,38,63
2018-03-03,2,38,67
2018-03-04,2,38,70
2018-03-05,2,38,50
2018-03-06,2,38,54
2018-03-07,2,38,57
2018-03-08,2,38,60
2018-03-09,2,38,63
2018-03-10,2,38,66
2018-03-11,2,38,69
2018-03-12,2,38,50
2018-03-13,2,38,53
2018-03-14,2,38,57
2018-03-15,2,38,60
2018-03-16,2,38,63
2018-03-17,2,38,66
2018-03-18,2,38,69
2018-03-19,2,38,50
2018-03-20,2,38,53
2018-03-21,2,38,56
2018-03-22,2,38,59
2018-03-23,2,38,63
2018-03-24,2,38,66
2018-03-25,2,38,69
2018-03-26,2,38,50
2018-03-27,2,38,53
2018-03-28,2,38,56
2018-03-29,2,38,59
2018-03-30,2,38,62
2018-03-31,2,38,65
2018-01-01,3,38,49
2018-01-02,3,38,52
2018-01-03,3,38,55
2018-01-04,3,38,59
2018-01-05,3,38,62
2018-01-06,3,38,65
2018-01-07,3,38,68
2018-01-08,3,38,49
2018-01-09,3,38,52
2018-01-10,3,38,55
2018-01-11,3,38,58
2018-01-12,3,38,61
2018-01-13,3,38,65
2018-01-14,3,38,68
2018-01-15,3,38,48
2018-01-16,3,38,52
2018-01-17,3,38,55
2018-01-18,3,38,58
2018-01-19,3,38,61
2018-01-20,3,38,64
2018-01-21,3,38,67
2018-01-22,3,38,48
2018-01-23,3,38,51
2018-01-24,3,38,55
2018-01-25,3,38,58
2018-01-26,3,38,61
2018-01-27,3,38,64
2018-01-28,3,38,67
2018-01-29,3,38,48
2018-01-30,3,38,51
2018-01-31,3,38,54
2018-02-01,3,38,59
2018-02-02,3,38,62
2018-02-03,3,38,66
2018-02-04,3,38,69
2018-02-05,3,38,50
2018-02-06,3,38,53
2018-02-07,3,38,56
2018-02-08,3,38,59
2018-02-09,3,38,62
2018-02-10,3,38,65
2018-02-11,3,38,69
2018-02-12,3,38,49
2018-02-13,3,38,52
2018-02-14,3,38,56
2018-02-15,3,38,59
2018-02-16,3,38,62
2018-02-17,3,38,65
2018-02-18,3,38,68
2018-02-19,3,38,49
2018-02-20,3,38,52
2018-02-21,3,38,55
2018-02-22,3,38,59
2018-02-23,3,38,62
2018-02-24,3,38,65
2018-02-25,3,38,68
2018-02-26,3,38,49
2018-02-27,3,38,52
2018-02-28,3,38,55
2018-03-01,3,38,60
2018-03-02,3,38,63
2018-03-03,3,38,66
2018-03-04,3,38,70
2018-03-05,3,38,50
2018-03-06,3,38,54
2018-03-07,3,38,57
2018-03-08,3,38,60
2018-03-09,3,38,63
2018-03-10,3,38,66
2018-03-11,3,38,69
2018-03-12,3,38,50
2018-03-13,3,38,53
2018-03-14,3,38,56
2018-03-15,3,38,60
2018-03-16,3,38,63
2018-03-17,3,38,66
2018-03-18,3,38,69
2018-03-19,3,38,50
2018-03-20,3,38,53
2018-03-21,3,38,56
2018-03-22,3,38,59
2018-03-23,3,38,63
2018-03-24,3,38,66
2018-03-25,3,38,69
2018-03-26,3,38,50
2018-03-27,3,38,53
2018-03-28,3,38,56
2018-03-29,3,38,59
2018-03-30,3,38,62
2018-03-31,3,38,65
2018-01-01,4,38,49
2018-01-02,4,38,52
2018-01-03,4,38,55
2018-01-04,4,38,58
2018-01-05,4,38,62
2018-01-06,4,38,65
2018-01-07,4,38,68
2018-01-08,4,38,49
2018-01-09,4,38,52
2018-01-10,4,38,55
2018-01-11,4,38,58
2018-01-12,4,38,61
2018-01-13,4,38,64
2018-01-14,4,38,68
2018-01-15,4,38,48
2018-01-16,4,38,52
2018-01-17,4,38,55
2018-01-18,4,38,58
2018-01-19,4,38,61
2018-01-20,4,38,64
2018-01-21,4,38,67
2018-01-22,4,38,48
2018-01-23,4,38,51
2018-01-24,4,38,54
2018-01-25,4,38,58
2018-01-26,4,38,61
2018-01-27,4,38,64
2018-01-28,4,38,67
2018-01-29,4,38,48
2018-01-30,4,38,51
2018-01-31,4,38,54
2018-02-01,4,38,59
2018-02-02,4,38,62
2018-02-03,4,38,66
2018-02-04,4,38,69
2018-02-05,4,38,49
2018-02-06,4,38,53
2018-02-07,4,38,56
2018-02-08,4,38,59
2018-02-09,4,38,62
2018-02-10,4,38,65
2018-02-11,4,38,68
2018-02-12,4,38,49
2018-02-13,4,38,52
2018-02-14,4,38,56
2018-02-15,4,38,59
2018-02-16,4,38,62
2018-02-17,4,38,65
2018-02-18,4,38,68
2018-02-19,4,38,49
2018-02-20,4,38,52
2018-02-21,4,38,55
2018-02-22,4,38,58
2018-02-23,4,38,62
2018-02-24,4,38,65
2018-02-25,4,38,68
2018-02-26,4,38,49
2018-02-27,4,38,52
2018-02-28,4,38,55
2018-03-01,4,38,60
2018-03-02,4,38,63
2018-03-03,4,38,66
2018-03-04,4,38,70
2018-03-05,4,38,50
2018-03-06,4,38,53
2018-03-07,4,38,57
2018-03-08,4,38,60
2018-03-09,4,38,63
2018-03-10,4,38,66
2018-03-11,4,38,69
2018-03-12,4,38,50
2018-03-13,4,38,53
2018-03-14,4,38,56
2018-03-15,4,38,60
2018-03-16,4,38,63
2018-03-17,4,38,66
2018-03-18,4,38,69
2018-03-19,4,38,50
2018-03-20,4,38,53
2018-03-21,4,38,56
2018-03-22,4,38,59
2018-03-23,4,38,62
2018-03-24,4,38,66
2018-03-25,4,38,69
2018-03-26,4,38,49
2018-03-27,4,38,53
2018-03-28,4,38,56
2018-03-29,4,38,59
2018-03-30,4,38,62
2018-03-31,4,38,65
2018-01-01,5,38,49
2018-01-02,5,38,52
2018-01-03,5,38,55
2018-01-04,5,38,58
2018-01-05,5,38,62
2018-01-06,5,38,65
2018-01-07,5,38,68
2018-01-08,5,38,49
2018-01-09,5,38,52
2018-01-10,5,38,55
2018-01-11,5,38,58
2018-01-12,5,38,61
2018-01-13,5,38,64
2018-01-14,5,38,68
2018-01-15,5,38,48
2018-01-16,5,38,51
2018-01-17,5,38,55
2018-01-18,5,38,58
2018-01-19,5,38,61
2018-01-20,5,38,64
2018-01-21,5,38,67
2018-01-22,5,38,48
2018-01-23,5,38,51
2018-01-24,5,38,54
2018-01-25,5,38,58
2018-01-26,5,38,61
2018-01-27,5,38,64
2018-01-28,5,38,67
2018-01-29,5,38,48
2018-01-30,5,38,51
2018-01-31,5,38,54
2018-02-01,5,38,59
2018-02-02,5,38,62
2018-02-03,5,38,66
2018-02-04,5,38,69
2018-02-05,5,38,49
2018-02-06,5,38,53
2018-02-07,5,38,56
2018-02-08,5,38,59
2018-02-09,5,38,62
2018-02-10,5,38,65
2018-02-11,5,38,68
2018-02-12,5,38,49
2018-02-13,5,38,52
2018-02-14,5,38,55
2018-02-15,5,38,59
2018-02-16,5,38,62
2018-02-17,5,38,65
2018-02-18,5,38,68
2018-02-19,5,38,49
2018-02-20,5,38,52
2018-02-21,5,38,55
2018-02-22,5,38,58
2018-02-23,5,38,62
2018-02-24,5,38,65
2018-02-25,5,38,68
2018-02-26,5,38,49
2018-02-27,5,38,52
2018-02-28,5,38,55
2018-03-01,5,38,60
2018-03-02,5,38,63
2018-03-03,5,38,66
2018-03-04,5,38,70
2018-03-05,5,38,50
2018-03-06,5,38,53
2018-03-07,5,38,57
2018-03-08,5,38,60
2018-03-09,5,38,63
2018-03-10,5,38,66
2018-03-11,5,38,69
2018-03-12,5,38,50
2018-03-13,5,38,53
2018-03-14,5,38,56
2018-03-15,5,38,59
2018-03-16,5,38,63
2018-03-17,5,38,66
2018-03-18,5,38,69
2018-03-19,5,38,50
2018-03-20,5,38,53
2018-03-21,5,38,56
2018-03-22,5,38,59
2018-03-23,5,38,62
2018-03-24,5,38,66
2018-03-25,5,38,69
2018-03-26,5,38,49
2018-03-27,5,38,53
2018-03-28,5,38,56
2018-03-29,5,38,59
2018-03-30,5,38,62
2018-03-31,5,38,65
2018-01-01,6,38,49
2018-01-02,6,38,52
2018-01-03,6,38,55
2018-01-04,6,38,58
2018-01-05,6,38,61
2018-01-06,6,38,65
2018-01-07,6,38,68
2018-01-08,6,38,48
2018-01-09,6,38,52
2018-01-10,6,38,55
2018-01-11,6,38,58
2018-01-12,6,38,61
2018-01-13,6,38,64
2018-01-14,6,38,67
2018-01-15,6,38,48
2018-01-16,6,38,51
2018-01-17,6,38,55
2018-01-18,6,38,58
2018-01-19,6,38,61
2018-01-20,6,38,64
2018-01-21,6,38,67
2018-01-22,6,38,48
2018-01-23,6,38,51
2018-01-24,6,38,54
2018-01-25,6,38,57
2018-01-26,6,38,61
2018-01-27,6,38,64
2018-01-28,6,38,67
2018-01-29,6,38,48
2018-01-30,6,38,51
2018-01-31,6,38,54
2018-02-01,6,38,59
2018-02-02,6,38,62
2018-02-03,6,38,65
2018-02-04,6,38,69
2018-02-05,6,38,49
2018-02-06,6,38,52
2018-02-07,6,38,56
2018-02-08,6,38,59
2018-02-09,6,38,62
2018-02-10,6,38,65
2018-02-11,6,38,68
2018-02-12,6,38,49
2018-02-13,6,38,52
2018-02-14,6,38,55
2018-02-15,6,38,59
2018-02-16,6,38,62
2018-02-17,6,38,65
2018-02-18,6,38,68
2018-02-19,6,38,49
2018-02-20,6,38,52
2018-02-21,6,38,55
2018-02-22,6,38,58
2018-02-23,6,38,61
2018-02-24,6,38,65
2018-02-25,6,38,68
2018-02-26,6,38,49
2018-02-27,6,38,52
2018-02-28,6,38,55
2018-03-01,6,38,60
2018-03-02,6,38,63
2018-03-03,6,38,66
2018-03-04,6,38,69
2018-03-05,6,38,50
2018-03-06,6,38,53
2018-03-07,6,38,56
2018-03-08,6,38,60
2018-03-09,6,38,63
2018-03-10,6,38,66
2018-03-11,6,38,69
2018-03-12,6,38,50
2018-03-13,6,38,53
2018-03-14,6,38,56
2018-03-15,6,38,59
2018-03-16,6,38,63
2018-03-17,6,38,66
2018-03-18,6,38,69
2018-03-19,6,38,50
2018-03-20,6,38,53
2018-03-21,6,38,56
2018-03-22,6,38,59
2018-03-23,6,38,62
2018-03-24,6,38,65
2018-03-25,6,38,69
2018-03-26,6,38,49
2018-03-27,6,38,53
2018-03-28,6,38,56
2018-03-29,6,38,59
2018-03-30,6,38,62
2018-03-31,6,38,65
2018-01-01,7,38,49
2018-01-02,7,38,52
2018-01-03,7,38,55
2018-01-04,7,38,58
2018-01-05,7,38,61
2018-01-06,7,38,65
2018-01-07,7,38,68
2018-01-08,7,38,48
2018-01-09,7,38,52
2018-01-10,7,38,55
2018-01-11,7,38,58
2018-01-12,7,38,61
2018-01-13,7,38,64
2018-01-14,7,38,67
2018-01-15,7,38,48
2018-01-16,7,38,51
2018-01-17,7,38,54
2018-01-18,7,38,58
2018-01-19,7,38,61
2018-01-20,7,38,64
2018-01-21,7,38,67
2018-01-22,7,38,48
2018-01-23,7,38,51
2018-01-24,7,38,54
2018-01-25,7,38,57
2018-01-26,7,38,61
2018-01-27,7,38,64
2018-01-28,7,38,67
2018-01-29,7,38,48
2018-01-30,7,38,51
2018-01-31,7,38,54
2018-02-01,7,38,59
2018-02-02,7,38,62
2018-02-03,7,38,65
2018-02-04,7,38,69
2018-02-05,7,38,49
2018-02-06,7,38,52
2018-02-07,7,38,56
2018-02-08,7,38,59
2018-02-09,7,38,62
2018-02-10,7,38,65
2018-02-11,7,38,68
2018-02-12,7,38,49
2018-02-13,7,38,52
2018-02-14,7,38,55
2018-02-15,7,38,58
2018-02-16,7,38,62
2018-02-17,7,38,65
2018-02-18,7,38,68
2018-02-19,7,38,49
2018-02-20,7,38,52
2018-02-21,7,38,55
2018-02-22,7,38,58
2018-02-23,7,38,61
2018-02-24,7,38,65
2018-02-25,7,38,68
2018-02-26,7,38,48
2018-02-27,7,38,52
2018-02-28,7,38,55
2018-03-01,7,38,60
2018-03-02,7,38,63
2018-03-03,7,38,66
2018-03-04,7,38,69
2018-03-05,7,38,50
2018-03-06,7,38,53
2018-03-07,7,38,56
2018-03-08,7,38,60
2018-03-09,7,38,63
2018-03-10,7,38,66
2018-03-11,7,38,69
2018-03-12,7,38,50
2018-03-13,7,38,53
2018-03-14,7,38,56
2018-03-15,7,38,59
2018-03-16,7,38,62
2018-03-17,7,38,66
2018-03-18,7,38,69
2018-03-19,7,38,50
2018-03-20,7,38,53
2018-03-21,7,38,56
2018-03-22,7,38,59
2018-03-23,7,38,62
2018-03-24,7,38,65
2018-03-25,7,38,69
2018-03-26,7,38,49
2018-03-27,7,38,52
2018-03-28,7,38,56
2018-03-29,7,38,59
2018-03-30,7,38,62
2018-03-31,7,38,65
2018-01-01,8,38,49
2018-01-02,8,38,52
2018-01-03,8,38,55
2018-01-04,8,38,58
2018-01-05,8,38,61
2018-01-06,8,38,64
2018-01-07,8,38,68
2018-01-08,8,38,48
2018-01-09,8,38,52
2018-01-10,8,38,55
2018-01-11,8,38,58
2018-01-12,8,38,61
2018-01-13,8,38,64
2018-01-14,8,38,67
2018-01-15,8,38,48
2018-01-16,8,38,51
2018-01-17,8,38,54
2018-01-18,8,38,58
2018-01-19,8,38,61
2018-01-20,8,38,64
2018-01-21,8,38,67
2018-01-22,8,38,48
2018-01-23,8,38,51
2018-01-24,8,38,54
2018-01-25,8,38,57
2018-01-26,8,38,60
2018-01-27,8,38,64
2018-01-28,8,38,67
2018-01-29,8,38,48
2018-01-30,8,38,51
2018-01-31,8,38,54
2018-02-01,8,38,59
2018-02-02,8,38,62
2018-02-03,8,38,65
2018-02-04,8,38,68
2018-02-05,8,38,49
2018-02-06,8,38,52
2018-02-07,8,38,56
2018-02-08,8,38,59
2018-02-09,8,38,62
2018-02-10,8,38,65
2018-02-11,8,38,68
2018-02-12,8,38,49
2018-02-13,8,38,52
2018-02-14,8,38,55
2018-02-15,8,38,58
2018-02-16,8,38,62
2018-02-17,8,38,65
2018-02-18,8,38,68
2018-02-19,8,38,49
2018-02-20,8,38,52
2018-02-21,8,38,55
2018-02-22,8,38,58
2018-02-23,8,38,61
2018-02-24,8,38,64
2018-02-25,8,38,68
2018-02-26,8,38,48
2018-02-27,8,38,52
2018-02-28,8,38,55
2018-03-01,8,38,60
2018-03-02,8,38,63
2018-03-03,8,38,66
2018-03-04,8,38,69
2018-03-05,8,38,50
2018-03-06,8,38,53
2018-03-07,8,38,56
2018-03-08,8,38,60
2018-03-09,8,38,63
2018-03-10,8,38,66
2018-03-11,8,38,69
2018-03-12,8,38,50
2018-03-13,8,38,53
2018-03-14,8,38,56
2018-03-15,8,38,59
2018-03-16,8,38,62
2018-03-17,8,38,66
2018-03-18,8,38,69
2018-03-19,8,38,49
2018-03-20,8,38,53
2018-03-21,8,38,56
2018-03-22,8,38,59
2018-03-23,8,38,62
2018-03-24,8,38,65
2018-03-25,8,38,68
2018-03-26,8,38,49
2018-03-27,8,38,52
2018-03-28,8,38,56
2018-03-29,8,38,59
2018-03-30,8,38,62
2018-03-31,8,38,65
2018-01-01,9,38,49
2018-01-02,9,38,52
2018-01-03,9,38,55
2018-01-04,9,38,58
2018-01-05,9,38,61
2018-01-06,9,38,64
2018-01-07,9,38,68
2018-01-08,9,38,48
2018-01-09,9,38,51
2018-01-10,9,38,55
2018-01-11,9,38,58
2018-01-12,9,38,61
2018-01-13,9,38,64
2018-01-14,9,38,67
2018-01-15,9,38,48
2018-01-16,9,38,51
2018-01-17,9,38,54
2018-01-18,9,38,57
2018-01-19,9,38,61
2018-01-20,9,38,64
2018-01-21,9,38,67
2018-01-22,9,38,48
2018-01-23,9,38,51
2018-01-24,9,38,54
2018-01-25,9,38,57
2018-01-26,9,38,60
2018-01-27,9,38,64
2018-01-28,9,38,67
2018-01-29,9,38,47
2018-01-30,9,38,51
2018-01-31,9,38,54
2018-02-01,9,38,59
2018-02-02,9,38,62
2018-02-03,9,38,65
2018-02-04,9,38,68
2018-02-05,9,38,49
2018-02-06,9,38,52
2018-02-07,9,38,55
2018-02-08,9,38,59
2018-02-09,9,38,62
2018-02-10,9,38,65
2018-02-11,9,38,68
2018-02-12,9,38,49
2018-02-13,9,38,52
2018-02-14,9,38,55
2018-02-15,9,38,58
2018-02-16,9,38,61
2018-02-17,9,38,65
2018-02-18,9,38,68
2018-02-19,9,38,49
2018-02-20,9,38,52
2018-02-21,9,38,55
2018-02-22,9,38,58
2018-02-23,9,38,61
2018-02-24,9,38,64
2018-02-25,9,38,68
2018-02-26,9,38,48
2018-02-27,9,38,51
2018-02-28,9,38,55
2018-03-01,9,38,60
2018-03-02,9,38,63
2018-03-03,9,38,66
2018-03-04,9,38,69
2018-03-05,9,38,50
2018-03-06,9,38,53
2018-03-07,9,38,56
2018-03-08,9,38,59
2018-03-09,9,38,63
2018-03-10,9,38,66
2018-03-11,9,38,69
2018-03-12,9,38,50
2018-03-13,9,38,53
2018-03-14,9,38,56
2018-03-15,9,38,59
2018-03-16,9,38,62
2018-03-17,9,38,65
2018-03-18,9,38,69
2018-03-19,9,38,49
2018-03-20,9,38,53
2018-03-21,9,38,56
2018-03-22,9,38,59
2018-03-23,9,38,62
2018-03-24,9,38,65
2018-03-25,9,38,68
2018-03-26,9,38,49
2018-03-27,9,38,52
2018-03-28,9,38,55
2018-03-29,9,38,59
2018-03-30,9,38,62
2018-03-31,9,38,65
2018-01-01,10,38,48
2018-01-02,10,38,52
2018-01-03,10,38,55
2018-01-04,10,38,58
2018-01-05,10,38,61
2018-01-06,10,38,64
2018-01-07,10,38,67
2018-01-08,10,38,48
2018-01-09,10,38,51
2018-01-10,10,38,55
2018-01-11,10,38,58
2018-01-12,10,38,61
2018-01-13,10,38,64
2018-01-14,10,38,67
2018-01-15,10,38,48
2018-01-16,10,38,51
2018-01-17,10,38,54
2018-01-18,10,38,57
2018-01-19,10,38,61
2018-01-20,10,38,64
2018-01-21,10,38,67
2018-01-22,10,38,48
2018-01-23,10,38,51
2018-01-24,10,38,54
2018-01-25,10,38,57
2018-01-26,10,38,60
2018-01-27,10,38,63
2018-01-28,10,38,67
2018-01-29,10,38,47
2018-01-30,10,38,51
2018-01-31,10,38,54
2018-02-01,10,38,59
2018-02-02,10,38,62
2018-02-03,10,38,65
2018-02-04,10,38,68
2018-02-05,10,38,49
2018-02-06,10,38,52
2018-02-07,10,38,55
2018-02-08,10,38,59
2018-02-09,10,38,62
2018-02-10,10,38,65
2018-02-11,10,38,68
2018-02-12,10,38,49
2018-02-13,10,38,52
2018-02-14,10,38,55
2018-02-15,10,38,58
2018-02-16,10,38,61
2018-02-17,10,38,65
2018-02-18,10,38,68
2018-02-19,10,38,48
2018-02-20,10,38,52
2018-02-21,10,38,55
2018-02-22,10,38,58
2018-02-23,10,38,61
2018-02-24,10,38,64
2018-02-25,10,38,67
2018-02-26,10,38,48
2018-02-27,10,38,51
2018-02-28,10,38,55
2018-03-01,10,38,60
2018-03-02,10,38,63
2018-03-03,10,38,66
2018-03-04,10,38,69
2018-03-05,10,38,50
2018-03-06,10,38,53
2018-03-07,10,38,56
2018-03-08,10,38,59
2018-03-09,10,38,63
2018-03-10,10,38,66
2018-03-11,10,38,69
2018-03-12,10,38,50
2018-03-13,10,38,53
2018-03-14,10,38,56
2018-03-15,10,38,59
2018-03-16,10,38,62
2018-03-17,10,38,65
2018-03-18,10,38,69
2018-03-19,10,38,49
2018-03-20,10,38,52
2018-03-21,10,38,56
2018-03-22,10,38,59
2018-03-23,10,38,62
2018-03-24,10,38,65
2018-03-25,10,38,68
2018-03-26,10,38,49
2018-03-27,10,38,52
2018-03-28,10,38,55
2018-03-29,10,38,59
2018-03-30,10,38,62
2018-03-31,10,38,65
2018-01-01,1,39,49
2018-01-02,1,39,52
2018-01-03,1,39,55
2018-01-04,1,39,59
2018-01-05,1,39,62
2018-01-06,1,39,65
2018-01-07,1,39,68
2018-01-08,1,39,49
2018-01-09,1,39,52
2018-01-10,1,39,55
2018-01-11,1,39,58
2018-01-12,1,39,61
2018-01-13,1,39,65
2018-01-14,1,39,68
2018-01-15,1,39,49
2018-01-16,1,39,52
2018-01-17,1,39,55
2018-01-18,1,39,58
2018-01-19,1,39,61
2018-01-20,1,39,64
2018-01-21,1,39,68
2018-01-22,1,39,48
2018-01-23,1,39,51
2018-01-24,1,39,55
2018-01-25,1,39,58
2018-01-26,1,39,61
2018-01-27,1,39,64
2018-01-28,1,39,67
2018-01-29,1,39,48
2018-01-30,1,39,51
2018-01-31,1,39,54
2018-02-01,1,39,59
2018-02-02,1,39,63
2018-02-03,1,39,66
2018-02-04,1,39,69
2018-02-05,1,39,50
2018-02-06,1,39,53
2018-02-07,1,39,56
2018-02-08,1,39,59
2018-02-09,1,39,62
2018-02-10,1,39,65
2018-02-11,1,39,69
2018-02-12,1,39,49
2018-02-13,1,39,52
2018-02-14,1,39,56
2018-02-15,1,39,59
2018-02-16,1,39,62
2018-02-17,1,39,65
2018-02-18,1,39,68
2018-02-19,1,39,49
2018-02-20,1,39,52
2018-02-21,1,39,55
2018-02-22,1,39,59
2018-02-23,1,39,62
2018-02-24,1,39,65
2018-02-25,1,39,68
2018-02-26,1,39,49
2018-02-27,1,39,52
2018-02-28,1,39,55
2018-03-01,1,39,60
2018-03-02,1,39,63
2018-03-03,1,39,67
2018-03-04,1,39,70
2018-03-05,1,39,50
2018-03-06,1,39,54
2018-03-07,1,39,57
2018-03-08,1,39,60
2018-03-09,1,39,63
2018-03-10,1,39,66
2018-03-11,1,39,69
2018-03-12,1,39,50
2018-03-13,1,39,53
2018-03-14,1,39,56
2018-03-15,1,39,60
2018-03-16,1,39,63
2018-03-17,1,39,66
2018-03-18,1,39,69
2018-03-19,1,39,50
2018-03-20,1,39,53
2018-03-21,1,39,56
2018-03-22,1,39,59
2018-03-23,1,39,63
2018-03-24,1,39,66
2018-03-25,1,39,69
2018-03-26,1,39,50
2018-03-27,1,39,53
2018-03-28,1,39,56
2018-03-29,1,39,59
2018-03-30,1,39,62
2018-03-31,1,39,65
2018-01-01,2,39,49
2018-01-02,2,39,52
2018-01-03,2,39,55
2018-01-04,2,39,58
2018-01-05,2,39,62
2018-01-06,2,39,65
2018-01-07,2,39,68
2018-01-08,2,39,49
2018-01-09,2,39,52
2018-01-10,2,39,55
2018-01-11,2,39,58
2018-01-12,2,39,61
2018-01-13,2,39,65
2018-01-14,2,39,68
2018-01-15,2,39,48
2018-01-16,2,39,52
2018-01-17,2,39,55
2018-01-18,2,39,58
2018-01-19,2,39,61
2018-01-20,2,39,64
2018-01-21,2,39,67
2018-01-22,2,39,48
2018-01-23,2,39,51
2018-01-24,2,39,54
2018-01-25,2,39,58
2018-01-26,2,39,61
2018-01-27,2,39,64
2018-01-28,2,39,67
2018-01-29,2,39,48
2018-01-30,2,39,51
2018-01-31,2,39,54
2018-02-01,2,39,59
2018-02-02,2,39,62
2018-02-03,2,39,66
2018-02-04,2,39,69
2018-02-05,2,39,50
2018-02-06,2,39,53
2018-02-07,2,39,56
2018-02-08,2,39,59
2018-02-09,2,39,62
2018-02-10,2,39,65
2018-02-11,2,39,69
2018-02-12,2,39,49
2018-02-13,2,39,52
2018-02-14,2,39,56
2018-02-15,2,39,59
2018-02-16,2,39,62
2018-02-17,2,39,65
2018-02-18,2,39,68
2018-02-19,2,39,49
2018-02-20,2,39,52
2018-02-21,2,39,55
2018-02-22,2,39,58
2018-02-23,2,39,62
2018-02-24,2,39,65
2018-02-25,2,39,68
2018-02-26,2,39,49
2018-02-27,2,39,52
2018-02-28,2,39,55
2018-03-01,2,39,60
2018-03-02,2,39,63
2018-03-03,2,39,66
2018-03-04,2,39,70
2018-03-05,2,39,50
2018-03-06,2,39,54
2018-03-07,2,39,57
2018-03-08,2,39,60
2018-03-09,2,39,63
2018-03-10,2,39,66
2018-03-11,2,39,69
2018-03-12,2,39,50
2018-03-13,2,39,53
2018-03-14,2,39,56
2018-03-15,2,39,60
2018-03-16,2,39,63
2018-03-17,2,39,66
2018-03-18,2,39,69
2018-03-19,2,39,50
2018-03-20,2,39,53
2018-03-21,2,39,56
2018-03-22,2,39,59
2018-03-23,2,39,62
2018-03-24,2,39,66
2018-03-25,2,39,69
2018-03-26,2,39,50
2018-03-27,2,39,53
2018-03-28,2,39,56
2018-03-29,2,39,59
2018-03-30,2,39,62
2018-03-31,2,39,65
2018-01-01,3,39,49
2018-01-02,3,39,52
2018-01-03,3,39,55
2018-01-04,3,39,58
2018-01-05,3,39,62
2018-01-06,3,39,65
2018-01-07,3,39,68
2018-01-08,3,39,49
2018-01-09,3,39,52
2018-01-10,3,39,55
2018-01-11,3,39,58
2018-01-12,3,39,61
2018-01-13,3,39,64
2018-01-14,3,39,68
2018-01-15,3,39,48
2018-01-16,3,39,52
2018-01-17,3,39,55
2018-01-18,3,39,58
2018-01-19,3,39,61
2018-01-20,3,39,64
2018-01-21,3,39,67
2018-01-22,3,39,48
2018-01-23,3,39,51
2018-01-24,3,39,54
2018-01-25,3,39,58
2018-01-26,3,39,61
2018-01-27,3,39,64
2018-01-28,3,39,67
2018-01-29,3,39,48
2018-01-30,3,39,51
2018-01-31,3,39,54
2018-02-01,3,39,59
2018-02-02,3,39,62
2018-02-03,3,39,66
2018-02-04,3,39,69
2018-02-05,3,39,49
2018-02-06,3,39,53
2018-02-07,3,39,56
2018-02-08,3,39,59
2018-02-09,3,39,62
2018-02-10,3,39,65
2018-02-11,3,39,68
2018-02-12,3,39,49
2018-02-13,3,39,52
2018-02-14,3,39,56
2018-02-15,3,39,59
2018-02-16,3,39,62
2018-02-17,3,39,65
2018-02-18,3,39,68
2018-02-19,3,39,49
2018-02-20,3,39,52
2018-02-21,3,39,55
2018-02-22,3,39,58
2018-02-23,3,39,62
2018-02-24,3,39,65
2018-02-25,3,39,68
2018-02-26,3,39,49
2018-02-27,3,39,52
2018-02-28,3,39,55
2018-03-01,3,39,60
2018-03-02,3,39,63
2018-03-03,3,39,66
2018-03-04,3,39,70
2018-03-05,3,39,50
2018-03-06,3,39,53
2018-03-07,3,39,57
2018-03-08,3,39,60
2018-03-09,3,39,63
2018-03-10,3,39,66
2018-03-11,3,39,69
2018-03-12,3,39,50
2018-03-13,3,39,53
2018-03-14,3,39,56
2018-03-15,3,39,60
2018-03-16,3,39,63
2018-03-17,3,39,66
2018-03-18,3,39,69
2018-03-19,3,39,50
2018-03-20,3,39,53
2018-03-21,3,39,56
2018-03-22,3,39,59
2018-03-23,3,39,62
2018-03-24,3,39,66
2018-03-25,3,39,69
2018-03-26,3,39,49
2018-03-27,3,39,53
2018-03-28,3,39,56
2018-03-29,3,39,59
2018-03-30,3,39,62
2018-03-31,3,39,65
2018-01-01,4,39,49
2018-01-02,4,39,52
2018-01-03,4,39,55
2018-01-04,4,39,58
2018-01-05,4,39,61
2018-01-06,4,39,65
2018-01-07,4,39,68
2018-01-08,4,39,49
2018-01-09,4,39,52
2018-01-10,4,39,55
2018-01-11,4,39,58
2018-01-12,4,39,61
2018-01-13,4,39,64
2018-01-14,4,39,68
2018-01-15,4,39,48
2018-01-16,4,39,51
2018-01-17,4,39,55
2018-01-18,4,39,58
2018-01-19,4,39,61
2018-01-20,4,39,64
2018-01-21,4,39,67
2018-01-22,4,39,48
2018-01-23,4,39,51
2018-01-24,4,39,54
2018-01-25,4,39,58
2018-01-26,4,39,61
2018-01-27,4,39,64
2018-01-28,4,39,67
2018-01-29,4,39,48
2018-01-30,4,39,51
2018-01-31,4,39,54
2018-02-01,4,39,59
2018-02-02,4,39,62
2018-02-03,4,39,65
2018-02-04,4,39,69
2018-02-05,4,39,49
2018-02-06,4,39,53
2018-02-07,4,39,56
2018-02-08,4,39,59
2018-02-09,4,39,62
2018-02-10,4,39,65
2018-02-11,4,39,68
2018-02-12,4,39,49
2018-02-13,4,39,52
2018-02-14,4,39,55
2018-02-15,4,39,59
2018-02-16,4,39,62
2018-02-17,4,39,65
2018-02-18,4,39,68
2018-02-19,4,39,49
2018-02-20,4,39,52
2018-02-21,4,39,55
2018-02-22,4,39,58
2018-02-23,4,39,61
2018-02-24,4,39,65
2018-02-25,4,39,68
2018-02-26,4,39,49
2018-02-27,4,39,52
2018-02-28,4,39,55
2018-03-01,4,39,60
2018-03-02,4,39,63
2018-03-03,4,39,66
2018-03-04,4,39,69
2018-03-05,4,39,50
2018-03-06,4,39,53
2018-03-07,4,39,57
2018-03-08,4,39,60
2018-03-09,4,39,63
2018-03-10,4,39,66
2018-03-11,4,39,69
2018-03-12,4,39,50
2018-03-13,4,39,53
2018-03-14,4,39,56
2018-03-15,4,39,59
2018-03-16,4,39,63
2018-03-17,4,39,66
2018-03-18,4,39,69
2018-03-19,4,39,50
2018-03-20,4,39,53
2018-03-21,4,39,56
2018-03-22,4,39,59
2018-03-23,4,39,62
2018-03-24,4,39,65
2018-03-25,4,39,69
2018-03-26,4,39,49
2018-03-27,4,39,53
2018-03-28,4,39,56
2018-03-29,4,39,59
2018-03-30,4,39,62
2018-03-31,4,39,65
2018-01-01,5,39,49
2018-01-02,5,39,52
2018-01-03,5,39,55
2018-01-04,5,39,58
2018-01-05,5,39,61
2018-01-06,5,39,65
2018-01-07,5,39,68
2018-01-08,5,39,48
2018-01-09,5,39,52
2018-01-10,5,39,55
2018-01-11,5,39,58
2018-01-12,5,39,61
2018-01-13,5,39,64
2018-01-14,5,39,67
2018-01-15,5,39,48
2018-01-16,5,39,51
2018-01-17,5,39,55
2018-01-18,5,39,58
2018-01-19,5,39,61
2018-01-20,5,39,64
2018-01-21,5,39,67
2018-01-22,5,39,48
2018-01-23,5,39,51
2018-01-24,5,39,54
2018-01-25,5,39,57
2018-01-26,5,39,61
2018-01-27,5,39,64
2018-01-28,5,39,67
2018-01-29,5,39,48
2018-01-30,5,39,51
2018-01-31,5,39,54
2018-02-01,5,39,59
2018-02-02,5,39,62
2018-02-03,5,39,65
2018-02-04,5,39,69
2018-02-05,5,39,49
2018-02-06,5,39,52
2018-02-07,5,39,56
2018-02-08,5,39,59
2018-02-09,5,39,62
2018-02-10,5,39,65
2018-02-11,5,39,68
2018-02-12,5,39,49
2018-02-13,5,39,52
2018-02-14,5,39,55
2018-02-15,5,39,59
2018-02-16,5,39,62
2018-02-17,5,39,65
2018-02-18,5,39,68
2018-02-19,5,39,49
2018-02-20,5,39,52
2018-02-21,5,39,55
2018-02-22,5,39,58
2018-02-23,5,39,61
2018-02-24,5,39,65
2018-02-25,5,39,68
2018-02-26,5,39,48
2018-02-27,5,39,52
2018-02-28,5,39,55
2018-03-01,5,39,60
2018-03-02,5,39,63
2018-03-03,5,39,66
2018-03-04,5,39,69
2018-03-05,5,39,50
2018-03-06,5,39,53
2018-03-07,5,39,56
2018-03-08,5,39,60
2018-03-09,5,39,63
2018-03-10,5,39,66
2018-03-11,5,39,69
2018-03-12,5,39,50
2018-03-13,5,39,53
2018-03-14,5,39,56
2018-03-15,5,39,59
2018-03-16,5,39,63
2018-03-17,5,39,66
2018-03-18,5,39,69
2018-03-19,5,39,50
2018-03-20,5,39,53
2018-03-21,5,39,56
2018-03-22,5,39,59
2018-03-23,5,39,62
2018-03-24,5,39,65
2018-03-25,5,39,69
2018-03-26,5,39,49
2018-03-27,5,39,52
2018-03-28,5,39,56
2018-03-29,5,39,59
2018-03-30,5,39,62
2018-03-31,5,39,65
2018-01-01,6,39,49
2018-01-02,6,39,52
2018-01-03,6,39,55
2018-01-04,6,39,58
2018-01-05,6,39,61
2018-01-06,6,39,64
2018-01-07,6,39,68
2018-01-08,6,39,48
2018-01-09,6,39,52
2018-01-10,6,39,55
2018-01-11,6,39,58
2018-01-12,6,39,61
2018-01-13,6,39,64
2018-01-14,6,39,67
2018-01-15,6,39,48
2018-01-16,6,39,51
2018-01-17,6,39,54
2018-01-18,6,39,58
2018-01-19,6,39,61
2018-01-20,6,39,64
2018-01-21,6,39,67
2018-01-22,6,39,48
2018-01-23,6,39,51
2018-01-24,6,39,54
2018-01-25,6,39,57
2018-01-26,6,39,61
2018-01-27,6,39,64
2018-01-28,6,39,67
2018-01-29,6,39,48
2018-01-30,6,39,51
2018-01-31,6,39,54
2018-02-01,6,39,59
2018-02-02,6,39,62
2018-02-03,6,39,65
2018-02-04,6,39,68
2018-02-05,6,39,49
2018-02-06,6,39,52
2018-02-07,6,39,56
2018-02-08,6,39,59
2018-02-09,6,39,62
2018-02-10,6,39,65
2018-02-11,6,39,68
2018-02-12,6,39,49
2018-02-13,6,39,52
2018-02-14,6,39,55
2018-02-15,6,39,58
2018-02-16,6,39,62
2018-02-17,6,39,65
2018-02-18,6,39,68
2018-02-19,6,39,49
2018-02-20,6,39,52
2018-02-21,6,39,55
2018-02-22,6,39,58
2018-02-23,6,39,61
2018-02-24,6,39,65
2018-02-25,6,39,68
2018-02-26,6,39,48
2018-02-27,6,39,52
2018-02-28,6,39,55
2018-03-01,6,39,60
2018-03-02,6,39,63
2018-03-03,6,39,66
2018-03-04,6,39,69
2018-03-05,6,39,50
2018-03-06,6,39,53
2018-03-07,6,39,56
2018-03-08,6,39,60
2018-03-09,6,39,63
2018-03-10,6,39,66
2018-03-11,6,39,69
2018-03-12,6,39,50
2018-03-13,6,39,53
2018-03-14,6,39,56
2018-03-15,6,39,59
2018-03-16,6,39,62
2018-03-17,6,39,66
2018-03-18,6,39,69
2018-03-19,6,39,50
2018-03-20,6,39,53
2018-03-21,6,39,56
2018-03-22,6,39,59
2018-03-23,6,39,62
2018-03-24,6,39,65
2018-03-25,6,39,69
2018-03-26,6,39,49
2018-03-27,6,39,52
2018-03-28,6,39,56
2018-03-29,6,39,59
2018-03-30,6,39,62
2018-03-31,6,39,65
2018-01-01,7,39,49
2018-01-02,7,39,52
2018-01-03,7,39,55
2018-01-04,7,39,58
2018-01-05,7,39,61
2018-01-06,7,39,64
2018-01-07,7,39,68
2018-01-08,7,39,48
2018-01-09,7,39,51
2018-01-10,7,39,55
2018-01-11,7,39,58
2018-01-12,7,39,61
2018-01-13,7,39,64
2018-01-14,7,39,67
2018-01-15,7,39,48
2018-01-16,7,39,51
2018-01-17,7,39,54
2018-01-18,7,39,58
2018-01-19,7,39,61
2018-01-20,7,39,64
2018-01-21,7,39,67
2018-01-22,7,39,48
2018-01-23,7,39,51
2018-01-24,7,39,54
2018-01-25,7,39,57
2018-01-26,7,39,60
2018-01-27,7,39,64
2018-01-28,7,39,67
2018-01-29,7,39,47
2018-01-30,7,39,51
2018-01-31,7,39,54
2018-02-01,7,39,59
2018-02-02,7,39,62
2018-02-03,7,39,65
2018-02-04,7,39,68
2018-02-05,7,39,49
2018-02-06,7,39,52
2018-02-07,7,39,55
2018-02-08,7,39,59
2018-02-09,7,39,62
2018-02-10,7,39,65
2018-02-11,7,39,68
2018-02-12,7,39,49
2018-02-13,7,39,52
2018-02-14,7,39,55
2018-02-15,7,39,58
2018-02-16,7,39,62
2018-02-17,7,39,65
2018-02-18,7,39,68
2018-02-19,7,39,49
2018-02-20,7,39,52
2018-02-21,7,39,55
2018-02-22,7,39,58
2018-02-23,7,39,61
2018-02-24,7,39,64
2018-02-25,7,39,68
2018-02-26,7,39,48
2018-02-27,7,39,51
2018-02-28,7,39,55
2018-03-01,7,39,60
2018-03-02,7,39,63
2018-03-03,7,39,66
2018-03-04,7,39,69
2018-03-05,7,39,50
2018-03-06,7,39,53
2018-03-07,7,39,56
2018-03-08,7,39,59
2018-03-09,7,39,63
2018-03-10,7,39,66
2018-03-11,7,39,69
2018-03-12,7,39,50
2018-03-13,7,39,53
2018-03-14,7,39,56
2018-03-15,7,39,59
2018-03-16,7,39,62
2018-03-17,7,39,66
2018-03-18,7,39,69
2018-03-19,7,39,49
2018-03-20,7,39,53
2018-03-21,7,39,56
2018-03-22,7,39,59
2018-03-23,7,39,62
2018-03-24,7,39,65
2018-03-25,7,39,68
2018-03-26,7,39,49
2018-03-27,7,39,52
2018-03-28,7,39,55
2018-03-29,7,39,59
2018-03-30,7,39,62
2018-03-31,7,39,65
2018-01-01,8,39,49
2018-01-02,8,39,52
2018-01-03,8,39,55
2018-01-04,8,39,58
2018-01-05,8,39,61
2018-01-06,8,39,64
2018-01-07,8,39,68
2018-01-08,8,39,48
2018-01-09,8,39,51
2018-01-10,8,39,55
2018-01-11,8,39,58
2018-01-12,8,39,61
2018-01-13,8,39,64
2018-01-14,8,39,67
2018-01-15,8,39,48
2018-01-16,8,39,51
2018-01-17,8,39,54
2018-01-18,8,39,57
2018-01-19,8,39,61
2018-01-20,8,39,64
2018-01-21,8,39,67
2018-01-22,8,39,48
2018-01-23,8,39,51
2018-01-24,8,39,54
2018-01-25,8,39,57
2018-01-26,8,39,60
2018-01-27,8,39,64
2018-01-28,8,39,67
2018-01-29,8,39,47
2018-01-30,8,39,51
2018-01-31,8,39,54
2018-02-01,8,39,59
2018-02-02,8,39,62
2018-02-03,8,39,65
2018-02-04,8,39,68
2018-02-05,8,39,49
2018-02-06,8,39,52
2018-02-07,8,39,55
2018-02-08,8,39,59
2018-02-09,8,39,62
2018-02-10,8,39,65
2018-02-11,8,39,68
2018-02-12,8,39,49
2018-02-13,8,39,52
2018-02-14,8,39,55
2018-02-15,8,39,58
2018-02-16,8,39,61
2018-02-17,8,39,65
2018-02-18,8,39,68
2018-02-19,8,39,49
2018-02-20,8,39,52
2018-02-21,8,39,55
2018-02-22,8,39,58
2018-02-23,8,39,61
2018-02-24,8,39,64
2018-02-25,8,39,68
2018-02-26,8,39,48
2018-02-27,8,39,51
2018-02-28,8,39,55
2018-03-01,8,39,60
2018-03-02,8,39,63
2018-03-03,8,39,66
2018-03-04,8,39,69
2018-03-05,8,39,50
2018-03-06,8,39,53
2018-03-07,8,39,56
2018-03-08,8,39,59
2018-03-09,8,39,63
2018-03-10,8,39,66
2018-03-11,8,39,69
2018-03-12,8,39,50
2018-03-13,8,39,53
2018-03-14,8,39,56
2018-03-15,8,39,59
2018-03-16,8,39,62
2018-03-17,8,39,65
2018-03-18,8,39,69
2018-03-19,8,39,49
2018-03-20,8,39,53
2018-03-21,8,39,56
2018-03-22,8,39,59
2018-03-23,8,39,62
2018-03-24,8,39,65
2018-03-25,8,39,68
2018-03-26,8,39,49
2018-03-27,8,39,52
2018-03-28,8,39,55
2018-03-29,8,39,59
2018-03-30,8,39,62
2018-03-31,8,39,65
2018-01-01,9,39,48
2018-01-02,9,39,52
2018-01-03,9,39,55
2018-01-04,9,39,58
2018-01-05,9,39,61
2018-01-06,9,39,64
2018-01-07,9,39,67
2018-01-08,9,39,48
2018-01-09,9,39,51
2018-01-10,9,39,54
2018-01-11,9,39,58
2018-01-12,9,39,61
2018-01-13,9,39,64
2018-01-14,9,39,67
2018-01-15,9,39,48
2018-01-16,9,39,51
2018-01-17,9,39,54
2018-01-18,9,39,57
2018-01-19,9,39,61
2018-01-20,9,39,64
2018-01-21,9,39,67
2018-01-22,9,39,48
2018-01-23,9,39,51
2018-01-24,9,39,54
2018-01-25,9,39,57
2018-01-26,9,39,60
2018-01-27,9,39,63
2018-01-28,9,39,67
2018-01-29,9,39,47
2018-01-30,9,39,51
2018-01-31,9,39,54
2018-02-01,9,39,59
2018-02-02,9,39,62
2018-02-03,9,39,65
2018-02-04,9,39,68
2018-02-05,9,39,49
2018-02-06,9,39,52
2018-02-07,9,39,55
2018-02-08,9,39,58
2018-02-09,9,39,62
2018-02-10,9,39,65
2018-02-11,9,39,68
2018-02-12,9,39,49
2018-02-13,9,39,52
2018-02-14,9,39,55
2018-02-15,9,39,58
2018-02-16,9,39,61
2018-02-17,9,39,65
2018-02-18,9,39,68
2018-02-19,9,39,48
2018-02-20,9,39,52
2018-02-21,9,39,55
2018-02-22,9,39,58
2018-02-23,9,39,61
2018-02-24,9,39,64
2018-02-25,9,39,67
2018-02-26,9,39,48
2018-02-27,9,39,51
2018-02-28,9,39,55
2018-03-01,9,39,60
2018-03-02,9,39,63
2018-03-03,9,39,66
2018-03-04,9,39,69
2018-03-05,9,39,50
2018-03-06,9,39,53
2018-03-07,9,39,56
2018-03-08,9,39,59
2018-03-09,9,39,62
2018-03-10,9,39,66
2018-03-11,9,39,69
2018-03-12,9,39,50
2018-03-13,9,39,53
2018-03-14,9,39,56
2018-03-15,9,39,59
2018-03-16,9,39,62
2018-03-17,9,39,65
2018-03-18,9,39,69
2018-03-19,9,39,49
2018-03-20,9,39,52
2018-03-21,9,39,56
2018-03-22,9,39,59
2018-03-23,9,39,62
2018-03-24,9,39,65
2018-03-25,9,39,68
2018-03-26,9,39,49
2018-03-27,9,39,52
2018-03-28,9,39,55
2018-03-29,9,39,59
2018-03-30,9,39,62
2018-03-31,9,39,65
2018-01-01,10,39,48
2018-01-02,10,39,52
2018-01-03,10,39,55
2018-01-04,10,39,58
2018-01-05,10,39,61
2018-01-06,10,39,64
2018-01-07,10,39,67
2018-01-08,10,39,48
2018-01-09,10,39,51
2018-01-10,10,39,54
2018-01-11,10,39,58
2018-01-12,10,39,61
2018-01-13,10,39,64
2018-01-14,10,39,67
2018-01-15,10,39,48
2018-01-16,10,39,51
2018-01-17,10,39,54
2018-01-18,10,39,57
2018-01-19,10,39,60
2018-01-20,10,39,64
2018-01-21,10,39,67
2018-01-22,10,39,48
2018-01-23,10,39,51
2018-01-24,10,39,54
2018-01-25,10,39,57
2018-01-26,10,39,60
2018-01-27,10,39,63
2018-01-28,10,39,67
2018-01-29,10,39,47
2018-01-30,10,39,50
2018-01-31,10,39,54
2018-02-01,10,39,59
2018-02-02,10,39,62
2018-02-03,10,39,65
2018-02-04,10,39,68
2018-02-05,10,39,49
2018-02-06,10,39,52
2018-02-07,10,39,55
2018-02-08,10,39,58
2018-02-09,10,39,62
2018-02-10,10,39,65
2018-02-11,10,39,68
2018-02-12,10,39,49
2018-02-13,10,39,52
2018-02-14,10,39,55
2018-02-15,10,39,58
2018-02-16,10,39,61
2018-02-17,10,39,64
2018-02-18,10,39,68
2018-02-19,10,39,48
2018-02-20,10,39,52
2018-02-21,10,39,55
2018-02-22,10,39,58
2018-02-23,10,39,61
2018-02-24,10,39,64
2018-02-25,10,39,67
2018-02-26,10,39,48
2018-02-27,10,39,51
2018-02-28,10,39,54
2018-03-01,10,39,60
2018-03-02,10,39,63
2018-03-03,10,39,66
2018-03-04,10,39,69
2018-03-05,10,39,50
2018-03-06,10,39,53
2018-03-07,10,39,56
2018-03-08,10,39,59
2018-03-09,10,39,62
2018-03-10,10,39,66
2018-03-11,10,39,69
2018-03-12,10,39,49
2018-03-13,10,39,53
2018-03-14,10,39,56
2018-03-15,10,39,59
2018-03-16,10,39,62
2018-03-17,10,39,65
2018-03-18,10,39,68
2018-03-19,10,39,49
2018-03-20,10,39,52
2018-03-21,10,39,56
2018-03-22,10,39,59
2018-03-23,10,39,62
2018-03-24,10,39,65
2018-03-25,10,39,68
2018-03-26,10,39,49
2018-03-27,10,39,52
2018-03-28,10,39,55
2018-03-29,10,39,58
2018-03-30,10,39,62
2018-03-31,10,39,65
2018-01-01,1,40,49
2018-01-02,1,40,52
2018-01-03,1,40,55
2018-01-04,1,40,58
2018-01-05,1,40,62
2018-01-06,1,40,65
2018-01-07,1,40,68
2018-01-08,1,40,49
2018-01-09,1,40,52
2018-01-10,1,40,55
2018-01-11,1,40,58
2018-01-12,1,40,61
2018-01-13,1,40,64
2018-01-14,1,40,68
2018-01-15,1,40,48
2018-01-16,1,40,52
2018-01-17,1,40,55
2018-01-18,1,40,58
2018-01-19,1,40,61
2018-01-20,1,40,64
2018-01-21,1,40,67
2018-01-22,1,40,48
2018-01-23,1,40,51
2018-01-24,1,40,54
2018-01-25,1,40,58
2018-01-26,1,40,61
2018-01-27,1,40,64
2018-01-28,1,40,67
2018-01-29,1,40,48
2018-01-30,1,40,51
2018-01-31,1,40,54
2018-02-01,1,40,59
2018-02-02,1,40,62
2018-02-03,1,40,66
2018-02-04,1,40,69
2018-02-05,1,40,49
2018-02-06,1,40,53
2018-02-07,1,40,56
2018-02-08,1,40,59
2018-02-09,1,40,62
2018-02-10,1,40,65
2018-02-11,1,40,68
2018-02-12,1,40,49
2018-02-13,1,40,52
2018-02-14,1,40,56
2018-02-15,1,40,59
2018-02-16,1,40,62
2018-02-17,1,40,65
2018-02-18,1,40,68
2018-02-19,1,40,49
2018-02-20,1,40,52
2018-02-21,1,40,55
2018-02-22,1,40,58
2018-02-23,1,40,62
2018-02-24,1,40,65
2018-02-25,1,40,68
2018-02-26,1,40,49
2018-02-27,1,40,52
2018-02-28,1,40,55
2018-03-01,1,40,60
2018-03-02,1,40,63
2018-03-03,1,40,66
2018-03-04,1,40,70
2018-03-05,1,40,50
2018-03-06,1,40,53
2018-03-07,1,40,57
2018-03-08,1,40,60
2018-03-09,1,40,63
2018-03-10,1,40,66
2018-03-11,1,40,69
2018-03-12,1,40,50
2018-03-13,1,40,53
2018-03-14,1,40,56
2018-03-15,1,40,60
2018-03-16,1,40,63
2018-03-17,1,40,66
2018-03-18,1,40,69
2018-03-19,1,40,50
2018-03-20,1,40,53
2018-03-21,1,40,56
2018-03-22,1,40,59
2018-03-23,1,40,62
2018-03-24,1,40,66
2018-03-25,1,40,69
2018-03-26,1,40,50
2018-03-27,1,40,53
2018-03-28,1,40,56
2018-03-29,1,40,59
2018-03-30,1,40,62
2018-03-31,1,40,65
2018-01-01,2,40,49
2018-01-02,2,40,52
2018-01-03,2,40,55
2018-01-04,2,40,58
2018-01-05,2,40,62
2018-01-06,2,40,65
2018-01-07,2,40,68
2018-01-08,2,40,49
2018-01-09,2,40,52
2018-01-10,2,40,55
2018-01-11,2,40,58
2018-01-12,2,40,61
2018-01-13,2,40,64
2018-01-14,2,40,68
2018-01-15,2,40,48
2018-01-16,2,40,51
2018-01-17,2,40,55
2018-01-18,2,40,58
2018-01-19,2,40,61
2018-01-20,2,40,64
2018-01-21,2,40,67
2018-01-22,2,40,48
2018-01-23,2,40,51
2018-01-24,2,40,54
2018-01-25,2,40,58
2018-01-26,2,40,61
2018-01-27,2,40,64
2018-01-28,2,40,67
2018-01-29,2,40,48
2018-01-30,2,40,51
2018-01-31,2,40,54
2018-02-01,2,40,59
2018-02-02,2,40,62
2018-02-03,2,40,66
2018-02-04,2,40,69
2018-02-05,2,40,49
2018-02-06,2,40,53
2018-02-07,2,40,56
2018-02-08,2,40,59
2018-02-09,2,40,62
2018-02-10,2,40,65
2018-02-11,2,40,68
2018-02-12,2,40,49
2018-02-13,2,40,52
2018-02-14,2,40,55
2018-02-15,2,40,59
2018-02-16,2,40,62
2018-02-17,2,40,65
2018-02-18,2,40,68
2018-02-19,2,40,49
2018-02-20,2,40,52
2018-02-21,2,40,55
2018-02-22,2,40,58
2018-02-23,2,40,62
2018-02-24,2,40,65
2018-02-25,2,40,68
2018-02-26,2,40,49
2018-02-27,2,40,52
2018-02-28,2,40,55
2018-03-01,2,40,60
2018-03-02,2,40,63
2018-03-03,2,40,66
2018-03-04,2,40,70
2018-03-05,2,40,50
2018-03-06,2,40,53
2018-03-07,2,40,57
2018-03-08,2,40,60
2018-03-09,2,40,63
2018-03-10,2,40,66
2018-03-11,2,40,69
2018-03-12,2,40,50
2018-03-13,2,40,53
2018-03-14,2,40,56
2018-03-15,2,40,59
2018-03-16,2,40,63
2018-03-17,2,40,66
2018-03-18,2,40,69
2018-03-19,2,40,50
2018-03-20,2,40,53
2018-03-21,2,40,56
2018-03-22,2,40,59
2018-03-23,2,40,62
2018-03-24,2,40,66
2018-03-25,2,40,69
2018-03-26,2,40,49
2018-03-27,2,40,53
2018-03-28,2,40,56
2018-03-29,2,40,59
2018-03-30,2,40,62
2018-03-31,2,40,65
2018-01-01,3,40,49
2018-01-02,3,40,52
2018-01-03,3,40,55
2018-01-04,3,40,58
2018-01-05,3,40,61
2018-01-06,3,40,65
2018-01-07,3,40,68
2018-01-08,3,40,49
2018-01-09,3,40,52
2018-01-10,3,40,55
2018-01-11,3,40,58
2018-01-12,3,40,61
2018-01-13,3,40,64
2018-01-14,3,40,68
2018-01-15,3,40,48
2018-01-16,3,40,51
2018-01-17,3,40,55
2018-01-18,3,40,58
2018-01-19,3,40,61
2018-01-20,3,40,64
2018-01-21,3,40,67
2018-01-22,3,40,48
2018-01-23,3,40,51
2018-01-24,3,40,54
2018-01-25,3,40,57
2018-01-26,3,40,61
2018-01-27,3,40,64
2018-01-28,3,40,67
2018-01-29,3,40,48
2018-01-30,3,40,51
2018-01-31,3,40,54
2018-02-01,3,40,59
2018-02-02,3,40,62
2018-02-03,3,40,65
2018-02-04,3,40,69
2018-02-05,3,40,49
2018-02-06,3,40,53
2018-02-07,3,40,56
2018-02-08,3,40,59
2018-02-09,3,40,62
2018-02-10,3,40,65
2018-02-11,3,40,68
2018-02-12,3,40,49
2018-02-13,3,40,52
2018-02-14,3,40,55
2018-02-15,3,40,59
2018-02-16,3,40,62
2018-02-17,3,40,65
2018-02-18,3,40,68
2018-02-19,3,40,49
2018-02-20,3,40,52
2018-02-21,3,40,55
2018-02-22,3,40,58
2018-02-23,3,40,61
2018-02-24,3,40,65
2018-02-25,3,40,68
2018-02-26,3,40,49
2018-02-27,3,40,52
2018-02-28,3,40,55
2018-03-01,3,40,60
2018-03-02,3,40,63
2018-03-03,3,40,66
2018-03-04,3,40,69
2018-03-05,3,40,50
2018-03-06,3,40,53
2018-03-07,3,40,57
2018-03-08,3,40,60
2018-03-09,3,40,63
2018-03-10,3,40,66
2018-03-11,3,40,69
2018-03-12,3,40,50
2018-03-13,3,40,53
2018-03-14,3,40,56
2018-03-15,3,40,59
2018-03-16,3,40,63
2018-03-17,3,40,66
2018-03-18,3,40,69
2018-03-19,3,40,50
2018-03-20,3,40,53
2018-03-21,3,40,56
2018-03-22,3,40,59
2018-03-23,3,40,62
2018-03-24,3,40,65
2018-03-25,3,40,69
2018-03-26,3,40,49
2018-03-27,3,40,53
2018-03-28,3,40,56
2018-03-29,3,40,59
2018-03-30,3,40,62
2018-03-31,3,40,65
2018-01-01,4,40,49
2018-01-02,4,40,52
2018-01-03,4,40,55
2018-01-04,4,40,58
2018-01-05,4,40,61
2018-01-06,4,40,65
2018-01-07,4,40,68
2018-01-08,4,40,48
2018-01-09,4,40,52
2018-01-10,4,40,55
2018-01-11,4,40,58
2018-01-12,4,40,61
2018-01-13,4,40,64
2018-01-14,4,40,67
2018-01-15,4,40,48
2018-01-16,4,40,51
2018-01-17,4,40,54
2018-01-18,4,40,58
2018-01-19,4,40,61
2018-01-20,4,40,64
2018-01-21,4,40,67
2018-01-22,4,40,48
2018-01-23,4,40,51
2018-01-24,4,40,54
2018-01-25,4,40,57
2018-01-26,4,40,61
2018-01-27,4,40,64
2018-01-28,4,40,67
2018-01-29,4,40,48
2018-01-30,4,40,51
2018-01-31,4,40,54
2018-02-01,4,40,59
2018-02-02,4,40,62
2018-02-03,4,40,65
2018-02-04,4,40,69
2018-02-05,4,40,49
2018-02-06,4,40,52
2018-02-07,4,40,56
2018-02-08,4,40,59
2018-02-09,4,40,62
2018-02-10,4,40,65
2018-02-11,4,40,68
2018-02-12,4,40,49
2018-02-13,4,40,52
2018-02-14,4,40,55
2018-02-15,4,40,58
2018-02-16,4,40,62
2018-02-17,4,40,65
2018-02-18,4,40,68
2018-02-19,4,40,49
2018-02-20,4,40,52
2018-02-21,4,40,55
2018-02-22,4,40,58
2018-02-23,4,40,61
2018-02-24,4,40,65
2018-02-25,4,40,68
2018-02-26,4,40,48
2018-02-27,4,40,52
2018-02-28,4,40,55
2018-03-01,4,40,60
2018-03-02,4,40,63
2018-03-03,4,40,66
2018-03-04,4,40,69
2018-03-05,4,40,50
2018-03-06,4,40,53
2018-03-07,4,40,56
2018-03-08,4,40,60
2018-03-09,4,40,63
2018-03-10,4,40,66
2018-03-11,4,40,69
2018-03-12,4,40,50
2018-03-13,4,40,53
2018-03-14,4,40,56
2018-03-15,4,40,59
2018-03-16,4,40,62
2018-03-17,4,40,66
2018-03-18,4,40,69
2018-03-19,4,40,50
2018-03-20,4,40,53
2018-03-21,4,40,56
2018-03-22,4,40,59
2018-03-23,4,40,62
2018-03-24,4,40,65
2018-03-25,4,40,69
2018-03-26,4,40,49
2018-03-27,4,40,52
2018-03-28,4,40,56
2018-03-29,4,40,59
2018-03-30,4,40,62
2018-03-31,4,40,65
2018-01-01,5,40,49
2018-01-02,5,40,52
2018-01-03,5,40,55
2018-01-04,5,40,58
2018-01-05,5,40,61
2018-01-06,5,40,64
2018-01-07,5,40,68
2018-01-08,5,40,48
2018-01-09,5,40,52
2018-01-10,5,40,55
2018-01-11,5,40,58
2018-01-12,5,40,61
2018-01-13,5,40,64
2018-01-14,5,40,67
2018-01-15,5,40,48
2018-01-16,5,40,51
2018-01-17,5,40,54
2018-01-18,5,40,58
2018-01-19,5,40,61
2018-01-20,5,40,64
2018-01-21,5,40,67
2018-01-22,5,40,48
2018-01-23,5,40,51
2018-01-24,5,40,54
2018-01-25,5,40,57
2018-01-26,5,40,60
2018-01-27,5,40,64
2018-01-28,5,40,67
2018-01-29,5,40,48
2018-01-30,5,40,51
2018-01-31,5,40,54
2018-02-01,5,40,59
2018-02-02,5,40,62
2018-02-03,5,40,65
2018-02-04,5,40,68
2018-02-05,5,40,49
2018-02-06,5,40,52
2018-02-07,5,40,56
2018-02-08,5,40,59
2018-02-09,5,40,62
2018-02-10,5,40,65
2018-02-11,5,40,68
2018-02-12,5,40,49
2018-02-13,5,40,52
2018-02-14,5,40,55
2018-02-15,5,40,58
2018-02-16,5,40,62
2018-02-17,5,40,65
2018-02-18,5,40,68
2018-02-19,5,40,49
2018-02-20,5,40,52
2018-02-21,5,40,55
2018-02-22,5,40,58
2018-02-23,5,40,61
2018-02-24,5,40,64
2018-02-25,5,40,68
2018-02-26,5,40,48
2018-02-27,5,40,52
2018-02-28,5,40,55
2018-03-01,5,40,60
2018-03-02,5,40,63
2018-03-03,5,40,66
2018-03-04,5,40,69
2018-03-05,5,40,50
2018-03-06,5,40,53
2018-03-07,5,40,56
2018-03-08,5,40,60
2018-03-09,5,40,63
2018-03-10,5,40,66
2018-03-11,5,40,69
2018-03-12,5,40,50
2018-03-13,5,40,53
2018-03-14,5,40,56
2018-03-15,5,40,59
2018-03-16,5,40,62
2018-03-17,5,40,66
2018-03-18,5,40,69
2018-03-19,5,40,49
2018-03-20,5,40,53
2018-03-21,5,40,56
2018-03-22,5,40,59
2018-03-23,5,40,62
2018-03-24,5,40,65
2018-03-25,5,40,68
2018-03-26,5,40,49
2018-03-27,5,40,52
2018-03-28,5,40,56
2018-03-29,5,40,59
2018-03-30,5,40,62
2018-03-31,5,40,65
2018-01-01,6,40,49
2018-01-02,6,40,52
2018-01-03,6,40,55
2018-01-04,6,40,58
2018-01-05,6,40,61
2018-01-06,6,40,64
2018-01-07,6,40,68
2018-01-08,6,40,48
2018-01-09,6,40,51
2018-01-10,6,40,55
2018-01-11,6,40,58
2018-01-12,6,40,61
2018-01-13,6,40,64
2018-01-14,6,40,67
2018-01-15,6,40,48
2018-01-16,6,40,51
2018-01-17,6,40,54
2018-01-18,6,40,58
2018-01-19,6,40,61
2018-01-20,6,40,64
2018-01-21,6,40,67
2018-01-22,6,40,48
2018-01-23,6,40,51
2018-01-24,6,40,54
2018-01-25,6,40,57
2018-01-26,6,40,60
2018-01-27,6,40,64
2018-01-28,6,40,67
2018-01-29,6,40,47
2018-01-30,6,40,51
2018-01-31,6,40,54
2018-02-01,6,40,59
2018-02-02,6,40,62
2018-02-03,6,40,65
2018-02-04,6,40,68
2018-02-05,6,40,49
2018-02-06,6,40,52
2018-02-07,6,40,55
2018-02-08,6,40,59
2018-02-09,6,40,62
2018-02-10,6,40,65
2018-02-11,6,40,68
2018-02-12,6,40,49
2018-02-13,6,40,52
2018-02-14,6,40,55
2018-02-15,6,40,58
2018-02-16,6,40,62
2018-02-17,6,40,65
2018-02-18,6,40,68
2018-02-19,6,40,49
2018-02-20,6,40,52
2018-02-21,6,40,55
2018-02-22,6,40,58
2018-02-23,6,40,61
2018-02-24,6,40,64
2018-02-25,6,40,68
2018-02-26,6,40,48
2018-02-27,6,40,51
2018-02-28,6,40,55
2018-03-01,6,40,60
2018-03-02,6,40,63
2018-03-03,6,40,66
2018-03-04,6,40,69
2018-03-05,6,40,50
2018-03-06,6,40,53
2018-03-07,6,40,56
2018-03-08,6,40,59
2018-03-09,6,40,63
2018-03-10,6,40,66
2018-03-11,6,40,69
2018-03-12,6,40,50
2018-03-13,6,40,53
2018-03-14,6,40,56
2018-03-15,6,40,59
2018-03-16,6,40,62
2018-03-17,6,40,65
2018-03-18,6,40,69
2018-03-19,6,40,49
2018-03-20,6,40,53
2018-03-21,6,40,56
2018-03-22,6,40,59
2018-03-23,6,40,62
2018-03-24,6,40,65
2018-03-25,6,40,68
2018-03-26,6,40,49
2018-03-27,6,40,52
2018-03-28,6,40,55
2018-03-29,6,40,59
2018-03-30,6,40,62
2018-03-31,6,40,65
2018-01-01,7,40,48
2018-01-02,7,40,52
2018-01-03,7,40,55
2018-01-04,7,40,58
2018-01-05,7,40,61
2018-01-06,7,40,64
2018-01-07,7,40,67
2018-01-08,7,40,48
2018-01-09,7,40,51
2018-01-10,7,40,55
2018-01-11,7,40,58
2018-01-12,7,40,61
2018-01-13,7,40,64
2018-01-14,7,40,67
2018-01-15,7,40,48
2018-01-16,7,40,51
2018-01-17,7,40,54
2018-01-18,7,40,57
2018-01-19,7,40,61
2018-01-20,7,40,64
2018-01-21,7,40,67
2018-01-22,7,40,48
2018-01-23,7,40,51
2018-01-24,7,40,54
2018-01-25,7,40,57
2018-01-26,7,40,60
2018-01-27,7,40,63
2018-01-28,7,40,67
2018-01-29,7,40,47
2018-01-30,7,40,51
2018-01-31,7,40,54
2018-02-01,7,40,59
2018-02-02,7,40,62
2018-02-03,7,40,65
2018-02-04,7,40,68
2018-02-05,7,40,49
2018-02-06,7,40,52
2018-02-07,7,40,55
2018-02-08,7,40,59
2018-02-09,7,40,62
2018-02-10,7,40,65
2018-02-11,7,40,68
2018-02-12,7,40,49
2018-02-13,7,40,52
2018-02-14,7,40,55
2018-02-15,7,40,58
2018-02-16,7,40,61
2018-02-17,7,40,65
2018-02-18,7,40,68
2018-02-19,7,40,48
2018-02-20,7,40,52
2018-02-21,7,40,55
2018-02-22,7,40,58
2018-02-23,7,40,61
2018-02-24,7,40,64
2018-02-25,7,40,67
2018-02-26,7,40,48
2018-02-27,7,40,51
2018-02-28,7,40,55
2018-03-01,7,40,60
2018-03-02,7,40,63
2018-03-03,7,40,66
2018-03-04,7,40,69
2018-03-05,7,40,50
2018-03-06,7,40,53
2018-03-07,7,40,56
2018-03-08,7,40,59
2018-03-09,7,40,63
2018-03-10,7,40,66
2018-03-11,7,40,69
2018-03-12,7,40,50
2018-03-13,7,40,53
2018-03-14,7,40,56
2018-03-15,7,40,59
2018-03-16,7,40,62
2018-03-17,7,40,65
2018-03-18,7,40,69
2018-03-19,7,40,49
2018-03-20,7,40,52
2018-03-21,7,40,56
2018-03-22,7,40,59
2018-03-23,7,40,62
2018-03-24,7,40,65
2018-03-25,7,40,68
2018-03-26,7,40,49
2018-03-27,7,40,52
2018-03-28,7,40,55
2018-03-29,7,40,59
2018-03-30,7,40,62
2018-03-31,7,40,65
2018-01-01,8,40,48
2018-01-02,8,40,52
2018-01-03,8,40,55
2018-01-04,8,40,58
2018-01-05,8,40,61
2018-01-06,8,40,64
2018-01-07,8,40,67
2018-01-08,8,40,48
2018-01-09,8,40,51
2018-01-10,8,40,54
2018-01-11,8,40,58
2018-01-12,8,40,61
2018-01-13,8,40,64
2018-01-14,8,40,67
2018-01-15,8,40,48
2018-01-16,8,40,51
2018-01-17,8,40,54
2018-01-18,8,40,57
2018-01-19,8,40,61
2018-01-20,8,40,64
2018-01-21,8,40,67
2018-01-22,8,40,48
2018-01-23,8,40,51
2018-01-24,8,40,54
2018-01-25,8,40,57
2018-01-26,8,40,60
2018-01-27,8,40,63
2018-01-28,8,40,67
2018-01-29,8,40,47
2018-01-30,8,40,50
2018-01-31,8,40,54
2018-02-01,8,40,59
2018-02-02,8,40,62
2018-02-03,8,40,65
2018-02-04,8,40,68
2018-02-05,8,40,49
2018-02-06,8,40,52
2018-02-07,8,40,55
2018-02-08,8,40,58
2018-02-09,8,40,62
2018-02-10,8,40,65
2018-02-11,8,40,68
2018-02-12,8,40,49
2018-02-13,8,40,52
2018-02-14,8,40,55
2018-02-15,8,40,58
2018-02-16,8,40,61
2018-02-17,8,40,65
2018-02-18,8,40,68
2018-02-19,8,40,48
2018-02-20,8,40,52
2018-02-21,8,40,55
2018-02-22,8,40,58
2018-02-23,8,40,61
2018-02-24,8,40,64
2018-02-25,8,40,67
2018-02-26,8,40,48
2018-02-27,8,40,51
2018-02-28,8,40,54
2018-03-01,8,40,60
2018-03-02,8,40,63
2018-03-03,8,40,66
2018-03-04,8,40,69
2018-03-05,8,40,50
2018-03-06,8,40,53
2018-03-07,8,40,56
2018-03-08,8,40,59
2018-03-09,8,40,62
2018-03-10,8,40,66
2018-03-11,8,40,69
2018-03-12,8,40,50
2018-03-13,8,40,53
2018-03-14,8,40,56
2018-03-15,8,40,59
2018-03-16,8,40,62
2018-03-17,8,40,65
2018-03-18,8,40,69
2018-03-19,8,40,49
2018-03-20,8,40,52
2018-03-21,8,40,56
2018-03-22,8,40,59
2018-03-23,8,40,62
2018-03-24,8,40,65
2018-03-25,8,40,68
2018-03-26,8,40,49
2018-03-27,8,40,52
2018-03-28,8,40,55
2018-03-29,8,40,58
2018-03-30,8,40,62
2018-03-31,8,40,65
2018-01-01,9,40,48
2018-01-02,9,40,51
2018-01-03,9,40,55
2018-01-04,9,40,58
2018-01-05,9,40,61
2018-01-06,9,40,64
2018-01-07,9,40,67
2018-01-08,9,40,48
2018-01-09,9,40,51
2018-01-10,9,40,54
2018-01-11,9,40,58
2018-01-12,9,40,61
2018-01-13,9,40,64
2018-01-14,9,40,67
2018-01-15,9,40,48
2018-01-16,9,40,51
2018-01-17,9,40,54
2018-01-18,9,40,57
2018-01-19,9,40,60
2018-01-20,9,40,64
2018-01-21,9,40,67
2018-01-22,9,40,48
2018-01-23,9,40,51
2018-01-24,9,40,54
2018-01-25,9,40,57
2018-01-26,9,40,60
2018-01-27,9,40,63
2018-01-28,9,40,67
2018-01-29,9,40,47
2018-01-30,9,40,50
2018-01-31,9,40,54
2018-02-01,9,40,59
2018-02-02,9,40,62
2018-02-03,9,40,65
2018-02-04,9,40,68
2018-02-05,9,40,49
2018-02-06,9,40,52
2018-02-07,9,40,55
2018-02-08,9,40,58
2018-02-09,9,40,62
2018-02-10,9,40,65
2018-02-11,9,40,68
2018-02-12,9,40,49
2018-02-13,9,40,52
2018-02-14,9,40,55
2018-02-15,9,40,58
2018-02-16,9,40,61
2018-02-17,9,40,64
2018-02-18,9,40,68
2018-02-19,9,40,48
2018-02-20,9,40,51
2018-02-21,9,40,55
2018-02-22,9,40,58
2018-02-23,9,40,61
2018-02-24,9,40,64
2018-02-25,9,40,67
2018-02-26,9,40,48
2018-02-27,9,40,51
2018-02-28,9,40,54
2018-03-01,9,40,59
2018-03-02,9,40,63
2018-03-03,9,40,66
2018-03-04,9,40,69
2018-03-05,9,40,50
2018-03-06,9,40,53
2018-03-07,9,40,56
2018-03-08,9,40,59
2018-03-09,9,40,62
2018-03-10,9,40,66
2018-03-11,9,40,69
2018-03-12,9,40,49
2018-03-13,9,40,53
2018-03-14,9,40,56
2018-03-15,9,40,59
2018-03-16,9,40,62
2018-03-17,9,40,65
2018-03-18,9,40,68
2018-03-19,9,40,49
2018-03-20,9,40,52
2018-03-21,9,40,55
2018-03-22,9,40,59
2018-03-23,9,40,62
2018-03-24,9,40,65
2018-03-25,9,40,68
2018-03-26,9,40,49
2018-03-27,9,40,52
2018-03-28,9,40,55
2018-03-29,9,40,58
2018-03-30,9,40,62
2018-03-31,9,40,65
2018-01-01,10,40,48
2018-01-02,10,40,51
2018-01-03,10,40,55
2018-01-04,10,40,58
2018-01-05,10,40,61
2018-01-06,10,40,64
2018-01-07,10,40,67
2018-01-08,10,40,48
2018-01-09,10,40,51
2018-01-10,10,40,54
2018-01-11,10,40,57
2018-01-12,10,40,61
2018-01-13,10,40,64
2018-01-14,10,40,67
2018-01-15,10,40,48
2018-01-16,10,40,51
2018-01-17,10,40,54
2018-01-18,10,40,57
2018-01-19,10,40,60
2018-01-20,10,40,64
2018-01-21,10,40,67
2018-01-22,10,40,47
2018-01-23,10,40,51
2018-01-24,10,40,54
2018-01-25,10,40,57
2018-01-26,10,40,60
2018-01-27,10,40,63
2018-01-28,10,40,66
2018-01-29,10,40,47
2018-01-30,10,40,50
2018-01-31,10,40,53
2018-02-01,10,40,59
2018-02-02,10,40,62
2018-02-03,10,40,65
2018-02-04,10,40,68
2018-02-05,10,40,49
2018-02-06,10,40,52
2018-02-07,10,40,55
2018-02-08,10,40,58
2018-02-09,10,40,61
2018-02-10,10,40,65
2018-02-11,10,40,68
2018-02-12,10,40,49
2018-02-13,10,40,52
2018-02-14,10,40,55
2018-02-15,10,40,58
2018-02-16,10,40,61
2018-02-17,10,40,64
2018-02-18,10,40,68
2018-02-19,10,40,48
2018-02-20,10,40,51
2018-02-21,10,40,55
2018-02-22,10,40,58
2018-02-23,10,40,61
2018-02-24,10,40,64
2018-02-25,10,40,67
2018-02-26,10,40,48
2018-02-27,10,40,51
2018-02-28,10,40,54
2018-03-01,10,40,59
2018-03-02,10,40,63
2018-03-03,10,40,66
2018-03-04,10,40,69
2018-03-05,10,40,50
2018-03-06,10,40,53
2018-03-07,10,40,56
2018-03-08,10,40,59
2018-03-09,10,40,62
2018-03-10,10,40,65
2018-03-11,10,40,69
2018-03-12,10,40,49
2018-03-13,10,40,53
2018-03-14,10,40,56
2018-03-15,10,40,59
2018-03-16,10,40,62
2018-03-17,10,40,65
2018-03-18,10,40,68
2018-03-19,10,40,49
2018-03-20,10,40,52
2018-03-21,10,40,55
2018-03-22,10,40,59
2018-03-23,10,40,62
2018-03-24,10,40,65
2018-03-25,10,40,68
2018-03-26,10,40,49
2018-03-27,10,40,52
2018-03-28,10,40,55
2018-03-29,10,40,58
2018-03-30,10,40,61
2018-03-31,10,40,65
2018-01-01,1,41,49
2018-01-02,1,41,52
2018-01-03,1,41,55
2018-01-04,1,41,58
2018-01-05,1,41,61
2018-01-06,1,41,65
2018-01-07,1,41,68
2018-01-08,1,41,49
2018-01-09,1,41,52
2018-01-10,1,41,55
2018-01-11,1,41,58
2018-01-12,1,41,61
2018-01-13,1,41,64
2018-01-14,1,41,68
2018-01-15,1,41,48
2018-01-16,1,41,51
2018-01-17,1,41,55
2018-01-18,1,41,58
2018-01-19,1,41,61
2018-01-20,1,41,64
2018-01-21,1,41,67
2018-01-22,1,41,48
2018-01-23,1,41,51
2018-01-24,1,41,54
2018-01-25,1,41,58
2018-01-26,1,41,61
2018-01-27,1,41,64
2018-01-28,1,41,67
2018-01-29,1,41,48
2018-01-30,1,41,51
2018-01-31,1,41,54
2018-02-01,1,41,59
2018-02-02,1,41,62
2018-02-03,1,41,65
2018-02-04,1,41,69
2018-02-05,1,41,49
2018-02-06,1,41,53
2018-02-07,1,41,56
2018-02-08,1,41,59
2018-02-09,1,41,62
2018-02-10,1,41,65
2018-02-11,1,41,68
2018-02-12,1,41,49
2018-02-13,1,41,52
2018-02-14,1,41,55
2018-02-15,1,41,59
2018-02-16,1,41,62
2018-02-17,1,41,65
2018-02-18,1,41,68
2018-02-19,1,41,49
2018-02-20,1,41,52
2018-02-21,1,41,55
2018-02-22,1,41,58
2018-02-23,1,41,62
2018-02-24,1,41,65
2018-02-25,1,41,68
2018-02-26,1,41,49
2018-02-27,1,41,52
2018-02-28,1,41,55
2018-03-01,1,41,60
2018-03-02,1,41,63
2018-03-03,1,41,66
2018-03-04,1,41,69
2018-03-05,1,41,50
2018-03-06,1,41,53
2018-03-07,1,41,57
2018-03-08,1,41,60
2018-03-09,1,41,63
2018-03-10,1,41,66
2018-03-11,1,41,69
2018-03-12,1,41,50
2018-03-13,1,41,53
2018-03-14,1,41,56
2018-03-15,1,41,59
2018-03-16,1,41,63
2018-03-17,1,41,66
2018-03-18,1,41,69
2018-03-19,1,41,50
2018-03-20,1,41,53
2018-03-21,1,41,56
2018-03-22,1,41,59
2018-03-23,1,41,62
2018-03-24,1,41,66
2018-03-25,1,41,69
2018-03-26,1,41,49
2018-03-27,1,41,53
2018-03-28,1,41,56
2018-03-29,1,41,59
2018-03-30,1,41,62
2018-03-31,1,41,65
2018-01-01,2,41,49
2018-01-02,2,41,52
2018-01-03,2,41,55
2018-01-04,2,41,58
2018-01-05,2,41,61
2018-01-06,2,41,65
2018-01-07,2,41,68
2018-01-08,2,41,48
2018-01-09,2,41,52
2018-01-10,2,41,55
2018-01-11,2,41,58
2018-01-12,2,41,61
2018-01-13,2,41,64
2018-01-14,2,41,67
2018-01-15,2,41,48
2018-01-16,2,41,51
2018-01-17,2,41,55
2018-01-18,2,41,58
2018-01-19,2,41,61
2018-01-20,2,41,64
2018-01-21,2,41,67
2018-01-22,2,41,48
2018-01-23,2,41,51
2018-01-24,2,41,54
2018-01-25,2,41,57
2018-01-26,2,41,61
2018-01-27,2,41,64
2018-01-28,2,41,67
2018-01-29,2,41,48
2018-01-30,2,41,51
2018-01-31,2,41,54
2018-02-01,2,41,59
2018-02-02,2,41,62
2018-02-03,2,41,65
2018-02-04,2,41,69
2018-02-05,2,41,49
2018-02-06,2,41,52
2018-02-07,2,41,56
2018-02-08,2,41,59
2018-02-09,2,41,62
2018-02-10,2,41,65
2018-02-11,2,41,68
2018-02-12,2,41,49
2018-02-13,2,41,52
2018-02-14,2,41,55
2018-02-15,2,41,59
2018-02-16,2,41,62
2018-02-17,2,41,65
2018-02-18,2,41,68
2018-02-19,2,41,49
2018-02-20,2,41,52
2018-02-21,2,41,55
2018-02-22,2,41,58
2018-02-23,2,41,61
2018-02-24,2,41,65
2018-02-25,2,41,68
2018-02-26,2,41,48
2018-02-27,2,41,52
2018-02-28,2,41,55
2018-03-01,2,41,60
2018-03-02,2,41,63
2018-03-03,2,41,66
2018-03-04,2,41,69
2018-03-05,2,41,50
2018-03-06,2,41,53
2018-03-07,2,41,56
2018-03-08,2,41,60
2018-03-09,2,41,63
2018-03-10,2,41,66
2018-03-11,2,41,69
2018-03-12,2,41,50
2018-03-13,2,41,53
2018-03-14,2,41,56
2018-03-15,2,41,59
2018-03-16,2,41,63
2018-03-17,2,41,66
2018-03-18,2,41,69
2018-03-19,2,41,50
2018-03-20,2,41,53
2018-03-21,2,41,56
2018-03-22,2,41,59
2018-03-23,2,41,62
2018-03-24,2,41,65
2018-03-25,2,41,69
2018-03-26,2,41,49
2018-03-27,2,41,52
2018-03-28,2,41,56
2018-03-29,2,41,59
2018-03-30,2,41,62
2018-03-31,2,41,65
2018-01-01,3,41,49
2018-01-02,3,41,52
2018-01-03,3,41,55
2018-01-04,3,41,58
2018-01-05,3,41,61
2018-01-06,3,41,65
2018-01-07,3,41,68
2018-01-08,3,41,48
2018-01-09,3,41,52
2018-01-10,3,41,55
2018-01-11,3,41,58
2018-01-12,3,41,61
2018-01-13,3,41,64
2018-01-14,3,41,67
2018-01-15,3,41,48
2018-01-16,3,41,51
2018-01-17,3,41,54
2018-01-18,3,41,58
2018-01-19,3,41,61
2018-01-20,3,41,64
2018-01-21,3,41,67
2018-01-22,3,41,48
2018-01-23,3,41,51
2018-01-24,3,41,54
2018-01-25,3,41,57
2018-01-26,3,41,61
2018-01-27,3,41,64
2018-01-28,3,41,67
2018-01-29,3,41,48
2018-01-30,3,41,51
2018-01-31,3,41,54
2018-02-01,3,41,59
2018-02-02,3,41,62
2018-02-03,3,41,65
2018-02-04,3,41,68
2018-02-05,3,41,49
2018-02-06,3,41,52
2018-02-07,3,41,56
2018-02-08,3,41,59
2018-02-09,3,41,62
2018-02-10,3,41,65
2018-02-11,3,41,68
2018-02-12,3,41,49
2018-02-13,3,41,52
2018-02-14,3,41,55
2018-02-15,3,41,58
2018-02-16,3,41,62
2018-02-17,3,41,65
2018-02-18,3,41,68
2018-02-19,3,41,49
2018-02-20,3,41,52
2018-02-21,3,41,55
2018-02-22,3,41,58
2018-02-23,3,41,61
2018-02-24,3,41,65
2018-02-25,3,41,68
2018-02-26,3,41,48
2018-02-27,3,41,52
2018-02-28,3,41,55
2018-03-01,3,41,60
2018-03-02,3,41,63
2018-03-03,3,41,66
2018-03-04,3,41,69
2018-03-05,3,41,50
2018-03-06,3,41,53
2018-03-07,3,41,56
2018-03-08,3,41,60
2018-03-09,3,41,63
2018-03-10,3,41,66
2018-03-11,3,41,69
2018-03-12,3,41,50
2018-03-13,3,41,53
2018-03-14,3,41,56
2018-03-15,3,41,59
2018-03-16,3,41,62
2018-03-17,3,41,66
2018-03-18,3,41,69
2018-03-19,3,41,50
2018-03-20,3,41,53
2018-03-21,3,41,56
2018-03-22,3,41,59
2018-03-23,3,41,62
2018-03-24,3,41,65
2018-03-25,3,41,69
2018-03-26,3,41,49
2018-03-27,3,41,52
2018-03-28,3,41,56
2018-03-29,3,41,59
2018-03-30,3,41,62
2018-03-31,3,41,65
2018-01-01,4,41,49
2018-01-02,4,41,52
2018-01-03,4,41,55
2018-01-04,4,41,58
2018-01-05,4,41,61
2018-01-06,4,41,64
2018-01-07,4,41,68
2018-01-08,4,41,48
2018-01-09,4,41,51
2018-01-10,4,41,55
2018-01-11,4,41,58
2018-01-12,4,41,61
2018-01-13,4,41,64
2018-01-14,4,41,67
2018-01-15,4,41,48
2018-01-16,4,41,51
2018-01-17,4,41,54
2018-01-18,4,41,58
2018-01-19,4,41,61
2018-01-20,4,41,64
2018-01-21,4,41,67
2018-01-22,4,41,48
2018-01-23,4,41,51
2018-01-24,4,41,54
2018-01-25,4,41,57
2018-01-26,4,41,60
2018-01-27,4,41,64
2018-01-28,4,41,67
2018-01-29,4,41,48
2018-01-30,4,41,51
2018-01-31,4,41,54
2018-02-01,4,41,59
2018-02-02,4,41,62
2018-02-03,4,41,65
2018-02-04,4,41,68
2018-02-05,4,41,49
2018-02-06,4,41,52
2018-02-07,4,41,55
2018-02-08,4,41,59
2018-02-09,4,41,62
2018-02-10,4,41,65
2018-02-11,4,41,68
2018-02-12,4,41,49
2018-02-13,4,41,52
2018-02-14,4,41,55
2018-02-15,4,41,58
2018-02-16,4,41,62
2018-02-17,4,41,65
2018-02-18,4,41,68
2018-02-19,4,41,49
2018-02-20,4,41,52
2018-02-21,4,41,55
2018-02-22,4,41,58
2018-02-23,4,41,61
2018-02-24,4,41,64
2018-02-25,4,41,68
2018-02-26,4,41,48
2018-02-27,4,41,52
2018-02-28,4,41,55
2018-03-01,4,41,60
2018-03-02,4,41,63
2018-03-03,4,41,66
2018-03-04,4,41,69
2018-03-05,4,41,50
2018-03-06,4,41,53
2018-03-07,4,41,56
2018-03-08,4,41,59
2018-03-09,4,41,63
2018-03-10,4,41,66
2018-03-11,4,41,69
2018-03-12,4,41,50
2018-03-13,4,41,53
2018-03-14,4,41,56
2018-03-15,4,41,59
2018-03-16,4,41,62
2018-03-17,4,41,66
2018-03-18,4,41,69
2018-03-19,4,41,49
2018-03-20,4,41,53
2018-03-21,4,41,56
2018-03-22,4,41,59
2018-03-23,4,41,62
2018-03-24,4,41,65
2018-03-25,4,41,68
2018-03-26,4,41,49
2018-03-27,4,41,52
2018-03-28,4,41,56
2018-03-29,4,41,59
2018-03-30,4,41,62
2018-03-31,4,41,65
2018-01-01,5,41,49
2018-01-02,5,41,52
2018-01-03,5,41,55
2018-01-04,5,41,58
2018-01-05,5,41,61
2018-01-06,5,41,64
2018-01-07,5,41,68
2018-01-08,5,41,48
2018-01-09,5,41,51
2018-01-10,5,41,55
2018-01-11,5,41,58
2018-01-12,5,41,61
2018-01-13,5,41,64
2018-01-14,5,41,67
2018-01-15,5,41,48
2018-01-16,5,41,51
2018-01-17,5,41,54
2018-01-18,5,41,57
2018-01-19,5,41,61
2018-01-20,5,41,64
2018-01-21,5,41,67
2018-01-22,5,41,48
2018-01-23,5,41,51
2018-01-24,5,41,54
2018-01-25,5,41,57
2018-01-26,5,41,60
2018-01-27,5,41,64
2018-01-28,5,41,67
2018-01-29,5,41,47
2018-01-30,5,41,51
2018-01-31,5,41,54
2018-02-01,5,41,59
2018-02-02,5,41,62
2018-02-03,5,41,65
2018-02-04,5,41,68
2018-02-05,5,41,49
2018-02-06,5,41,52
2018-02-07,5,41,55
2018-02-08,5,41,59
2018-02-09,5,41,62
2018-02-10,5,41,65
2018-02-11,5,41,68
2018-02-12,5,41,49
2018-02-13,5,41,52
2018-02-14,5,41,55
2018-02-15,5,41,58
2018-02-16,5,41,61
2018-02-17,5,41,65
2018-02-18,5,41,68
2018-02-19,5,41,49
2018-02-20,5,41,52
2018-02-21,5,41,55
2018-02-22,5,41,58
2018-02-23,5,41,61
2018-02-24,5,41,64
2018-02-25,5,41,68
2018-02-26,5,41,48
2018-02-27,5,41,51
2018-02-28,5,41,55
2018-03-01,5,41,60
2018-03-02,5,41,63
2018-03-03,5,41,66
2018-03-04,5,41,69
2018-03-05,5,41,50
2018-03-06,5,41,53
2018-03-07,5,41,56
2018-03-08,5,41,59
2018-03-09,5,41,63
2018-03-10,5,41,66
2018-03-11,5,41,69
2018-03-12,5,41,50
2018-03-13,5,41,53
2018-03-14,5,41,56
2018-03-15,5,41,59
2018-03-16,5,41,62
2018-03-17,5,41,65
2018-03-18,5,41,69
2018-03-19,5,41,49
2018-03-20,5,41,53
2018-03-21,5,41,56
2018-03-22,5,41,59
2018-03-23,5,41,62
2018-03-24,5,41,65
2018-03-25,5,41,68
2018-03-26,5,41,49
2018-03-27,5,41,52
2018-03-28,5,41,55
2018-03-29,5,41,59
2018-03-30,5,41,62
2018-03-31,5,41,65
2018-01-01,6,41,48
2018-01-02,6,41,52
2018-01-03,6,41,55
2018-01-04,6,41,58
2018-01-05,6,41,61
2018-01-06,6,41,64
2018-01-07,6,41,67
2018-01-08,6,41,48
2018-01-09,6,41,51
2018-01-10,6,41,54
2018-01-11,6,41,58
2018-01-12,6,41,61
2018-01-13,6,41,64
2018-01-14,6,41,67
2018-01-15,6,41,48
2018-01-16,6,41,51
2018-01-17,6,41,54
2018-01-18,6,41,57
2018-01-19,6,41,61
2018-01-20,6,41,64
2018-01-21,6,41,67
2018-01-22,6,41,48
2018-01-23,6,41,51
2018-01-24,6,41,54
2018-01-25,6,41,57
2018-01-26,6,41,60
2018-01-27,6,41,63
2018-01-28,6,41,67
2018-01-29,6,41,47
2018-01-30,6,41,51
2018-01-31,6,41,54
2018-02-01,6,41,59
2018-02-02,6,41,62
2018-02-03,6,41,65
2018-02-04,6,41,68
2018-02-05,6,41,49
2018-02-06,6,41,52
2018-02-07,6,41,55
2018-02-08,6,41,58
2018-02-09,6,41,62
2018-02-10,6,41,65
2018-02-11,6,41,68
2018-02-12,6,41,49
2018-02-13,6,41,52
2018-02-14,6,41,55
2018-02-15,6,41,58
2018-02-16,6,41,61
2018-02-17,6,41,65
2018-02-18,6,41,68
2018-02-19,6,41,48
2018-02-20,6,41,52
2018-02-21,6,41,55
2018-02-22,6,41,58
2018-02-23,6,41,61
2018-02-24,6,41,64
2018-02-25,6,41,67
2018-02-26,6,41,48
2018-02-27,6,41,51
2018-02-28,6,41,55
2018-03-01,6,41,60
2018-03-02,6,41,63
2018-03-03,6,41,66
2018-03-04,6,41,69
2018-03-05,6,41,50
2018-03-06,6,41,53
2018-03-07,6,41,56
2018-03-08,6,41,59
2018-03-09,6,41,62
2018-03-10,6,41,66
2018-03-11,6,41,69
2018-03-12,6,41,50
2018-03-13,6,41,53
2018-03-14,6,41,56
2018-03-15,6,41,59
2018-03-16,6,41,62
2018-03-17,6,41,65
2018-03-18,6,41,69
2018-03-19,6,41,49
2018-03-20,6,41,52
2018-03-21,6,41,56
2018-03-22,6,41,59
2018-03-23,6,41,62
2018-03-24,6,41,65
2018-03-25,6,41,68
2018-03-26,6,41,49
2018-03-27,6,41,52
2018-03-28,6,41,55
2018-03-29,6,41,59
2018-03-30,6,41,62
2018-03-31,6,41,65
2018-01-01,7,41,48
2018-01-02,7,41,52
2018-01-03,7,41,55
2018-01-04,7,41,58
2018-01-05,7,41,61
2018-01-06,7,41,64
2018-01-07,7,41,67
2018-01-08,7,41,48
2018-01-09,7,41,51
2018-01-10,7,41,54
2018-01-11,7,41,58
2018-01-12,7,41,61
2018-01-13,7,41,64
2018-01-14,7,41,67
2018-01-15,7,41,48
2018-01-16,7,41,51
2018-01-17,7,41,54
2018-01-18,7,41,57
2018-01-19,7,41,60
2018-01-20,7,41,64
2018-01-21,7,41,67
2018-01-22,7,41,48
2018-01-23,7,41,51
2018-01-24,7,41,54
2018-01-25,7,41,57
2018-01-26,7,41,60
2018-01-27,7,41,63
2018-01-28,7,41,67
2018-01-29,7,41,47
2018-01-30,7,41,50
2018-01-31,7,41,54
2018-02-01,7,41,59
2018-02-02,7,41,62
2018-02-03,7,41,65
2018-02-04,7,41,68
2018-02-05,7,41,49
2018-02-06,7,41,52
2018-02-07,7,41,55
2018-02-08,7,41,58
2018-02-09,7,41,62
2018-02-10,7,41,65
2018-02-11,7,41,68
2018-02-12,7,41,49
2018-02-13,7,41,52
2018-02-14,7,41,55
2018-02-15,7,41,58
2018-02-16,7,41,61
2018-02-17,7,41,64
2018-02-18,7,41,68
2018-02-19,7,41,48
2018-02-20,7,41,52
2018-02-21,7,41,55
2018-02-22,7,41,58
2018-02-23,7,41,61
2018-02-24,7,41,64
2018-02-25,7,41,67
2018-02-26,7,41,48
2018-02-27,7,41,51
2018-02-28,7,41,54
2018-03-01,7,41,60
2018-03-02,7,41,63
2018-03-03,7,41,66
2018-03-04,7,41,69
2018-03-05,7,41,50
2018-03-06,7,41,53
2018-03-07,7,41,56
2018-03-08,7,41,59
2018-03-09,7,41,62
2018-03-10,7,41,66
2018-03-11,7,41,69
2018-03-12,7,41,49
2018-03-13,7,41,53
2018-03-14,7,41,56
2018-03-15,7,41,59
2018-03-16,7,41,62
2018-03-17,7,41,65
2018-03-18,7,41,68
2018-03-19,7,41,49
2018-03-20,7,41,52
2018-03-21,7,41,56
2018-03-22,7,41,59
2018-03-23,7,41,62
2018-03-24,7,41,65
2018-03-25,7,41,68
2018-03-26,7,41,49
2018-03-27,7,41,52
2018-03-28,7,41,55
2018-03-29,7,41,58
2018-03-30,7,41,62
2018-03-31,7,41,65
2018-01-01,8,41,48
2018-01-02,8,41,51
2018-01-03,8,41,55
2018-01-04,8,41,58
2018-01-05,8,41,61
2018-01-06,8,41,64
2018-01-07,8,41,67
2018-01-08,8,41,48
2018-01-09,8,41,51
2018-01-10,8,41,54
2018-01-11,8,41,58
2018-01-12,8,41,61
2018-01-13,8,41,64
2018-01-14,8,41,67
2018-01-15,8,41,48
2018-01-16,8,41,51
2018-01-17,8,41,54
2018-01-18,8,41,57
2018-01-19,8,41,60
2018-01-20,8,41,64
2018-01-21,8,41,67
2018-01-22,8,41,47
2018-01-23,8,41,51
2018-01-24,8,41,54
2018-01-25,8,41,57
2018-01-26,8,41,60
2018-01-27,8,41,63
2018-01-28,8,41,66
2018-01-29,8,41,47
2018-01-30,8,41,50
2018-01-31,8,41,54
2018-02-01,8,41,59
2018-02-02,8,41,62
2018-02-03,8,41,65
2018-02-04,8,41,68
2018-02-05,8,41,49
2018-02-06,8,41,52
2018-02-07,8,41,55
2018-02-08,8,41,58
2018-02-09,8,41,62
2018-02-10,8,41,65
2018-02-11,8,41,68
2018-02-12,8,41,49
2018-02-13,8,41,52
2018-02-14,8,41,55
2018-02-15,8,41,58
2018-02-16,8,41,61
2018-02-17,8,41,64
2018-02-18,8,41,68
2018-02-19,8,41,48
2018-02-20,8,41,51
2018-02-21,8,41,55
2018-02-22,8,41,58
2018-02-23,8,41,61
2018-02-24,8,41,64
2018-02-25,8,41,67
2018-02-26,8,41,48
2018-02-27,8,41,51
2018-02-28,8,41,54
2018-03-01,8,41,59
2018-03-02,8,41,63
2018-03-03,8,41,66
2018-03-04,8,41,69
2018-03-05,8,41,50
2018-03-06,8,41,53
2018-03-07,8,41,56
2018-03-08,8,41,59
2018-03-09,8,41,62
2018-03-10,8,41,66
2018-03-11,8,41,69
2018-03-12,8,41,49
2018-03-13,8,41,53
2018-03-14,8,41,56
2018-03-15,8,41,59
2018-03-16,8,41,62
2018-03-17,8,41,65
2018-03-18,8,41,68
2018-03-19,8,41,49
2018-03-20,8,41,52
2018-03-21,8,41,55
2018-03-22,8,41,59
2018-03-23,8,41,62
2018-03-24,8,41,65
2018-03-25,8,41,68
2018-03-26,8,41,49
2018-03-27,8,41,52
2018-03-28,8,41,55
2018-03-29,8,41,58
2018-03-30,8,41,62
2018-03-31,8,41,65
2018-01-01,9,41,48
2018-01-02,9,41,51
2018-01-03,9,41,55
2018-01-04,9,41,58
2018-01-05,9,41,61
2018-01-06,9,41,64
2018-01-07,9,41,67
2018-01-08,9,41,48
2018-01-09,9,41,51
2018-01-10,9,41,54
2018-01-11,9,41,57
2018-01-12,9,41,61
2018-01-13,9,41,64
2018-01-14,9,41,67
2018-01-15,9,41,48
2018-01-16,9,41,51
2018-01-17,9,41,54
2018-01-18,9,41,57
2018-01-19,9,41,60
2018-01-20,9,41,63
2018-01-21,9,41,67
2018-01-22,9,41,47
2018-01-23,9,41,51
2018-01-24,9,41,54
2018-01-25,9,41,57
2018-01-26,9,41,60
2018-01-27,9,41,63
2018-01-28,9,41,66
2018-01-29,9,41,47
2018-01-30,9,41,50
2018-01-31,9,41,53
2018-02-01,9,41,59
2018-02-02,9,41,62
2018-02-03,9,41,65
2018-02-04,9,41,68
2018-02-05,9,41,49
2018-02-06,9,41,52
2018-02-07,9,41,55
2018-02-08,9,41,58
2018-02-09,9,41,61
2018-02-10,9,41,65
2018-02-11,9,41,68
2018-02-12,9,41,48
2018-02-13,9,41,52
2018-02-14,9,41,55
2018-02-15,9,41,58
2018-02-16,9,41,61
2018-02-17,9,41,64
2018-02-18,9,41,67
2018-02-19,9,41,48
2018-02-20,9,41,51
2018-02-21,9,41,55
2018-02-22,9,41,58
2018-02-23,9,41,61
2018-02-24,9,41,64
2018-02-25,9,41,67
2018-02-26,9,41,48
2018-02-27,9,41,51
2018-02-28,9,41,54
2018-03-01,9,41,59
2018-03-02,9,41,63
2018-03-03,9,41,66
2018-03-04,9,41,69
2018-03-05,9,41,50
2018-03-06,9,41,53
2018-03-07,9,41,56
2018-03-08,9,41,59
2018-03-09,9,41,62
2018-03-10,9,41,65
2018-03-11,9,41,69
2018-03-12,9,41,49
2018-03-13,9,41,52
2018-03-14,9,41,56
2018-03-15,9,41,59
2018-03-16,9,41,62
2018-03-17,9,41,65
2018-03-18,9,41,68
2018-03-19,9,41,49
2018-03-20,9,41,52
2018-03-21,9,41,55
2018-03-22,9,41,59
2018-03-23,9,41,62
2018-03-24,9,41,65
2018-03-25,9,41,68
2018-03-26,9,41,49
2018-03-27,9,41,52
2018-03-28,9,41,55
2018-03-29,9,41,58
2018-03-30,9,41,61
2018-03-31,9,41,65
2018-01-01,10,41,48
2018-01-02,10,41,51
2018-01-03,10,41,54
2018-01-04,10,41,58
2018-01-05,10,41,61
2018-01-06,10,41,64
2018-01-07,10,41,67
2018-01-08,10,41,48
2018-01-09,10,41,51
2018-01-10,10,41,54
2018-01-11,10,41,57
2018-01-12,10,41,61
2018-01-13,10,41,64
2018-01-14,10,41,67
2018-01-15,10,41,48
2018-01-16,10,41,51
2018-01-17,10,41,54
2018-01-18,10,41,57
2018-01-19,10,41,60
2018-01-20,10,41,63
2018-01-21,10,41,67
2018-01-22,10,41,47
2018-01-23,10,41,50
2018-01-24,10,41,54
2018-01-25,10,41,57
2018-01-26,10,41,60
2018-01-27,10,41,63
2018-01-28,10,41,66
2018-01-29,10,41,47
2018-01-30,10,41,50
2018-01-31,10,41,53
2018-02-01,10,41,58
2018-02-02,10,41,62
2018-02-03,10,41,65
2018-02-04,10,41,68
2018-02-05,10,41,49
2018-02-06,10,41,52
2018-02-07,10,41,55
2018-02-08,10,41,58
2018-02-09,10,41,61
2018-02-10,10,41,65
2018-02-11,10,41,68
2018-02-12,10,41,48
2018-02-13,10,41,52
2018-02-14,10,41,55
2018-02-15,10,41,58
2018-02-16,10,41,61
2018-02-17,10,41,64
2018-02-18,10,41,67
2018-02-19,10,41,48
2018-02-20,10,41,51
2018-02-21,10,41,54
2018-02-22,10,41,58
2018-02-23,10,41,61
2018-02-24,10,41,64
2018-02-25,10,41,67
2018-02-26,10,41,48
2018-02-27,10,41,51
2018-02-28,10,41,54
2018-03-01,10,41,59
2018-03-02,10,41,62
2018-03-03,10,41,66
2018-03-04,10,41,69
2018-03-05,10,41,50
2018-03-06,10,41,53
2018-03-07,10,41,56
2018-03-08,10,41,59
2018-03-09,10,41,62
2018-03-10,10,41,65
2018-03-11,10,41,69
2018-03-12,10,41,49
2018-03-13,10,41,52
2018-03-14,10,41,56
2018-03-15,10,41,59
2018-03-16,10,41,62
2018-03-17,10,41,65
2018-03-18,10,41,68
2018-03-19,10,41,49
2018-03-20,10,41,52
2018-03-21,10,41,55
2018-03-22,10,41,58
2018-03-23,10,41,62
2018-03-24,10,41,65
2018-03-25,10,41,68
2018-03-26,10,41,49
2018-03-27,10,41,52
2018-03-28,10,41,55
2018-03-29,10,41,58
2018-03-30,10,41,61
2018-03-31,10,41,65
2018-01-01,1,42,49
2018-01-02,1,42,52
2018-01-03,1,42,55
2018-01-04,1,42,58
2018-01-05,1,42,61
2018-01-06,1,42,65
2018-01-07,1,42,68
2018-01-08,1,42,48
2018-01-09,1,42,52
2018-01-10,1,42,55
2018-01-11,1,42,58
2018-01-12,1,42,61
2018-01-13,1,42,64
2018-01-14,1,42,67
2018-01-15,1,42,48
2018-01-16,1,42,51
2018-01-17,1,42,55
2018-01-18,1,42,58
2018-01-19,1,42,61
2018-01-20,1,42,64
2018-01-21,1,42,67
2018-01-22,1,42,48
2018-01-23,1,42,51
2018-01-24,1,42,54
2018-01-25,1,42,57
2018-01-26,1,42,61
2018-01-27,1,42,64
2018-01-28,1,42,67
2018-01-29,1,42,48
2018-01-30,1,42,51
2018-01-31,1,42,54
2018-02-01,1,42,59
2018-02-02,1,42,62
2018-02-03,1,42,65
2018-02-04,1,42,69
2018-02-05,1,42,49
2018-02-06,1,42,52
2018-02-07,1,42,56
2018-02-08,1,42,59
2018-02-09,1,42,62
2018-02-10,1,42,65
2018-02-11,1,42,68
2018-02-12,1,42,49
2018-02-13,1,42,52
2018-02-14,1,42,55
2018-02-15,1,42,59
2018-02-16,1,42,62
2018-02-17,1,42,65
2018-02-18,1,42,68
2018-02-19,1,42,49
2018-02-20,1,42,52
2018-02-21,1,42,55
2018-02-22,1,42,58
2018-02-23,1,42,61
2018-02-24,1,42,65
2018-02-25,1,42,68
2018-02-26,1,42,48
2018-02-27,1,42,52
2018-02-28,1,42,55
2018-03-01,1,42,60
2018-03-02,1,42,63
2018-03-03,1,42,66
2018-03-04,1,42,69
2018-03-05,1,42,50
2018-03-06,1,42,53
2018-03-07,1,42,56
2018-03-08,1,42,60
2018-03-09,1,42,63
2018-03-10,1,42,66
2018-03-11,1,42,69
2018-03-12,1,42,50
2018-03-13,1,42,53
2018-03-14,1,42,56
2018-03-15,1,42,59
2018-03-16,1,42,62
2018-03-17,1,42,66
2018-03-18,1,42,69
2018-03-19,1,42,50
2018-03-20,1,42,53
2018-03-21,1,42,56
2018-03-22,1,42,59
2018-03-23,1,42,62
2018-03-24,1,42,65
2018-03-25,1,42,69
2018-03-26,1,42,49
2018-03-27,1,42,52
2018-03-28,1,42,56
2018-03-29,1,42,59
2018-03-30,1,42,62
2018-03-31,1,42,65
2018-01-01,2,42,49
2018-01-02,2,42,52
2018-01-03,2,42,55
2018-01-04,2,42,58
2018-01-05,2,42,61
2018-01-06,2,42,64
2018-01-07,2,42,68
2018-01-08,2,42,48
2018-01-09,2,42,52
2018-01-10,2,42,55
2018-01-11,2,42,58
2018-01-12,2,42,61
2018-01-13,2,42,64
2018-01-14,2,42,67
2018-01-15,2,42,48
2018-01-16,2,42,51
2018-01-17,2,42,54
2018-01-18,2,42,58
2018-01-19,2,42,61
2018-01-20,2,42,64
2018-01-21,2,42,67
2018-01-22,2,42,48
2018-01-23,2,42,51
2018-01-24,2,42,54
2018-01-25,2,42,57
2018-01-26,2,42,60
2018-01-27,2,42,64
2018-01-28,2,42,67
2018-01-29,2,42,48
2018-01-30,2,42,51
2018-01-31,2,42,54
2018-02-01,2,42,59
2018-02-02,2,42,62
2018-02-03,2,42,65
2018-02-04,2,42,68
2018-02-05,2,42,49
2018-02-06,2,42,52
2018-02-07,2,42,56
2018-02-08,2,42,59
2018-02-09,2,42,62
2018-02-10,2,42,65
2018-02-11,2,42,68
2018-02-12,2,42,49
2018-02-13,2,42,52
2018-02-14,2,42,55
2018-02-15,2,42,58
2018-02-16,2,42,62
2018-02-17,2,42,65
2018-02-18,2,42,68
2018-02-19,2,42,49
2018-02-20,2,42,52
2018-02-21,2,42,55
2018-02-22,2,42,58
2018-02-23,2,42,61
2018-02-24,2,42,64
2018-02-25,2,42,68
2018-02-26,2,42,48
2018-02-27,2,42,52
2018-02-28,2,42,55
2018-03-01,2,42,60
2018-03-02,2,42,63
2018-03-03,2,42,66
2018-03-04,2,42,69
2018-03-05,2,42,50
2018-03-06,2,42,53
2018-03-07,2,42,56
2018-03-08,2,42,60
2018-03-09,2,42,63
2018-03-10,2,42,66
2018-03-11,2,42,69
2018-03-12,2,42,50
2018-03-13,2,42,53
2018-03-14,2,42,56
2018-03-15,2,42,59
2018-03-16,2,42,62
2018-03-17,2,42,66
2018-03-18,2,42,69
2018-03-19,2,42,49
2018-03-20,2,42,53
2018-03-21,2,42,56
2018-03-22,2,42,59
2018-03-23,2,42,62
2018-03-24,2,42,65
2018-03-25,2,42,68
2018-03-26,2,42,49
2018-03-27,2,42,52
2018-03-28,2,42,56
2018-03-29,2,42,59
2018-03-30,2,42,62
2018-03-31,2,42,65
2018-01-01,3,42,49
2018-01-02,3,42,52
2018-01-03,3,42,55
2018-01-04,3,42,58
2018-01-05,3,42,61
2018-01-06,3,42,64
2018-01-07,3,42,68
2018-01-08,3,42,48
2018-01-09,3,42,51
2018-01-10,3,42,55
2018-01-11,3,42,58
2018-01-12,3,42,61
2018-01-13,3,42,64
2018-01-14,3,42,67
2018-01-15,3,42,48
2018-01-16,3,42,51
2018-01-17,3,42,54
2018-01-18,3,42,58
2018-01-19,3,42,61
2018-01-20,3,42,64
2018-01-21,3,42,67
2018-01-22,3,42,48
2018-01-23,3,42,51
2018-01-24,3,42,54
2018-01-25,3,42,57
2018-01-26,3,42,60
2018-01-27,3,42,64
2018-01-28,3,42,67
2018-01-29,3,42,47
2018-01-30,3,42,51
2018-01-31,3,42,54
2018-02-01,3,42,59
2018-02-02,3,42,62
2018-02-03,3,42,65
2018-02-04,3,42,68
2018-02-05,3,42,49
2018-02-06,3,42,52
2018-02-07,3,42,55
2018-02-08,3,42,59
2018-02-09,3,42,62
2018-02-10,3,42,65
2018-02-11,3,42,68
2018-02-12,3,42,49
2018-02-13,3,42,52
2018-02-14,3,42,55
2018-02-15,3,42,58
2018-02-16,3,42,62
2018-02-17,3,42,65
2018-02-18,3,42,68
2018-02-19,3,42,49
2018-02-20,3,42,52
2018-02-21,3,42,55
2018-02-22,3,42,58
2018-02-23,3,42,61
2018-02-24,3,42,64
2018-02-25,3,42,68
2018-02-26,3,42,48
2018-02-27,3,42,51
2018-02-28,3,42,55
2018-03-01,3,42,60
2018-03-02,3,42,63
2018-03-03,3,42,66
2018-03-04,3,42,69
2018-03-05,3,42,50
2018-03-06,3,42,53
2018-03-07,3,42,56
2018-03-08,3,42,59
2018-03-09,3,42,63
2018-03-10,3,42,66
2018-03-11,3,42,69
2018-03-12,3,42,50
2018-03-13,3,42,53
2018-03-14,3,42,56
2018-03-15,3,42,59
2018-03-16,3,42,62
2018-03-17,3,42,66
2018-03-18,3,42,69
2018-03-19,3,42,49
2018-03-20,3,42,53
2018-03-21,3,42,56
2018-03-22,3,42,59
2018-03-23,3,42,62
2018-03-24,3,42,65
2018-03-25,3,42,68
2018-03-26,3,42,49
2018-03-27,3,42,52
2018-03-28,3,42,55
2018-03-29,3,42,59
2018-03-30,3,42,62
2018-03-31,3,42,65
2018-01-01,4,42,48
2018-01-02,4,42,52
2018-01-03,4,42,55
2018-01-04,4,42,58
2018-01-05,4,42,61
2018-01-06,4,42,64
2018-01-07,4,42,67
2018-01-08,4,42,48
2018-01-09,4,42,51
2018-01-10,4,42,55
2018-01-11,4,42,58
2018-01-12,4,42,61
2018-01-13,4,42,64
2018-01-14,4,42,67
2018-01-15,4,42,48
2018-01-16,4,42,51
2018-01-17,4,42,54
2018-01-18,4,42,57
2018-01-19,4,42,61
2018-01-20,4,42,64
2018-01-21,4,42,67
2018-01-22,4,42,48
2018-01-23,4,42,51
2018-01-24,4,42,54
2018-01-25,4,42,57
2018-01-26,4,42,60
2018-01-27,4,42,64
2018-01-28,4,42,67
2018-01-29,4,42,47
2018-01-30,4,42,51
2018-01-31,4,42,54
2018-02-01,4,42,59
2018-02-02,4,42,62
2018-02-03,4,42,65
2018-02-04,4,42,68
2018-02-05,4,42,49
2018-02-06,4,42,52
2018-02-07,4,42,55
2018-02-08,4,42,59
2018-02-09,4,42,62
2018-02-10,4,42,65
2018-02-11,4,42,68
2018-02-12,4,42,49
2018-02-13,4,42,52
2018-02-14,4,42,55
2018-02-15,4,42,58
2018-02-16,4,42,61
2018-02-17,4,42,65
2018-02-18,4,42,68
2018-02-19,4,42,48
2018-02-20,4,42,52
2018-02-21,4,42,55
2018-02-22,4,42,58
2018-02-23,4,42,61
2018-02-24,4,42,64
2018-02-25,4,42,67
2018-02-26,4,42,48
2018-02-27,4,42,51
2018-02-28,4,42,55
2018-03-01,4,42,60
2018-03-02,4,42,63
2018-03-03,4,42,66
2018-03-04,4,42,69
2018-03-05,4,42,50
2018-03-06,4,42,53
2018-03-07,4,42,56
2018-03-08,4,42,59
2018-03-09,4,42,63
2018-03-10,4,42,66
2018-03-11,4,42,69
2018-03-12,4,42,50
2018-03-13,4,42,53
2018-03-14,4,42,56
2018-03-15,4,42,59
2018-03-16,4,42,62
2018-03-17,4,42,65
2018-03-18,4,42,69
2018-03-19,4,42,49
2018-03-20,4,42,52
2018-03-21,4,42,56
2018-03-22,4,42,59
2018-03-23,4,42,62
2018-03-24,4,42,65
2018-03-25,4,42,68
2018-03-26,4,42,49
2018-03-27,4,42,52
2018-03-28,4,42,55
2018-03-29,4,42,59
2018-03-30,4,42,62
2018-03-31,4,42,65
2018-01-01,5,42,48
2018-01-02,5,42,52
2018-01-03,5,42,55
2018-01-04,5,42,58
2018-01-05,5,42,61
2018-01-06,5,42,64
2018-01-07,5,42,67
2018-01-08,5,42,48
2018-01-09,5,42,51
2018-01-10,5,42,54
2018-01-11,5,42,58
2018-01-12,5,42,61
2018-01-13,5,42,64
2018-01-14,5,42,67
2018-01-15,5,42,48
2018-01-16,5,42,51
2018-01-17,5,42,54
2018-01-18,5,42,57
2018-01-19,5,42,61
2018-01-20,5,42,64
2018-01-21,5,42,67
2018-01-22,5,42,48
2018-01-23,5,42,51
2018-01-24,5,42,54
2018-01-25,5,42,57
2018-01-26,5,42,60
2018-01-27,5,42,63
2018-01-28,5,42,67
2018-01-29,5,42,47
2018-01-30,5,42,50
2018-01-31,5,42,54
2018-02-01,5,42,59
2018-02-02,5,42,62
2018-02-03,5,42,65
2018-02-04,5,42,68
2018-02-05,5,42,49
2018-02-06,5,42,52
2018-02-07,5,42,55
2018-02-08,5,42,58
2018-02-09,5,42,62
2018-02-10,5,42,65
2018-02-11,5,42,68
2018-02-12,5,42,49
2018-02-13,5,42,52
2018-02-14,5,42,55
2018-02-15,5,42,58
2018-02-16,5,42,61
2018-02-17,5,42,65
2018-02-18,5,42,68
2018-02-19,5,42,48
2018-02-20,5,42,52
2018-02-21,5,42,55
2018-02-22,5,42,58
2018-02-23,5,42,61
2018-02-24,5,42,64
2018-02-25,5,42,67
2018-02-26,5,42,48
2018-02-27,5,42,51
2018-02-28,5,42,54
2018-03-01,5,42,60
2018-03-02,5,42,63
2018-03-03,5,42,66
2018-03-04,5,42,69
2018-03-05,5,42,50
2018-03-06,5,42,53
2018-03-07,5,42,56
2018-03-08,5,42,59
2018-03-09,5,42,62
2018-03-10,5,42,66
2018-03-11,5,42,69
2018-03-12,5,42,50
2018-03-13,5,42,53
2018-03-14,5,42,56
2018-03-15,5,42,59
2018-03-16,5,42,62
2018-03-17,5,42,65
2018-03-18,5,42,69
2018-03-19,5,42,49
2018-03-20,5,42,52
2018-03-21,5,42,56
2018-03-22,5,42,59
2018-03-23,5,42,62
2018-03-24,5,42,65
2018-03-25,5,42,68
2018-03-26,5,42,49
2018-03-27,5,42,52
2018-03-28,5,42,55
2018-03-29,5,42,58
2018-03-30,5,42,62
2018-03-31,5,42,65
2018-01-01,6,42,48
2018-01-02,6,42,51
2018-01-03,6,42,55
2018-01-04,6,42,58
2018-01-05,6,42,61
2018-01-06,6,42,64
2018-01-07,6,42,67
2018-01-08,6,42,48
2018-01-09,6,42,51
2018-01-10,6,42,54
2018-01-11,6,42,58
2018-01-12,6,42,61
2018-01-13,6,42,64
2018-01-14,6,42,67
2018-01-15,6,42,48
2018-01-16,6,42,51
2018-01-17,6,42,54
2018-01-18,6,42,57
2018-01-19,6,42,60
2018-01-20,6,42,64
2018-01-21,6,42,67
2018-01-22,6,42,48
2018-01-23,6,42,51
2018-01-24,6,42,54
2018-01-25,6,42,57
2018-01-26,6,42,60
2018-01-27,6,42,63
2018-01-28,6,42,67
2018-01-29,6,42,47
2018-01-30,6,42,50
2018-01-31,6,42,54
2018-02-01,6,42,59
2018-02-02,6,42,62
2018-02-03,6,42,65
2018-02-04,6,42,68
2018-02-05,6,42,49
2018-02-06,6,42,52
2018-02-07,6,42,55
2018-02-08,6,42,58
2018-02-09,6,42,62
2018-02-10,6,42,65
2018-02-11,6,42,68
2018-02-12,6,42,49
2018-02-13,6,42,52
2018-02-14,6,42,55
2018-02-15,6,42,58
2018-02-16,6,42,61
2018-02-17,6,42,64
2018-02-18,6,42,68
2018-02-19,6,42,48
2018-02-20,6,42,52
2018-02-21,6,42,55
2018-02-22,6,42,58
2018-02-23,6,42,61
2018-02-24,6,42,64
2018-02-25,6,42,67
2018-02-26,6,42,48
2018-02-27,6,42,51
2018-02-28,6,42,54
2018-03-01,6,42,59
2018-03-02,6,42,63
2018-03-03,6,42,66
2018-03-04,6,42,69
2018-03-05,6,42,50
2018-03-06,6,42,53
2018-03-07,6,42,56
2018-03-08,6,42,59
2018-03-09,6,42,62
2018-03-10,6,42,66
2018-03-11,6,42,69
2018-03-12,6,42,49
2018-03-13,6,42,53
2018-03-14,6,42,56
2018-03-15,6,42,59
2018-03-16,6,42,62
2018-03-17,6,42,65
2018-03-18,6,42,68
2018-03-19,6,42,49
2018-03-20,6,42,52
2018-03-21,6,42,56
2018-03-22,6,42,59
2018-03-23,6,42,62
2018-03-24,6,42,65
2018-03-25,6,42,68
2018-03-26,6,42,49
2018-03-27,6,42,52
2018-03-28,6,42,55
2018-03-29,6,42,58
2018-03-30,6,42,62
2018-03-31,6,42,65
2018-01-01,7,42,48
2018-01-02,7,42,51
2018-01-03,7,42,55
2018-01-04,7,42,58
2018-01-05,7,42,61
2018-01-06,7,42,64
2018-01-07,7,42,67
2018-01-08,7,42,48
2018-01-09,7,42,51
2018-01-10,7,42,54
2018-01-11,7,42,57
2018-01-12,7,42,61
2018-01-13,7,42,64
2018-01-14,7,42,67
2018-01-15,7,42,48
2018-01-16,7,42,51
2018-01-17,7,42,54
2018-01-18,7,42,57
2018-01-19,7,42,60
2018-01-20,7,42,64
2018-01-21,7,42,67
2018-01-22,7,42,47
2018-01-23,7,42,51
2018-01-24,7,42,54
2018-01-25,7,42,57
2018-01-26,7,42,60
2018-01-27,7,42,63
2018-01-28,7,42,66
2018-01-29,7,42,47
2018-01-30,7,42,50
2018-01-31,7,42,53
2018-02-01,7,42,59
2018-02-02,7,42,62
2018-02-03,7,42,65
2018-02-04,7,42,68
2018-02-05,7,42,49
2018-02-06,7,42,52
2018-02-07,7,42,55
2018-02-08,7,42,58
2018-02-09,7,42,61
2018-02-10,7,42,65
2018-02-11,7,42,68
2018-02-12,7,42,49
2018-02-13,7,42,52
2018-02-14,7,42,55
2018-02-15,7,42,58
2018-02-16,7,42,61
2018-02-17,7,42,64
2018-02-18,7,42,68
2018-02-19,7,42,48
2018-02-20,7,42,51
2018-02-21,7,42,55
2018-02-22,7,42,58
2018-02-23,7,42,61
2018-02-24,7,42,64
2018-02-25,7,42,67
2018-02-26,7,42,48
2018-02-27,7,42,51
2018-02-28,7,42,54
2018-03-01,7,42,59
2018-03-02,7,42,63
2018-03-03,7,42,66
2018-03-04,7,42,69
2018-03-05,7,42,50
2018-03-06,7,42,53
2018-03-07,7,42,56
2018-03-08,7,42,59
2018-03-09,7,42,62
2018-03-10,7,42,65
2018-03-11,7,42,69
2018-03-12,7,42,49
2018-03-13,7,42,53
2018-03-14,7,42,56
2018-03-15,7,42,59
2018-03-16,7,42,62
2018-03-17,7,42,65
2018-03-18,7,42,68
2018-03-19,7,42,49
2018-03-20,7,42,52
2018-03-21,7,42,55
2018-03-22,7,42,59
2018-03-23,7,42,62
2018-03-24,7,42,65
2018-03-25,7,42,68
2018-03-26,7,42,49
2018-03-27,7,42,52
2018-03-28,7,42,55
2018-03-29,7,42,58
2018-03-30,7,42,61
2018-03-31,7,42,65
2018-01-01,8,42,48
2018-01-02,8,42,51
2018-01-03,8,42,55
2018-01-04,8,42,58
2018-01-05,8,42,61
2018-01-06,8,42,64
2018-01-07,8,42,67
2018-01-08,8,42,48
2018-01-09,8,42,51
2018-01-10,8,42,54
2018-01-11,8,42,57
2018-01-12,8,42,61
2018-01-13,8,42,64
2018-01-14,8,42,67
2018-01-15,8,42,48
2018-01-16,8,42,51
2018-01-17,8,42,54
2018-01-18,8,42,57
2018-01-19,8,42,60
2018-01-20,8,42,63
2018-01-21,8,42,67
2018-01-22,8,42,47
2018-01-23,8,42,51
2018-01-24,8,42,54
2018-01-25,8,42,57
2018-01-26,8,42,60
2018-01-27,8,42,63
2018-01-28,8,42,66
2018-01-29,8,42,47
2018-01-30,8,42,50
2018-01-31,8,42,53
2018-02-01,8,42,59
2018-02-02,8,42,62
2018-02-03,8,42,65
2018-02-04,8,42,68
2018-02-05,8,42,49
2018-02-06,8,42,52
2018-02-07,8,42,55
2018-02-08,8,42,58
2018-02-09,8,42,61
2018-02-10,8,42,65
2018-02-11,8,42,68
2018-02-12,8,42,48
2018-02-13,8,42,52
2018-02-14,8,42,55
2018-02-15,8,42,58
2018-02-16,8,42,61
2018-02-17,8,42,64
2018-02-18,8,42,67
2018-02-19,8,42,48
2018-02-20,8,42,51
2018-02-21,8,42,55
2018-02-22,8,42,58
2018-02-23,8,42,61
2018-02-24,8,42,64
2018-02-25,8,42,67
2018-02-26,8,42,48
2018-02-27,8,42,51
2018-02-28,8,42,54
2018-03-01,8,42,59
2018-03-02,8,42,62
2018-03-03,8,42,66
2018-03-04,8,42,69
2018-03-05,8,42,50
2018-03-06,8,42,53
2018-03-07,8,42,56
2018-03-08,8,42,59
2018-03-09,8,42,62
2018-03-10,8,42,65
2018-03-11,8,42,69
2018-03-12,8,42,49
2018-03-13,8,42,52
2018-03-14,8,42,56
2018-03-15,8,42,59
2018-03-16,8,42,62
2018-03-17,8,42,65
2018-03-18,8,42,68
2018-03-19,8,42,49
2018-03-20,8,42,52
2018-03-21,8,42,55
2018-03-22,8,42,59
2018-03-23,8,42,62
2018-03-24,8,42,65
2018-03-25,8,42,68
2018-03-26,8,42,49
2018-03-27,8,42,52
2018-03-28,8,42,55
2018-03-29,8,42,58
2018-03-30,8,42,61
2018-03-31,8,42,65
2018-01-01,9,42,48
2018-01-02,9,42,51
2018-01-03,9,42,54
2018-01-04,9,42,58
2018-01-05,9,42,61
2018-01-06,9,42,64
2018-01-07,9,42,67
2018-01-08,9,42,48
2018-01-09,9,42,51
2018-01-10,9,42,54
2018-01-11,9,42,57
2018-01-12,9,42,60
2018-01-13,9,42,64
2018-01-14,9,42,67
2018-01-15,9,42,48
2018-01-16,9,42,51
2018-01-17,9,42,54
2018-01-18,9,42,57
2018-01-19,9,42,60
2018-01-20,9,42,63
2018-01-21,9,42,67
2018-01-22,9,42,47
2018-01-23,9,42,50
2018-01-24,9,42,54
2018-01-25,9,42,57
2018-01-26,9,42,60
2018-01-27,9,42,63
2018-01-28,9,42,66
2018-01-29,9,42,47
2018-01-30,9,42,50
2018-01-31,9,42,53
2018-02-01,9,42,58
2018-02-02,9,42,62
2018-02-03,9,42,65
2018-02-04,9,42,68
2018-02-05,9,42,49
2018-02-06,9,42,52
2018-02-07,9,42,55
2018-02-08,9,42,58
2018-02-09,9,42,61
2018-02-10,9,42,64
2018-02-11,9,42,68
2018-02-12,9,42,48
2018-02-13,9,42,52
2018-02-14,9,42,55
2018-02-15,9,42,58
2018-02-16,9,42,61
2018-02-17,9,42,64
2018-02-18,9,42,67
2018-02-19,9,42,48
2018-02-20,9,42,51
2018-02-21,9,42,54
2018-02-22,9,42,58
2018-02-23,9,42,61
2018-02-24,9,42,64
2018-02-25,9,42,67
2018-02-26,9,42,48
2018-02-27,9,42,51
2018-02-28,9,42,54
2018-03-01,9,42,59
2018-03-02,9,42,62
2018-03-03,9,42,66
2018-03-04,9,42,69
2018-03-05,9,42,49
2018-03-06,9,42,53
2018-03-07,9,42,56
2018-03-08,9,42,59
2018-03-09,9,42,62
2018-03-10,9,42,65
2018-03-11,9,42,68
2018-03-12,9,42,49
2018-03-13,9,42,52
2018-03-14,9,42,56
2018-03-15,9,42,59
2018-03-16,9,42,62
2018-03-17,9,42,65
2018-03-18,9,42,68
2018-03-19,9,42,49
2018-03-20,9,42,52
2018-03-21,9,42,55
2018-03-22,9,42,58
2018-03-23,9,42,62
2018-03-24,9,42,65
2018-03-25,9,42,68
2018-03-26,9,42,49
2018-03-27,9,42,52
2018-03-28,9,42,55
2018-03-29,9,42,58
2018-03-30,9,42,61
2018-03-31,9,42,65
2018-01-01,10,42,48
2018-01-02,10,42,51
2018-01-03,10,42,54
2018-01-04,10,42,58
2018-01-05,10,42,61
2018-01-06,10,42,64
2018-01-07,10,42,67
2018-01-08,10,42,48
2018-01-09,10,42,51
2018-01-10,10,42,54
2018-01-11,10,42,57
2018-01-12,10,42,60
2018-01-13,10,42,64
2018-01-14,10,42,67
2018-01-15,10,42,47
2018-01-16,10,42,51
2018-01-17,10,42,54
2018-01-18,10,42,57
2018-01-19,10,42,60
2018-01-20,10,42,63
2018-01-21,10,42,66
2018-01-22,10,42,47
2018-01-23,10,42,50
2018-01-24,10,42,54
2018-01-25,10,42,57
2018-01-26,10,42,60
2018-01-27,10,42,63
2018-01-28,10,42,66
2018-01-29,10,42,47
2018-01-30,10,42,50
2018-01-31,10,42,53
2018-02-01,10,42,58
2018-02-02,10,42,62
2018-02-03,10,42,65
2018-02-04,10,42,68
2018-02-05,10,42,49
2018-02-06,10,42,52
2018-02-07,10,42,55
2018-02-08,10,42,58
2018-02-09,10,42,61
2018-02-10,10,42,64
2018-02-11,10,42,68
2018-02-12,10,42,48
2018-02-13,10,42,51
2018-02-14,10,42,55
2018-02-15,10,42,58
2018-02-16,10,42,61
2018-02-17,10,42,64
2018-02-18,10,42,67
2018-02-19,10,42,48
2018-02-20,10,42,51
2018-02-21,10,42,54
2018-02-22,10,42,58
2018-02-23,10,42,61
2018-02-24,10,42,64
2018-02-25,10,42,67
2018-02-26,10,42,48
2018-02-27,10,42,51
2018-02-28,10,42,54
2018-03-01,10,42,59
2018-03-02,10,42,62
2018-03-03,10,42,66
2018-03-04,10,42,69
2018-03-05,10,42,49
2018-03-06,10,42,53
2018-03-07,10,42,56
2018-03-08,10,42,59
2018-03-09,10,42,62
2018-03-10,10,42,65
2018-03-11,10,42,68
2018-03-12,10,42,49
2018-03-13,10,42,52
2018-03-14,10,42,55
2018-03-15,10,42,59
2018-03-16,10,42,62
2018-03-17,10,42,65
2018-03-18,10,42,68
2018-03-19,10,42,49
2018-03-20,10,42,52
2018-03-21,10,42,55
2018-03-22,10,42,58
2018-03-23,10,42,62
2018-03-24,10,42,65
2018-03-25,10,42,68
2018-03-26,10,42,49
2018-03-27,10,42,52
2018-03-28,10,42,55
2018-03-29,10,42,58
2018-03-30,10,42,61
2018-03-31,10,42,64
2018-01-01,1,43,49
2018-01-02,1,43,52
2018-01-03,1,43,55
2018-01-04,1,43,58
2018-01-05,1,43,61
2018-01-06,1,43,64
2018-01-07,1,43,68
2018-01-08,1,43,48
2018-01-09,1,43,51
2018-01-10,1,43,55
2018-01-11,1,43,58
2018-01-12,1,43,61
2018-01-13,1,43,64
2018-01-14,1,43,67
2018-01-15,1,43,48
2018-01-16,1,43,51
2018-01-17,1,43,54
2018-01-18,1,43,58
2018-01-19,1,43,61
2018-01-20,1,43,64
2018-01-21,1,43,67
2018-01-22,1,43,48
2018-01-23,1,43,51
2018-01-24,1,43,54
2018-01-25,1,43,57
2018-01-26,1,43,60
2018-01-27,1,43,64
2018-01-28,1,43,67
2018-01-29,1,43,48
2018-01-30,1,43,51
2018-01-31,1,43,54
2018-02-01,1,43,59
2018-02-02,1,43,62
2018-02-03,1,43,65
2018-02-04,1,43,68
2018-02-05,1,43,49
2018-02-06,1,43,52
2018-02-07,1,43,55
2018-02-08,1,43,59
2018-02-09,1,43,62
2018-02-10,1,43,65
2018-02-11,1,43,68
2018-02-12,1,43,49
2018-02-13,1,43,52
2018-02-14,1,43,55
2018-02-15,1,43,58
2018-02-16,1,43,62
2018-02-17,1,43,65
2018-02-18,1,43,68
2018-02-19,1,43,49
2018-02-20,1,43,52
2018-02-21,1,43,55
2018-02-22,1,43,58
2018-02-23,1,43,61
2018-02-24,1,43,64
2018-02-25,1,43,68
2018-02-26,1,43,48
2018-02-27,1,43,52
2018-02-28,1,43,55
2018-03-01,1,43,60
2018-03-02,1,43,63
2018-03-03,1,43,66
2018-03-04,1,43,69
2018-03-05,1,43,50
2018-03-06,1,43,53
2018-03-07,1,43,56
2018-03-08,1,43,59
2018-03-09,1,43,63
2018-03-10,1,43,66
2018-03-11,1,43,69
2018-03-12,1,43,50
2018-03-13,1,43,53
2018-03-14,1,43,56
2018-03-15,1,43,59
2018-03-16,1,43,62
2018-03-17,1,43,66
2018-03-18,1,43,69
2018-03-19,1,43,49
2018-03-20,1,43,53
2018-03-21,1,43,56
2018-03-22,1,43,59
2018-03-23,1,43,62
2018-03-24,1,43,65
2018-03-25,1,43,68
2018-03-26,1,43,49
2018-03-27,1,43,52
2018-03-28,1,43,56
2018-03-29,1,43,59
2018-03-30,1,43,62
2018-03-31,1,43,65
2018-01-01,2,43,49
2018-01-02,2,43,52
2018-01-03,2,43,55
2018-01-04,2,43,58
2018-01-05,2,43,61
2018-01-06,2,43,64
2018-01-07,2,43,68
2018-01-08,2,43,48
2018-01-09,2,43,51
2018-01-10,2,43,55
2018-01-11,2,43,58
2018-01-12,2,43,61
2018-01-13,2,43,64
2018-01-14,2,43,67
2018-01-15,2,43,48
2018-01-16,2,43,51
2018-01-17,2,43,54
2018-01-18,2,43,57
2018-01-19,2,43,61
2018-01-20,2,43,64
2018-01-21,2,43,67
2018-01-22,2,43,48
2018-01-23,2,43,51
2018-01-24,2,43,54
2018-01-25,2,43,57
2018-01-26,2,43,60
2018-01-27,2,43,64
2018-01-28,2,43,67
2018-01-29,2,43,47
2018-01-30,2,43,51
2018-01-31,2,43,54
2018-02-01,2,43,59
2018-02-02,2,43,62
2018-02-03,2,43,65
2018-02-04,2,43,68
2018-02-05,2,43,49
2018-02-06,2,43,52
2018-02-07,2,43,55
2018-02-08,2,43,59
2018-02-09,2,43,62
2018-02-10,2,43,65
2018-02-11,2,43,68
2018-02-12,2,43,49
2018-02-13,2,43,52
2018-02-14,2,43,55
2018-02-15,2,43,58
2018-02-16,2,43,61
2018-02-17,2,43,65
2018-02-18,2,43,68
2018-02-19,2,43,49
2018-02-20,2,43,52
2018-02-21,2,43,55
2018-02-22,2,43,58
2018-02-23,2,43,61
2018-02-24,2,43,64
2018-02-25,2,43,68
2018-02-26,2,43,48
2018-02-27,2,43,51
2018-02-28,2,43,55
2018-03-01,2,43,60
2018-03-02,2,43,63
2018-03-03,2,43,66
2018-03-04,2,43,69
2018-03-05,2,43,50
2018-03-06,2,43,53
2018-03-07,2,43,56
2018-03-08,2,43,59
2018-03-09,2,43,63
2018-03-10,2,43,66
2018-03-11,2,43,69
2018-03-12,2,43,50
2018-03-13,2,43,53
2018-03-14,2,43,56
2018-03-15,2,43,59
2018-03-16,2,43,62
2018-03-17,2,43,65
2018-03-18,2,43,69
2018-03-19,2,43,49
2018-03-20,2,43,53
2018-03-21,2,43,56
2018-03-22,2,43,59
2018-03-23,2,43,62
2018-03-24,2,43,65
2018-03-25,2,43,68
2018-03-26,2,43,49
2018-03-27,2,43,52
2018-03-28,2,43,55
2018-03-29,2,43,59
2018-03-30,2,43,62
2018-03-31,2,43,65
2018-01-01,3,43,48
2018-01-02,3,43,52
2018-01-03,3,43,55
2018-01-04,3,43,58
2018-01-05,3,43,61
2018-01-06,3,43,64
2018-01-07,3,43,67
2018-01-08,3,43,48
2018-01-09,3,43,51
2018-01-10,3,43,55
2018-01-11,3,43,58
2018-01-12,3,43,61
2018-01-13,3,43,64
2018-01-14,3,43,67
2018-01-15,3,43,48
2018-01-16,3,43,51
2018-01-17,3,43,54
2018-01-18,3,43,57
2018-01-19,3,43,61
2018-01-20,3,43,64
2018-01-21,3,43,67
2018-01-22,3,43,48
2018-01-23,3,43,51
2018-01-24,3,43,54
2018-01-25,3,43,57
2018-01-26,3,43,60
2018-01-27,3,43,63
2018-01-28,3,43,67
2018-01-29,3,43,47
2018-01-30,3,43,51
2018-01-31,3,43,54
2018-02-01,3,43,59
2018-02-02,3,43,62
2018-02-03,3,43,65
2018-02-04,3,43,68
2018-02-05,3,43,49
2018-02-06,3,43,52
2018-02-07,3,43,55
2018-02-08,3,43,59
2018-02-09,3,43,62
2018-02-10,3,43,65
2018-02-11,3,43,68
2018-02-12,3,43,49
2018-02-13,3,43,52
2018-02-14,3,43,55
2018-02-15,3,43,58
2018-02-16,3,43,61
2018-02-17,3,43,65
2018-02-18,3,43,68
2018-02-19,3,43,48
2018-02-20,3,43,52
2018-02-21,3,43,55
2018-02-22,3,43,58
2018-02-23,3,43,61
2018-02-24,3,43,64
2018-02-25,3,43,67
2018-02-26,3,43,48
2018-02-27,3,43,51
2018-02-28,3,43,55
2018-03-01,3,43,60
2018-03-02,3,43,63
2018-03-03,3,43,66
2018-03-04,3,43,69
2018-03-05,3,43,50
2018-03-06,3,43,53
2018-03-07,3,43,56
2018-03-08,3,43,59
2018-03-09,3,43,63
2018-03-10,3,43,66
2018-03-11,3,43,69
2018-03-12,3,43,50
2018-03-13,3,43,53
2018-03-14,3,43,56
2018-03-15,3,43,59
2018-03-16,3,43,62
2018-03-17,3,43,65
2018-03-18,3,43,69
2018-03-19,3,43,49
2018-03-20,3,43,52
2018-03-21,3,43,56
2018-03-22,3,43,59
2018-03-23,3,43,62
2018-03-24,3,43,65
2018-03-25,3,43,68
2018-03-26,3,43,49
2018-03-27,3,43,52
2018-03-28,3,43,55
2018-03-29,3,43,59
2018-03-30,3,43,62
2018-03-31,3,43,65
2018-01-01,4,43,48
2018-01-02,4,43,52
2018-01-03,4,43,55
2018-01-04,4,43,58
2018-01-05,4,43,61
2018-01-06,4,43,64
2018-01-07,4,43,67
2018-01-08,4,43,48
2018-01-09,4,43,51
2018-01-10,4,43,54
2018-01-11,4,43,58
2018-01-12,4,43,61
2018-01-13,4,43,64
2018-01-14,4,43,67
2018-01-15,4,43,48
2018-01-16,4,43,51
2018-01-17,4,43,54
2018-01-18,4,43,57
2018-01-19,4,43,60
2018-01-20,4,43,64
2018-01-21,4,43,67
2018-01-22,4,43,48
2018-01-23,4,43,51
2018-01-24,4,43,54
2018-01-25,4,43,57
2018-01-26,4,43,60
2018-01-27,4,43,63
2018-01-28,4,43,67
2018-01-29,4,43,47
2018-01-30,4,43,50
2018-01-31,4,43,54
2018-02-01,4,43,59
2018-02-02,4,43,62
2018-02-03,4,43,65
2018-02-04,4,43,68
2018-02-05,4,43,49
2018-02-06,4,43,52
2018-02-07,4,43,55
2018-02-08,4,43,58
2018-02-09,4,43,62
2018-02-10,4,43,65
2018-02-11,4,43,68
2018-02-12,4,43,49
2018-02-13,4,43,52
2018-02-14,4,43,55
2018-02-15,4,43,58
2018-02-16,4,43,61
2018-02-17,4,43,64
2018-02-18,4,43,68
2018-02-19,4,43,48
2018-02-20,4,43,52
2018-02-21,4,43,55
2018-02-22,4,43,58
2018-02-23,4,43,61
2018-02-24,4,43,64
2018-02-25,4,43,67
2018-02-26,4,43,48
2018-02-27,4,43,51
2018-02-28,4,43,54
2018-03-01,4,43,60
2018-03-02,4,43,63
2018-03-03,4,43,66
2018-03-04,4,43,69
2018-03-05,4,43,50
2018-03-06,4,43,53
2018-03-07,4,43,56
2018-03-08,4,43,59
2018-03-09,4,43,62
2018-03-10,4,43,66
2018-03-11,4,43,69
2018-03-12,4,43,49
2018-03-13,4,43,53
2018-03-14,4,43,56
2018-03-15,4,43,59
2018-03-16,4,43,62
2018-03-17,4,43,65
2018-03-18,4,43,68
2018-03-19,4,43,49
2018-03-20,4,43,52
2018-03-21,4,43,56
2018-03-22,4,43,59
2018-03-23,4,43,62
2018-03-24,4,43,65
2018-03-25,4,43,68
2018-03-26,4,43,49
2018-03-27,4,43,52
2018-03-28,4,43,55
2018-03-29,4,43,58
2018-03-30,4,43,62
2018-03-31,4,43,65
2018-01-01,5,43,48
2018-01-02,5,43,51
2018-01-03,5,43,55
2018-01-04,5,43,58
2018-01-05,5,43,61
2018-01-06,5,43,64
2018-01-07,5,43,67
2018-01-08,5,43,48
2018-01-09,5,43,51
2018-01-10,5,43,54
2018-01-11,5,43,58
2018-01-12,5,43,61
2018-01-13,5,43,64
2018-01-14,5,43,67
2018-01-15,5,43,48
2018-01-16,5,43,51
2018-01-17,5,43,54
2018-01-18,5,43,57
2018-01-19,5,43,60
2018-01-20,5,43,64
2018-01-21,5,43,67
2018-01-22,5,43,47
2018-01-23,5,43,51
2018-01-24,5,43,54
2018-01-25,5,43,57
2018-01-26,5,43,60
2018-01-27,5,43,63
2018-01-28,5,43,66
2018-01-29,5,43,47
2018-01-30,5,43,50
2018-01-31,5,43,54
2018-02-01,5,43,59
2018-02-02,5,43,62
2018-02-03,5,43,65
2018-02-04,5,43,68
2018-02-05,5,43,49
2018-02-06,5,43,52
2018-02-07,5,43,55
2018-02-08,5,43,58
2018-02-09,5,43,62
2018-02-10,5,43,65
2018-02-11,5,43,68
2018-02-12,5,43,49
2018-02-13,5,43,52
2018-02-14,5,43,55
2018-02-15,5,43,58
2018-02-16,5,43,61
2018-02-17,5,43,64
2018-02-18,5,43,68
2018-02-19,5,43,48
2018-02-20,5,43,51
2018-02-21,5,43,55
2018-02-22,5,43,58
2018-02-23,5,43,61
2018-02-24,5,43,64
2018-02-25,5,43,67
2018-02-26,5,43,48
2018-02-27,5,43,51
2018-02-28,5,43,54
2018-03-01,5,43,59
2018-03-02,5,43,63
2018-03-03,5,43,66
2018-03-04,5,43,69
2018-03-05,5,43,50
2018-03-06,5,43,53
2018-03-07,5,43,56
2018-03-08,5,43,59
2018-03-09,5,43,62
2018-03-10,5,43,66
2018-03-11,5,43,69
2018-03-12,5,43,49
2018-03-13,5,43,53
2018-03-14,5,43,56
2018-03-15,5,43,59
2018-03-16,5,43,62
2018-03-17,5,43,65
2018-03-18,5,43,68
2018-03-19,5,43,49
2018-03-20,5,43,52
2018-03-21,5,43,55
2018-03-22,5,43,59
2018-03-23,5,43,62
2018-03-24,5,43,65
2018-03-25,5,43,68
2018-03-26,5,43,49
2018-03-27,5,43,52
2018-03-28,5,43,55
2018-03-29,5,43,58
2018-03-30,5,43,62
2018-03-31,5,43,65
2018-01-01,6,43,48
2018-01-02,6,43,51
2018-01-03,6,43,55
2018-01-04,6,43,58
2018-01-05,6,43,61
2018-01-06,6,43,64
2018-01-07,6,43,67
2018-01-08,6,43,48
2018-01-09,6,43,51
2018-01-10,6,43,54
2018-01-11,6,43,57
2018-01-12,6,43,61
2018-01-13,6,43,64
2018-01-14,6,43,67
2018-01-15,6,43,48
2018-01-16,6,43,51
2018-01-17,6,43,54
2018-01-18,6,43,57
2018-01-19,6,43,60
2018-01-20,6,43,64
2018-01-21,6,43,67
2018-01-22,6,43,47
2018-01-23,6,43,51
2018-01-24,6,43,54
2018-01-25,6,43,57
2018-01-26,6,43,60
2018-01-27,6,43,63
2018-01-28,6,43,66
2018-01-29,6,43,47
2018-01-30,6,43,50
2018-01-31,6,43,53
2018-02-01,6,43,59
2018-02-02,6,43,62
2018-02-03,6,43,65
2018-02-04,6,43,68
2018-02-05,6,43,49
2018-02-06,6,43,52
2018-02-07,6,43,55
2018-02-08,6,43,58
2018-02-09,6,43,61
2018-02-10,6,43,65
2018-02-11,6,43,68
2018-02-12,6,43,49
2018-02-13,6,43,52
2018-02-14,6,43,55
2018-02-15,6,43,58
2018-02-16,6,43,61
2018-02-17,6,43,64
2018-02-18,6,43,68
2018-02-19,6,43,48
2018-02-20,6,43,51
2018-02-21,6,43,55
2018-02-22,6,43,58
2018-02-23,6,43,61
2018-02-24,6,43,64
2018-02-25,6,43,67
2018-02-26,6,43,48
2018-02-27,6,43,51
2018-02-28,6,43,54
2018-03-01,6,43,59
2018-03-02,6,43,63
2018-03-03,6,43,66
2018-03-04,6,43,69
2018-03-05,6,43,50
2018-03-06,6,43,53
2018-03-07,6,43,56
2018-03-08,6,43,59
2018-03-09,6,43,62
2018-03-10,6,43,65
2018-03-11,6,43,69
2018-03-12,6,43,49
2018-03-13,6,43,52
2018-03-14,6,43,56
2018-03-15,6,43,59
2018-03-16,6,43,62
2018-03-17,6,43,65
2018-03-18,6,43,68
2018-03-19,6,43,49
2018-03-20,6,43,52
2018-03-21,6,43,55
2018-03-22,6,43,59
2018-03-23,6,43,62
2018-03-24,6,43,65
2018-03-25,6,43,68
2018-03-26,6,43,49
2018-03-27,6,43,52
2018-03-28,6,43,55
2018-03-29,6,43,58
2018-03-30,6,43,61
2018-03-31,6,43,65
2018-01-01,7,43,48
2018-01-02,7,43,51
2018-01-03,7,43,54
2018-01-04,7,43,58
2018-01-05,7,43,61
2018-01-06,7,43,64
2018-01-07,7,43,67
2018-01-08,7,43,48
2018-01-09,7,43,51
2018-01-10,7,43,54
2018-01-11,7,43,57
2018-01-12,7,43,61
2018-01-13,7,43,64
2018-01-14,7,43,67
2018-01-15,7,43,48
2018-01-16,7,43,51
2018-01-17,7,43,54
2018-01-18,7,43,57
2018-01-19,7,43,60
2018-01-20,7,43,63
2018-01-21,7,43,67
2018-01-22,7,43,47
2018-01-23,7,43,50
2018-01-24,7,43,54
2018-01-25,7,43,57
2018-01-26,7,43,60
2018-01-27,7,43,63
2018-01-28,7,43,66
2018-01-29,7,43,47
2018-01-30,7,43,50
2018-01-31,7,43,53
2018-02-01,7,43,58
2018-02-02,7,43,62
2018-02-03,7,43,65
2018-02-04,7,43,68
2018-02-05,7,43,49
2018-02-06,7,43,52
2018-02-07,7,43,55
2018-02-08,7,43,58
2018-02-09,7,43,61
2018-02-10,7,43,65
2018-02-11,7,43,68
2018-02-12,7,43,48
2018-02-13,7,43,52
2018-02-14,7,43,55
2018-02-15,7,43,58
2018-02-16,7,43,61
2018-02-17,7,43,64
2018-02-18,7,43,67
2018-02-19,7,43,48
2018-02-20,7,43,51
2018-02-21,7,43,54
2018-02-22,7,43,58
2018-02-23,7,43,61
2018-02-24,7,43,64
2018-02-25,7,43,67
2018-02-26,7,43,48
2018-02-27,7,43,51
2018-02-28,7,43,54
2018-03-01,7,43,59
2018-03-02,7,43,62
2018-03-03,7,43,66
2018-03-04,7,43,69
2018-03-05,7,43,50
2018-03-06,7,43,53
2018-03-07,7,43,56
2018-03-08,7,43,59
2018-03-09,7,43,62
2018-03-10,7,43,65
2018-03-11,7,43,69
2018-03-12,7,43,49
2018-03-13,7,43,52
2018-03-14,7,43,56
2018-03-15,7,43,59
2018-03-16,7,43,62
2018-03-17,7,43,65
2018-03-18,7,43,68
2018-03-19,7,43,49
2018-03-20,7,43,52
2018-03-21,7,43,55
2018-03-22,7,43,58
2018-03-23,7,43,62
2018-03-24,7,43,65
2018-03-25,7,43,68
2018-03-26,7,43,49
2018-03-27,7,43,52
2018-03-28,7,43,55
2018-03-29,7,43,58
2018-03-30,7,43,61
2018-03-31,7,43,65
2018-01-01,8,43,48
2018-01-02,8,43,51
2018-01-03,8,43,54
2018-01-04,8,43,58
2018-01-05,8,43,61
2018-01-06,8,43,64
2018-01-07,8,43,67
2018-01-08,8,43,48
2018-01-09,8,43,51
2018-01-10,8,43,54
2018-01-11,8,43,57
2018-01-12,8,43,60
2018-01-13,8,43,64
2018-01-14,8,43,67
2018-01-15,8,43,48
2018-01-16,8,43,51
2018-01-17,8,43,54
2018-01-18,8,43,57
2018-01-19,8,43,60
2018-01-20,8,43,63
2018-01-21,8,43,67
2018-01-22,8,43,47
2018-01-23,8,43,50
2018-01-24,8,43,54
2018-01-25,8,43,57
2018-01-26,8,43,60
2018-01-27,8,43,63
2018-01-28,8,43,66
2018-01-29,8,43,47
2018-01-30,8,43,50
2018-01-31,8,43,53
2018-02-01,8,43,58
2018-02-02,8,43,62
2018-02-03,8,43,65
2018-02-04,8,43,68
2018-02-05,8,43,49
2018-02-06,8,43,52
2018-02-07,8,43,55
2018-02-08,8,43,58
2018-02-09,8,43,61
2018-02-10,8,43,64
2018-02-11,8,43,68
2018-02-12,8,43,48
2018-02-13,8,43,52
2018-02-14,8,43,55
2018-02-15,8,43,58
2018-02-16,8,43,61
2018-02-17,8,43,64
2018-02-18,8,43,67
2018-02-19,8,43,48
2018-02-20,8,43,51
2018-02-21,8,43,54
2018-02-22,8,43,58
2018-02-23,8,43,61
2018-02-24,8,43,64
2018-02-25,8,43,67
2018-02-26,8,43,48
2018-02-27,8,43,51
2018-02-28,8,43,54
2018-03-01,8,43,59
2018-03-02,8,43,62
2018-03-03,8,43,66
2018-03-04,8,43,69
2018-03-05,8,43,49
2018-03-06,8,43,53
2018-03-07,8,43,56
2018-03-08,8,43,59
2018-03-09,8,43,62
2018-03-10,8,43,65
2018-03-11,8,43,68
2018-03-12,8,43,49
2018-03-13,8,43,52
2018-03-14,8,43,56
2018-03-15,8,43,59
2018-03-16,8,43,62
2018-03-17,8,43,65
2018-03-18,8,43,68
2018-03-19,8,43,49
2018-03-20,8,43,52
2018-03-21,8,43,55
2018-03-22,8,43,58
2018-03-23,8,43,62
2018-03-24,8,43,65
2018-03-25,8,43,68
2018-03-26,8,43,49
2018-03-27,8,43,52
2018-03-28,8,43,55
2018-03-29,8,43,58
2018-03-30,8,43,61
2018-03-31,8,43,64
2018-01-01,9,43,48
2018-01-02,9,43,51
2018-01-03,9,43,54
2018-01-04,9,43,57
2018-01-05,9,43,61
2018-01-06,9,43,64
2018-01-07,9,43,67
2018-01-08,9,43,48
2018-01-09,9,43,51
2018-01-10,9,43,54
2018-01-11,9,43,57
2018-01-12,9,43,60
2018-01-13,9,43,64
2018-01-14,9,43,67
2018-01-15,9,43,47
2018-01-16,9,43,51
2018-01-17,9,43,54
2018-01-18,9,43,57
2018-01-19,9,43,60
2018-01-20,9,43,63
2018-01-21,9,43,66
2018-01-22,9,43,47
2018-01-23,9,43,50
2018-01-24,9,43,54
2018-01-25,9,43,57
2018-01-26,9,43,60
2018-01-27,9,43,63
2018-01-28,9,43,66
2018-01-29,9,43,47
2018-01-30,9,43,50
2018-01-31,9,43,53
2018-02-01,9,43,58
2018-02-02,9,43,61
2018-02-03,9,43,65
2018-02-04,9,43,68
2018-02-05,9,43,49
2018-02-06,9,43,52
2018-02-07,9,43,55
2018-02-08,9,43,58
2018-02-09,9,43,61
2018-02-10,9,43,64
2018-02-11,9,43,68
2018-02-12,9,43,48
2018-02-13,9,43,51
2018-02-14,9,43,55
2018-02-15,9,43,58
2018-02-16,9,43,61
2018-02-17,9,43,64
2018-02-18,9,43,67
2018-02-19,9,43,48
2018-02-20,9,43,51
2018-02-21,9,43,54
2018-02-22,9,43,58
2018-02-23,9,43,61
2018-02-24,9,43,64
2018-02-25,9,43,67
2018-02-26,9,43,48
2018-02-27,9,43,51
2018-02-28,9,43,54
2018-03-01,9,43,59
2018-03-02,9,43,62
2018-03-03,9,43,65
2018-03-04,9,43,69
2018-03-05,9,43,49
2018-03-06,9,43,53
2018-03-07,9,43,56
2018-03-08,9,43,59
2018-03-09,9,43,62
2018-03-10,9,43,65
2018-03-11,9,43,68
2018-03-12,9,43,49
2018-03-13,9,43,52
2018-03-14,9,43,55
2018-03-15,9,43,59
2018-03-16,9,43,62
2018-03-17,9,43,65
2018-03-18,9,43,68
2018-03-19,9,43,49
2018-03-20,9,43,52
2018-03-21,9,43,55
2018-03-22,9,43,58
2018-03-23,9,43,61
2018-03-24,9,43,65
2018-03-25,9,43,68
2018-03-26,9,43,49
2018-03-27,9,43,52
2018-03-28,9,43,55
2018-03-29,9,43,58
2018-03-30,9,43,61
2018-03-31,9,43,64
2018-01-01,10,43,48
2018-01-02,10,43,51
2018-01-03,10,43,54
2018-01-04,10,43,57
2018-01-05,10,43,61
2018-01-06,10,43,64
2018-01-07,10,43,67
2018-01-08,10,43,48
2018-01-09,10,43,51
2018-01-10,10,43,54
2018-01-11,10,43,57
2018-01-12,10,43,60
2018-01-13,10,43,63
2018-01-14,10,43,67
2018-01-15,10,43,47
2018-01-16,10,43,51
2018-01-17,10,43,54
2018-01-18,10,43,57
2018-01-19,10,43,60
2018-01-20,10,43,63
2018-01-21,10,43,66
2018-01-22,10,43,47
2018-01-23,10,43,50
2018-01-24,10,43,53
2018-01-25,10,43,57
2018-01-26,10,43,60
2018-01-27,10,43,63
2018-01-28,10,43,66
2018-01-29,10,43,47
2018-01-30,10,43,50
2018-01-31,10,43,53
2018-02-01,10,43,58
2018-02-02,10,43,61
2018-02-03,10,43,65
2018-02-04,10,43,68
2018-02-05,10,43,48
2018-02-06,10,43,52
2018-02-07,10,43,55
2018-02-08,10,43,58
2018-02-09,10,43,61
2018-02-10,10,43,64
2018-02-11,10,43,67
2018-02-12,10,43,48
2018-02-13,10,43,51
2018-02-14,10,43,55
2018-02-15,10,43,58
2018-02-16,10,43,61
2018-02-17,10,43,64
2018-02-18,10,43,67
2018-02-19,10,43,48
2018-02-20,10,43,51
2018-02-21,10,43,54
2018-02-22,10,43,57
2018-02-23,10,43,61
2018-02-24,10,43,64
2018-02-25,10,43,67
2018-02-26,10,43,48
2018-02-27,10,43,51
2018-02-28,10,43,54
2018-03-01,10,43,59
2018-03-02,10,43,62
2018-03-03,10,43,65
2018-03-04,10,43,69
2018-03-05,10,43,49
2018-03-06,10,43,52
2018-03-07,10,43,56
2018-03-08,10,43,59
2018-03-09,10,43,62
2018-03-10,10,43,65
2018-03-11,10,43,68
2018-03-12,10,43,49
2018-03-13,10,43,52
2018-03-14,10,43,55
2018-03-15,10,43,59
2018-03-16,10,43,62
2018-03-17,10,43,65
2018-03-18,10,43,68
2018-03-19,10,43,49
2018-03-20,10,43,52
2018-03-21,10,43,55
2018-03-22,10,43,58
2018-03-23,10,43,61
2018-03-24,10,43,65
2018-03-25,10,43,68
2018-03-26,10,43,48
2018-03-27,10,43,52
2018-03-28,10,43,55
2018-03-29,10,43,58
2018-03-30,10,43,61
2018-03-31,10,43,64
2018-01-01,1,44,48
2018-01-02,1,44,52
2018-01-03,1,44,55
2018-01-04,1,44,58
2018-01-05,1,44,61
2018-01-06,1,44,64
2018-01-07,1,44,67
2018-01-08,1,44,48
2018-01-09,1,44,51
2018-01-10,1,44,55
2018-01-11,1,44,58
2018-01-12,1,44,61
2018-01-13,1,44,64
2018-01-14,1,44,67
2018-01-15,1,44,48
2018-01-16,1,44,51
2018-01-17,1,44,54
2018-01-18,1,44,57
2018-01-19,1,44,61
2018-01-20,1,44,64
2018-01-21,1,44,67
2018-01-22,1,44,48
2018-01-23,1,44,51
2018-01-24,1,44,54
2018-01-25,1,44,57
2018-01-26,1,44,60
2018-01-27,1,44,64
2018-01-28,1,44,67
2018-01-29,1,44,47
2018-01-30,1,44,51
2018-01-31,1,44,54
2018-02-01,1,44,59
2018-02-02,1,44,62
2018-02-03,1,44,65
2018-02-04,1,44,68
2018-02-05,1,44,49
2018-02-06,1,44,52
2018-02-07,1,44,55
2018-02-08,1,44,59
2018-02-09,1,44,62
2018-02-10,1,44,65
2018-02-11,1,44,68
2018-02-12,1,44,49
2018-02-13,1,44,52
2018-02-14,1,44,55
2018-02-15,1,44,58
2018-02-16,1,44,61
2018-02-17,1,44,65
2018-02-18,1,44,68
2018-02-19,1,44,49
2018-02-20,1,44,52
2018-02-21,1,44,55
2018-02-22,1,44,58
2018-02-23,1,44,61
2018-02-24,1,44,64
2018-02-25,1,44,68
2018-02-26,1,44,48
2018-02-27,1,44,51
2018-02-28,1,44,55
2018-03-01,1,44,60
2018-03-02,1,44,63
2018-03-03,1,44,66
2018-03-04,1,44,69
2018-03-05,1,44,50
2018-03-06,1,44,53
2018-03-07,1,44,56
2018-03-08,1,44,59
2018-03-09,1,44,63
2018-03-10,1,44,66
2018-03-11,1,44,69
2018-03-12,1,44,50
2018-03-13,1,44,53
2018-03-14,1,44,56
2018-03-15,1,44,59
2018-03-16,1,44,62
2018-03-17,1,44,65
2018-03-18,1,44,69
2018-03-19,1,44,49
2018-03-20,1,44,53
2018-03-21,1,44,56
2018-03-22,1,44,59
2018-03-23,1,44,62
2018-03-24,1,44,65
2018-03-25,1,44,68
2018-03-26,1,44,49
2018-03-27,1,44,52
2018-03-28,1,44,55
2018-03-29,1,44,59
2018-03-30,1,44,62
2018-03-31,1,44,65
2018-01-01,2,44,48
2018-01-02,2,44,52
2018-01-03,2,44,55
2018-01-04,2,44,58
2018-01-05,2,44,61
2018-01-06,2,44,64
2018-01-07,2,44,67
2018-01-08,2,44,48
2018-01-09,2,44,51
2018-01-10,2,44,54
2018-01-11,2,44,58
2018-01-12,2,44,61
2018-01-13,2,44,64
2018-01-14,2,44,67
2018-01-15,2,44,48
2018-01-16,2,44,51
2018-01-17,2,44,54
2018-01-18,2,44,57
2018-01-19,2,44,61
2018-01-20,2,44,64
2018-01-21,2,44,67
2018-01-22,2,44,48
2018-01-23,2,44,51
2018-01-24,2,44,54
2018-01-25,2,44,57
2018-01-26,2,44,60
2018-01-27,2,44,63
2018-01-28,2,44,67
2018-01-29,2,44,47
2018-01-30,2,44,50
2018-01-31,2,44,54
2018-02-01,2,44,59
2018-02-02,2,44,62
2018-02-03,2,44,65
2018-02-04,2,44,68
2018-02-05,2,44,49
2018-02-06,2,44,52
2018-02-07,2,44,55
2018-02-08,2,44,58
2018-02-09,2,44,62
2018-02-10,2,44,65
2018-02-11,2,44,68
2018-02-12,2,44,49
2018-02-13,2,44,52
2018-02-14,2,44,55
2018-02-15,2,44,58
2018-02-16,2,44,61
2018-02-17,2,44,65
2018-02-18,2,44,68
2018-02-19,2,44,48
2018-02-20,2,44,52
2018-02-21,2,44,55
2018-02-22,2,44,58
2018-02-23,2,44,61
2018-02-24,2,44,64
2018-02-25,2,44,67
2018-02-26,2,44,48
2018-02-27,2,44,51
2018-02-28,2,44,54
2018-03-01,2,44,60
2018-03-02,2,44,63
2018-03-03,2,44,66
2018-03-04,2,44,69
2018-03-05,2,44,50
2018-03-06,2,44,53
2018-03-07,2,44,56
2018-03-08,2,44,59
2018-03-09,2,44,62
2018-03-10,2,44,66
2018-03-11,2,44,69
2018-03-12,2,44,50
2018-03-13,2,44,53
2018-03-14,2,44,56
2018-03-15,2,44,59
2018-03-16,2,44,62
2018-03-17,2,44,65
2018-03-18,2,44,69
2018-03-19,2,44,49
2018-03-20,2,44,52
2018-03-21,2,44,56
2018-03-22,2,44,59
2018-03-23,2,44,62
2018-03-24,2,44,65
2018-03-25,2,44,68
2018-03-26,2,44,49
2018-03-27,2,44,52
2018-03-28,2,44,55
2018-03-29,2,44,58
2018-03-30,2,44,62
2018-03-31,2,44,65
2018-01-01,3,44,48
2018-01-02,3,44,52
2018-01-03,3,44,55
2018-01-04,3,44,58
2018-01-05,3,44,61
2018-01-06,3,44,64
2018-01-07,3,44,67
2018-01-08,3,44,48
2018-01-09,3,44,51
2018-01-10,3,44,54
2018-01-11,3,44,58
2018-01-12,3,44,61
2018-01-13,3,44,64
2018-01-14,3,44,67
2018-01-15,3,44,48
2018-01-16,3,44,51
2018-01-17,3,44,54
2018-01-18,3,44,57
2018-01-19,3,44,60
2018-01-20,3,44,64
2018-01-21,3,44,67
2018-01-22,3,44,48
2018-01-23,3,44,51
2018-01-24,3,44,54
2018-01-25,3,44,57
2018-01-26,3,44,60
2018-01-27,3,44,63
2018-01-28,3,44,67
2018-01-29,3,44,47
2018-01-30,3,44,50
2018-01-31,3,44,54
2018-02-01,3,44,59
2018-02-02,3,44,62
2018-02-03,3,44,65
2018-02-04,3,44,68
2018-02-05,3,44,49
2018-02-06,3,44,52
2018-02-07,3,44,55
2018-02-08,3,44,58
2018-02-09,3,44,62
2018-02-10,3,44,65
2018-02-11,3,44,68
2018-02-12,3,44,49
2018-02-13,3,44,52
2018-02-14,3,44,55
2018-02-15,3,44,58
2018-02-16,3,44,61
2018-02-17,3,44,64
2018-02-18,3,44,68
2018-02-19,3,44,48
2018-02-20,3,44,52
2018-02-21,3,44,55
2018-02-22,3,44,58
2018-02-23,3,44,61
2018-02-24,3,44,64
2018-02-25,3,44,67
2018-02-26,3,44,48
2018-02-27,3,44,51
2018-02-28,3,44,54
2018-03-01,3,44,59
2018-03-02,3,44,63
2018-03-03,3,44,66
2018-03-04,3,44,69
2018-03-05,3,44,50
2018-03-06,3,44,53
2018-03-07,3,44,56
2018-03-08,3,44,59
2018-03-09,3,44,62
2018-03-10,3,44,66
2018-03-11,3,44,69
2018-03-12,3,44,49
2018-03-13,3,44,53
2018-03-14,3,44,56
2018-03-15,3,44,59
2018-03-16,3,44,62
2018-03-17,3,44,65
2018-03-18,3,44,68
2018-03-19,3,44,49
2018-03-20,3,44,52
2018-03-21,3,44,56
2018-03-22,3,44,59
2018-03-23,3,44,62
2018-03-24,3,44,65
2018-03-25,3,44,68
2018-03-26,3,44,49
2018-03-27,3,44,52
2018-03-28,3,44,55
2018-03-29,3,44,58
2018-03-30,3,44,62
2018-03-31,3,44,65
2018-01-01,4,44,48
2018-01-02,4,44,51
2018-01-03,4,44,55
2018-01-04,4,44,58
2018-01-05,4,44,61
2018-01-06,4,44,64
2018-01-07,4,44,67
2018-01-08,4,44,48
2018-01-09,4,44,51
2018-01-10,4,44,54
2018-01-11,4,44,57
2018-01-12,4,44,61
2018-01-13,4,44,64
2018-01-14,4,44,67
2018-01-15,4,44,48
2018-01-16,4,44,51
2018-01-17,4,44,54
2018-01-18,4,44,57
2018-01-19,4,44,60
2018-01-20,4,44,64
2018-01-21,4,44,67
2018-01-22,4,44,47
2018-01-23,4,44,51
2018-01-24,4,44,54
2018-01-25,4,44,57
2018-01-26,4,44,60
2018-01-27,4,44,63
2018-01-28,4,44,66
2018-01-29,4,44,47
2018-01-30,4,44,50
2018-01-31,4,44,54
2018-02-01,4,44,59
2018-02-02,4,44,62
2018-02-03,4,44,65
2018-02-04,4,44,68
2018-02-05,4,44,49
2018-02-06,4,44,52
2018-02-07,4,44,55
2018-02-08,4,44,58
2018-02-09,4,44,61
2018-02-10,4,44,65
2018-02-11,4,44,68
2018-02-12,4,44,49
2018-02-13,4,44,52
2018-02-14,4,44,55
2018-02-15,4,44,58
2018-02-16,4,44,61
2018-02-17,4,44,64
2018-02-18,4,44,68
2018-02-19,4,44,48
2018-02-20,4,44,51
2018-02-21,4,44,55
2018-02-22,4,44,58
2018-02-23,4,44,61
2018-02-24,4,44,64
2018-02-25,4,44,67
2018-02-26,4,44,48
2018-02-27,4,44,51
2018-02-28,4,44,54
2018-03-01,4,44,59
2018-03-02,4,44,63
2018-03-03,4,44,66
2018-03-04,4,44,69
2018-03-05,4,44,50
2018-03-06,4,44,53
2018-03-07,4,44,56
2018-03-08,4,44,59
2018-03-09,4,44,62
2018-03-10,4,44,65
2018-03-11,4,44,69
2018-03-12,4,44,49
2018-03-13,4,44,53
2018-03-14,4,44,56
2018-03-15,4,44,59
2018-03-16,4,44,62
2018-03-17,4,44,65
2018-03-18,4,44,68
2018-03-19,4,44,49
2018-03-20,4,44,52
2018-03-21,4,44,55
2018-03-22,4,44,59
2018-03-23,4,44,62
2018-03-24,4,44,65
2018-03-25,4,44,68
2018-03-26,4,44,49
2018-03-27,4,44,52
2018-03-28,4,44,55
2018-03-29,4,44,58
2018-03-30,4,44,62
2018-03-31,4,44,65
2018-01-01,5,44,48
2018-01-02,5,44,51
2018-01-03,5,44,55
2018-01-04,5,44,58
2018-01-05,5,44,61
2018-01-06,5,44,64
2018-01-07,5,44,67
2018-01-08,5,44,48
2018-01-09,5,44,51
2018-01-10,5,44,54
2018-01-11,5,44,57
2018-01-12,5,44,61
2018-01-13,5,44,64
2018-01-14,5,44,67
2018-01-15,5,44,48
2018-01-16,5,44,51
2018-01-17,5,44,54
2018-01-18,5,44,57
2018-01-19,5,44,60
2018-01-20,5,44,63
2018-01-21,5,44,67
2018-01-22,5,44,47
2018-01-23,5,44,51
2018-01-24,5,44,54
2018-01-25,5,44,57
2018-01-26,5,44,60
2018-01-27,5,44,63
2018-01-28,5,44,66
2018-01-29,5,44,47
2018-01-30,5,44,50
2018-01-31,5,44,53
2018-02-01,5,44,59
2018-02-02,5,44,62
2018-02-03,5,44,65
2018-02-04,5,44,68
2018-02-05,5,44,49
2018-02-06,5,44,52
2018-02-07,5,44,55
2018-02-08,5,44,58
2018-02-09,5,44,61
2018-02-10,5,44,65
2018-02-11,5,44,68
2018-02-12,5,44,48
2018-02-13,5,44,52
2018-02-14,5,44,55
2018-02-15,5,44,58
2018-02-16,5,44,61
2018-02-17,5,44,64
2018-02-18,5,44,67
2018-02-19,5,44,48
2018-02-20,5,44,51
2018-02-21,5,44,55
2018-02-22,5,44,58
2018-02-23,5,44,61
2018-02-24,5,44,64
2018-02-25,5,44,67
2018-02-26,5,44,48
2018-02-27,5,44,51
2018-02-28,5,44,54
2018-03-01,5,44,59
2018-03-02,5,44,63
2018-03-03,5,44,66
2018-03-04,5,44,69
2018-03-05,5,44,50
2018-03-06,5,44,53
2018-03-07,5,44,56
2018-03-08,5,44,59
2018-03-09,5,44,62
2018-03-10,5,44,65
2018-03-11,5,44,69
2018-03-12,5,44,49
2018-03-13,5,44,52
2018-03-14,5,44,56
2018-03-15,5,44,59
2018-03-16,5,44,62
2018-03-17,5,44,65
2018-03-18,5,44,68
2018-03-19,5,44,49
2018-03-20,5,44,52
2018-03-21,5,44,55
2018-03-22,5,44,59
2018-03-23,5,44,62
2018-03-24,5,44,65
2018-03-25,5,44,68
2018-03-26,5,44,49
2018-03-27,5,44,52
2018-03-28,5,44,55
2018-03-29,5,44,58
2018-03-30,5,44,61
2018-03-31,5,44,65
2018-01-01,6,44,48
2018-01-02,6,44,51
2018-01-03,6,44,54
2018-01-04,6,44,58
2018-01-05,6,44,61
2018-01-06,6,44,64
2018-01-07,6,44,67
2018-01-08,6,44,48
2018-01-09,6,44,51
2018-01-10,6,44,54
2018-01-11,6,44,57
2018-01-12,6,44,61
2018-01-13,6,44,64
2018-01-14,6,44,67
2018-01-15,6,44,48
2018-01-16,6,44,51
2018-01-17,6,44,54
2018-01-18,6,44,57
2018-01-19,6,44,60
2018-01-20,6,44,63
2018-01-21,6,44,67
2018-01-22,6,44,47
2018-01-23,6,44,50
2018-01-24,6,44,54
2018-01-25,6,44,57
2018-01-26,6,44,60
2018-01-27,6,44,63
2018-01-28,6,44,66
2018-01-29,6,44,47
2018-01-30,6,44,50
2018-01-31,6,44,53
2018-02-01,6,44,58
2018-02-02,6,44,62
2018-02-03,6,44,65
2018-02-04,6,44,68
2018-02-05,6,44,49
2018-02-06,6,44,52
2018-02-07,6,44,55
2018-02-08,6,44,58
2018-02-09,6,44,61
2018-02-10,6,44,64
2018-02-11,6,44,68
2018-02-12,6,44,48
2018-02-13,6,44,52
2018-02-14,6,44,55
2018-02-15,6,44,58
2018-02-16,6,44,61
2018-02-17,6,44,64
2018-02-18,6,44,67
2018-02-19,6,44,48
2018-02-20,6,44,51
2018-02-21,6,44,54
2018-02-22,6,44,58
2018-02-23,6,44,61
2018-02-24,6,44,64
2018-02-25,6,44,67
2018-02-26,6,44,48
2018-02-27,6,44,51
2018-02-28,6,44,54
2018-03-01,6,44,59
2018-03-02,6,44,62
2018-03-03,6,44,66
2018-03-04,6,44,69
2018-03-05,6,44,49
2018-03-06,6,44,53
2018-03-07,6,44,56
2018-03-08,6,44,59
2018-03-09,6,44,62
2018-03-10,6,44,65
2018-03-11,6,44,68
2018-03-12,6,44,49
2018-03-13,6,44,52
2018-03-14,6,44,56
2018-03-15,6,44,59
2018-03-16,6,44,62
2018-03-17,6,44,65
2018-03-18,6,44,68
2018-03-19,6,44,49
2018-03-20,6,44,52
2018-03-21,6,44,55
2018-03-22,6,44,58
2018-03-23,6,44,62
2018-03-24,6,44,65
2018-03-25,6,44,68
2018-03-26,6,44,49
2018-03-27,6,44,52
2018-03-28,6,44,55
2018-03-29,6,44,58
2018-03-30,6,44,61
2018-03-31,6,44,65
2018-01-01,7,44,48
2018-01-02,7,44,51
2018-01-03,7,44,54
2018-01-04,7,44,58
2018-01-05,7,44,61
2018-01-06,7,44,64
2018-01-07,7,44,67
2018-01-08,7,44,48
2018-01-09,7,44,51
2018-01-10,7,44,54
2018-01-11,7,44,57
2018-01-12,7,44,60
2018-01-13,7,44,64
2018-01-14,7,44,67
2018-01-15,7,44,47
2018-01-16,7,44,51
2018-01-17,7,44,54
2018-01-18,7,44,57
2018-01-19,7,44,60
2018-01-20,7,44,63
2018-01-21,7,44,66
2018-01-22,7,44,47
2018-01-23,7,44,50
2018-01-24,7,44,54
2018-01-25,7,44,57
2018-01-26,7,44,60
2018-01-27,7,44,63
2018-01-28,7,44,66
2018-01-29,7,44,47
2018-01-30,7,44,50
2018-01-31,7,44,53
2018-02-01,7,44,58
2018-02-02,7,44,62
2018-02-03,7,44,65
2018-02-04,7,44,68
2018-02-05,7,44,49
2018-02-06,7,44,52
2018-02-07,7,44,55
2018-02-08,7,44,58
2018-02-09,7,44,61
2018-02-10,7,44,64
2018-02-11,7,44,68
2018-02-12,7,44,48
2018-02-13,7,44,51
2018-02-14,7,44,55
2018-02-15,7,44,58
2018-02-16,7,44,61
2018-02-17,7,44,64
2018-02-18,7,44,67
2018-02-19,7,44,48
2018-02-20,7,44,51
2018-02-21,7,44,54
2018-02-22,7,44,58
2018-02-23,7,44,61
2018-02-24,7,44,64
2018-02-25,7,44,67
2018-02-26,7,44,48
2018-02-27,7,44,51
2018-02-28,7,44,54
2018-03-01,7,44,59
2018-03-02,7,44,62
2018-03-03,7,44,66
2018-03-04,7,44,69
2018-03-05,7,44,49
2018-03-06,7,44,53
2018-03-07,7,44,56
2018-03-08,7,44,59
2018-03-09,7,44,62
2018-03-10,7,44,65
2018-03-11,7,44,68
2018-03-12,7,44,49
2018-03-13,7,44,52
2018-03-14,7,44,55
2018-03-15,7,44,59
2018-03-16,7,44,62
2018-03-17,7,44,65
2018-03-18,7,44,68
2018-03-19,7,44,49
2018-03-20,7,44,52
2018-03-21,7,44,55
2018-03-22,7,44,58
2018-03-23,7,44,62
2018-03-24,7,44,65
2018-03-25,7,44,68
2018-03-26,7,44,49
2018-03-27,7,44,52
2018-03-28,7,44,55
2018-03-29,7,44,58
2018-03-30,7,44,61
2018-03-31,7,44,64
2018-01-01,8,44,48
2018-01-02,8,44,51
2018-01-03,8,44,54
2018-01-04,8,44,57
2018-01-05,8,44,61
2018-01-06,8,44,64
2018-01-07,8,44,67
2018-01-08,8,44,48
2018-01-09,8,44,51
2018-01-10,8,44,54
2018-01-11,8,44,57
2018-01-12,8,44,60
2018-01-13,8,44,64
2018-01-14,8,44,67
2018-01-15,8,44,47
2018-01-16,8,44,51
2018-01-17,8,44,54
2018-01-18,8,44,57
2018-01-19,8,44,60
2018-01-20,8,44,63
2018-01-21,8,44,66
2018-01-22,8,44,47
2018-01-23,8,44,50
2018-01-24,8,44,53
2018-01-25,8,44,57
2018-01-26,8,44,60
2018-01-27,8,44,63
2018-01-28,8,44,66
2018-01-29,8,44,47
2018-01-30,8,44,50
2018-01-31,8,44,53
2018-02-01,8,44,58
2018-02-02,8,44,61
2018-02-03,8,44,65
2018-02-04,8,44,68
2018-02-05,8,44,49
2018-02-06,8,44,52
2018-02-07,8,44,55
2018-02-08,8,44,58
2018-02-09,8,44,61
2018-02-10,8,44,64
2018-02-11,8,44,68
2018-02-12,8,44,48
2018-02-13,8,44,51
2018-02-14,8,44,55
2018-02-15,8,44,58
2018-02-16,8,44,61
2018-02-17,8,44,64
2018-02-18,8,44,67
2018-02-19,8,44,48
2018-02-20,8,44,51
2018-02-21,8,44,54
2018-02-22,8,44,57
2018-02-23,8,44,61
2018-02-24,8,44,64
2018-02-25,8,44,67
2018-02-26,8,44,48
2018-02-27,8,44,51
2018-02-28,8,44,54
2018-03-01,8,44,59
2018-03-02,8,44,62
2018-03-03,8,44,65
2018-03-04,8,44,69
2018-03-05,8,44,49
2018-03-06,8,44,53
2018-03-07,8,44,56
2018-03-08,8,44,59
2018-03-09,8,44,62
2018-03-10,8,44,65
2018-03-11,8,44,68
2018-03-12,8,44,49
2018-03-13,8,44,52
2018-03-14,8,44,55
2018-03-15,8,44,59
2018-03-16,8,44,62
2018-03-17,8,44,65
2018-03-18,8,44,68
2018-03-19,8,44,49
2018-03-20,8,44,52
2018-03-21,8,44,55
2018-03-22,8,44,58
2018-03-23,8,44,61
2018-03-24,8,44,65
2018-03-25,8,44,68
2018-03-26,8,44,49
2018-03-27,8,44,52
2018-03-28,8,44,55
2018-03-29,8,44,58
2018-03-30,8,44,61
2018-03-31,8,44,64
2018-01-01,9,44,48
2018-01-02,9,44,51
2018-01-03,9,44,54
2018-01-04,9,44,57
2018-01-05,9,44,61
2018-01-06,9,44,64
2018-01-07,9,44,67
2018-01-08,9,44,48
2018-01-09,9,44,51
2018-01-10,9,44,54
2018-01-11,9,44,57
2018-01-12,9,44,60
2018-01-13,9,44,63
2018-01-14,9,44,67
2018-01-15,9,44,47
2018-01-16,9,44,50
2018-01-17,9,44,54
2018-01-18,9,44,57
2018-01-19,9,44,60
2018-01-20,9,44,63
2018-01-21,9,44,66
2018-01-22,9,44,47
2018-01-23,9,44,50
2018-01-24,9,44,53
2018-01-25,9,44,57
2018-01-26,9,44,60
2018-01-27,9,44,63
2018-01-28,9,44,66
2018-01-29,9,44,47
2018-01-30,9,44,50
2018-01-31,9,44,53
2018-02-01,9,44,58
2018-02-02,9,44,61
2018-02-03,9,44,65
2018-02-04,9,44,68
2018-02-05,9,44,48
2018-02-06,9,44,52
2018-02-07,9,44,55
2018-02-08,9,44,58
2018-02-09,9,44,61
2018-02-10,9,44,64
2018-02-11,9,44,67
2018-02-12,9,44,48
2018-02-13,9,44,51
2018-02-14,9,44,54
2018-02-15,9,44,58
2018-02-16,9,44,61
2018-02-17,9,44,64
2018-02-18,9,44,67
2018-02-19,9,44,48
2018-02-20,9,44,51
2018-02-21,9,44,54
2018-02-22,9,44,57
2018-02-23,9,44,61
2018-02-24,9,44,64
2018-02-25,9,44,67
2018-02-26,9,44,48
2018-02-27,9,44,51
2018-02-28,9,44,54
2018-03-01,9,44,59
2018-03-02,9,44,62
2018-03-03,9,44,65
2018-03-04,9,44,69
2018-03-05,9,44,49
2018-03-06,9,44,52
2018-03-07,9,44,56
2018-03-08,9,44,59
2018-03-09,9,44,62
2018-03-10,9,44,65
2018-03-11,9,44,68
2018-03-12,9,44,49
2018-03-13,9,44,52
2018-03-14,9,44,55
2018-03-15,9,44,58
2018-03-16,9,44,62
2018-03-17,9,44,65
2018-03-18,9,44,68
2018-03-19,9,44,49
2018-03-20,9,44,52
2018-03-21,9,44,55
2018-03-22,9,44,58
2018-03-23,9,44,61
2018-03-24,9,44,65
2018-03-25,9,44,68
2018-03-26,9,44,48
2018-03-27,9,44,52
2018-03-28,9,44,55
2018-03-29,9,44,58
2018-03-30,9,44,61
2018-03-31,9,44,64
2018-01-01,10,44,48
2018-01-02,10,44,51
2018-01-03,10,44,54
2018-01-04,10,44,57
2018-01-05,10,44,60
2018-01-06,10,44,64
2018-01-07,10,44,67
2018-01-08,10,44,48
2018-01-09,10,44,51
2018-01-10,10,44,54
2018-01-11,10,44,57
2018-01-12,10,44,60
2018-01-13,10,44,63
2018-01-14,10,44,67
2018-01-15,10,44,47
2018-01-16,10,44,50
2018-01-17,10,44,54
2018-01-18,10,44,57
2018-01-19,10,44,60
2018-01-20,10,44,63
2018-01-21,10,44,66
2018-01-22,10,44,47
2018-01-23,10,44,50
2018-01-24,10,44,53
2018-01-25,10,44,56
2018-01-26,10,44,60
2018-01-27,10,44,63
2018-01-28,10,44,66
2018-01-29,10,44,47
2018-01-30,10,44,50
2018-01-31,10,44,53
2018-02-01,10,44,58
2018-02-02,10,44,61
2018-02-03,10,44,64
2018-02-04,10,44,68
2018-02-05,10,44,48
2018-02-06,10,44,52
2018-02-07,10,44,55
2018-02-08,10,44,58
2018-02-09,10,44,61
2018-02-10,10,44,64
2018-02-11,10,44,67
2018-02-12,10,44,48
2018-02-13,10,44,51
2018-02-14,10,44,54
2018-02-15,10,44,58
2018-02-16,10,44,61
2018-02-17,10,44,64
2018-02-18,10,44,67
2018-02-19,10,44,48
2018-02-20,10,44,51
2018-02-21,10,44,54
2018-02-22,10,44,57
2018-02-23,10,44,60
2018-02-24,10,44,64
2018-02-25,10,44,67
2018-02-26,10,44,48
2018-02-27,10,44,51
2018-02-28,10,44,54
2018-03-01,10,44,59
2018-03-02,10,44,62
2018-03-03,10,44,65
2018-03-04,10,44,68
2018-03-05,10,44,49
2018-03-06,10,44,52
2018-03-07,10,44,56
2018-03-08,10,44,59
2018-03-09,10,44,62
2018-03-10,10,44,65
2018-03-11,10,44,68
2018-03-12,10,44,49
2018-03-13,10,44,52
2018-03-14,10,44,55
2018-03-15,10,44,58
2018-03-16,10,44,62
2018-03-17,10,44,65
2018-03-18,10,44,68
2018-03-19,10,44,49
2018-03-20,10,44,52
2018-03-21,10,44,55
2018-03-22,10,44,58
2018-03-23,10,44,61
2018-03-24,10,44,64
2018-03-25,10,44,68
2018-03-26,10,44,48
2018-03-27,10,44,52
2018-03-28,10,44,55
2018-03-29,10,44,58
2018-03-30,10,44,61
2018-03-31,10,44,64
2018-01-01,1,45,48
2018-01-02,1,45,52
2018-01-03,1,45,55
2018-01-04,1,45,58
2018-01-05,1,45,61
2018-01-06,1,45,64
2018-01-07,1,45,67
2018-01-08,1,45,48
2018-01-09,1,45,51
2018-01-10,1,45,54
2018-01-11,1,45,58
2018-01-12,1,45,61
2018-01-13,1,45,64
2018-01-14,1,45,67
2018-01-15,1,45,48
2018-01-16,1,45,51
2018-01-17,1,45,54
2018-01-18,1,45,57
2018-01-19,1,45,61
2018-01-20,1,45,64
2018-01-21,1,45,67
2018-01-22,1,45,48
2018-01-23,1,45,51
2018-01-24,1,45,54
2018-01-25,1,45,57
2018-01-26,1,45,60
2018-01-27,1,45,63
2018-01-28,1,45,67
2018-01-29,1,45,47
2018-01-30,1,45,50
2018-01-31,1,45,54
2018-02-01,1,45,59
2018-02-02,1,45,62
2018-02-03,1,45,65
2018-02-04,1,45,68
2018-02-05,1,45,49
2018-02-06,1,45,52
2018-02-07,1,45,55
2018-02-08,1,45,58
2018-02-09,1,45,62
2018-02-10,1,45,65
2018-02-11,1,45,68
2018-02-12,1,45,49
2018-02-13,1,45,52
2018-02-14,1,45,55
2018-02-15,1,45,58
2018-02-16,1,45,61
2018-02-17,1,45,65
2018-02-18,1,45,68
2018-02-19,1,45,48
2018-02-20,1,45,52
2018-02-21,1,45,55
2018-02-22,1,45,58
2018-02-23,1,45,61
2018-02-24,1,45,64
2018-02-25,1,45,67
2018-02-26,1,45,48
2018-02-27,1,45,51
2018-02-28,1,45,54
2018-03-01,1,45,60
2018-03-02,1,45,63
2018-03-03,1,45,66
2018-03-04,1,45,69
2018-03-05,1,45,50
2018-03-06,1,45,53
2018-03-07,1,45,56
2018-03-08,1,45,59
2018-03-09,1,45,62
2018-03-10,1,45,66
2018-03-11,1,45,69
2018-03-12,1,45,49
2018-03-13,1,45,53
2018-03-14,1,45,56
2018-03-15,1,45,59
2018-03-16,1,45,62
2018-03-17,1,45,65
2018-03-18,1,45,68
2018-03-19,1,45,49
2018-03-20,1,45,52
2018-03-21,1,45,56
2018-03-22,1,45,59
2018-03-23,1,45,62
2018-03-24,1,45,65
2018-03-25,1,45,68
2018-03-26,1,45,49
2018-03-27,1,45,52
2018-03-28,1,45,55
2018-03-29,1,45,58
2018-03-30,1,45,62
2018-03-31,1,45,65
2018-01-01,2,45,48
2018-01-02,2,45,51
2018-01-03,2,45,55
2018-01-04,2,45,58
2018-01-05,2,45,61
2018-01-06,2,45,64
2018-01-07,2,45,67
2018-01-08,2,45,48
2018-01-09,2,45,51
2018-01-10,2,45,54
2018-01-11,2,45,58
2018-01-12,2,45,61
2018-01-13,2,45,64
2018-01-14,2,45,67
2018-01-15,2,45,48
2018-01-16,2,45,51
2018-01-17,2,45,54
2018-01-18,2,45,57
2018-01-19,2,45,60
2018-01-20,2,45,64
2018-01-21,2,45,67
2018-01-22,2,45,47
2018-01-23,2,45,51
2018-01-24,2,45,54
2018-01-25,2,45,57
2018-01-26,2,45,60
2018-01-27,2,45,63
2018-01-28,2,45,66
2018-01-29,2,45,47
2018-01-30,2,45,50
2018-01-31,2,45,54
2018-02-01,2,45,59
2018-02-02,2,45,62
2018-02-03,2,45,65
2018-02-04,2,45,68
2018-02-05,2,45,49
2018-02-06,2,45,52
2018-02-07,2,45,55
2018-02-08,2,45,58
2018-02-09,2,45,62
2018-02-10,2,45,65
2018-02-11,2,45,68
2018-02-12,2,45,49
2018-02-13,2,45,52
2018-02-14,2,45,55
2018-02-15,2,45,58
2018-02-16,2,45,61
2018-02-17,2,45,64
2018-02-18,2,45,68
2018-02-19,2,45,48
2018-02-20,2,45,51
2018-02-21,2,45,55
2018-02-22,2,45,58
2018-02-23,2,45,61
2018-02-24,2,45,64
2018-02-25,2,45,67
2018-02-26,2,45,48
2018-02-27,2,45,51
2018-02-28,2,45,54
2018-03-01,2,45,59
2018-03-02,2,45,63
2018-03-03,2,45,66
2018-03-04,2,45,69
2018-03-05,2,45,50
2018-03-06,2,45,53
2018-03-07,2,45,56
2018-03-08,2,45,59
2018-03-09,2,45,62
2018-03-10,2,45,66
2018-03-11,2,45,69
2018-03-12,2,45,49
2018-03-13,2,45,53
2018-03-14,2,45,56
2018-03-15,2,45,59
2018-03-16,2,45,62
2018-03-17,2,45,65
2018-03-18,2,45,68
2018-03-19,2,45,49
2018-03-20,2,45,52
2018-03-21,2,45,55
2018-03-22,2,45,59
2018-03-23,2,45,62
2018-03-24,2,45,65
2018-03-25,2,45,68
2018-03-26,2,45,49
2018-03-27,2,45,52
2018-03-28,2,45,55
2018-03-29,2,45,58
2018-03-30,2,45,62
2018-03-31,2,45,65
2018-01-01,3,45,48
2018-01-02,3,45,51
2018-01-03,3,45,55
2018-01-04,3,45,58
2018-01-05,3,45,61
2018-01-06,3,45,64
2018-01-07,3,45,67
2018-01-08,3,45,48
2018-01-09,3,45,51
2018-01-10,3,45,54
2018-01-11,3,45,57
2018-01-12,3,45,61
2018-01-13,3,45,64
2018-01-14,3,45,67
2018-01-15,3,45,48
2018-01-16,3,45,51
2018-01-17,3,45,54
2018-01-18,3,45,57
2018-01-19,3,45,60
2018-01-20,3,45,64
2018-01-21,3,45,67
2018-01-22,3,45,47
2018-01-23,3,45,51
2018-01-24,3,45,54
2018-01-25,3,45,57
2018-01-26,3,45,60
2018-01-27,3,45,63
2018-01-28,3,45,66
2018-01-29,3,45,47
2018-01-30,3,45,50
2018-01-31,3,45,53
2018-02-01,3,45,59
2018-02-02,3,45,62
2018-02-03,3,45,65
2018-02-04,3,45,68
2018-02-05,3,45,49
2018-02-06,3,45,52
2018-02-07,3,45,55
2018-02-08,3,45,58
2018-02-09,3,45,61
2018-02-10,3,45,65
2018-02-11,3,45,68
2018-02-12,3,45,49
2018-02-13,3,45,52
2018-02-14,3,45,55
2018-02-15,3,45,58
2018-02-16,3,45,61
2018-02-17,3,45,64
2018-02-18,3,45,68
2018-02-19,3,45,48
2018-02-20,3,45,51
2018-02-21,3,45,55
2018-02-22,3,45,58
2018-02-23,3,45,61
2018-02-24,3,45,64
2018-02-25,3,45,67
2018-02-26,3,45,48
2018-02-27,3,45,51
2018-02-28,3,45,54
2018-03-01,3,45,59
2018-03-02,3,45,63
2018-03-03,3,45,66
2018-03-04,3,45,69
2018-03-05,3,45,50
2018-03-06,3,45,53
2018-03-07,3,45,56
2018-03-08,3,45,59
2018-03-09,3,45,62
2018-03-10,3,45,65
2018-03-11,3,45,69
2018-03-12,3,45,49
2018-03-13,3,45,53
2018-03-14,3,45,56
2018-03-15,3,45,59
2018-03-16,3,45,62
2018-03-17,3,45,65
2018-03-18,3,45,68
2018-03-19,3,45,49
2018-03-20,3,45,52
2018-03-21,3,45,55
2018-03-22,3,45,59
2018-03-23,3,45,62
2018-03-24,3,45,65
2018-03-25,3,45,68
2018-03-26,3,45,49
2018-03-27,3,45,52
2018-03-28,3,45,55
2018-03-29,3,45,58
2018-03-30,3,45,61
2018-03-31,3,45,65
2018-01-01,4,45,48
2018-01-02,4,45,51
2018-01-03,4,45,54
2018-01-04,4,45,58
2018-01-05,4,45,61
2018-01-06,4,45,64
2018-01-07,4,45,67
2018-01-08,4,45,48
2018-01-09,4,45,51
2018-01-10,4,45,54
2018-01-11,4,45,57
2018-01-12,4,45,61
2018-01-13,4,45,64
2018-01-14,4,45,67
2018-01-15,4,45,48
2018-01-16,4,45,51
2018-01-17,4,45,54
2018-01-18,4,45,57
2018-01-19,4,45,60
2018-01-20,4,45,63
2018-01-21,4,45,67
2018-01-22,4,45,47
2018-01-23,4,45,51
2018-01-24,4,45,54
2018-01-25,4,45,57
2018-01-26,4,45,60
2018-01-27,4,45,63
2018-01-28,4,45,66
2018-01-29,4,45,47
2018-01-30,4,45,50
2018-01-31,4,45,53
2018-02-01,4,45,58
2018-02-02,4,45,62
2018-02-03,4,45,65
2018-02-04,4,45,68
2018-02-05,4,45,49
2018-02-06,4,45,52
2018-02-07,4,45,55
2018-02-08,4,45,58
2018-02-09,4,45,61
2018-02-10,4,45,65
2018-02-11,4,45,68
2018-02-12,4,45,48
2018-02-13,4,45,52
2018-02-14,4,45,55
2018-02-15,4,45,58
2018-02-16,4,45,61
2018-02-17,4,45,64
2018-02-18,4,45,67
2018-02-19,4,45,48
2018-02-20,4,45,51
2018-02-21,4,45,54
2018-02-22,4,45,58
2018-02-23,4,45,61
2018-02-24,4,45,64
2018-02-25,4,45,67
2018-02-26,4,45,48
2018-02-27,4,45,51
2018-02-28,4,45,54
2018-03-01,4,45,59
2018-03-02,4,45,62
2018-03-03,4,45,66
2018-03-04,4,45,69
2018-03-05,4,45,50
2018-03-06,4,45,53
2018-03-07,4,45,56
2018-03-08,4,45,59
2018-03-09,4,45,62
2018-03-10,4,45,65
2018-03-11,4,45,69
2018-03-12,4,45,49
2018-03-13,4,45,52
2018-03-14,4,45,56
2018-03-15,4,45,59
2018-03-16,4,45,62
2018-03-17,4,45,65
2018-03-18,4,45,68
2018-03-19,4,45,49
2018-03-20,4,45,52
2018-03-21,4,45,55
2018-03-22,4,45,58
2018-03-23,4,45,62
2018-03-24,4,45,65
2018-03-25,4,45,68
2018-03-26,4,45,49
2018-03-27,4,45,52
2018-03-28,4,45,55
2018-03-29,4,45,58
2018-03-30,4,45,61
2018-03-31,4,45,65
2018-01-01,5,45,48
2018-01-02,5,45,51
2018-01-03,5,45,54
2018-01-04,5,45,58
2018-01-05,5,45,61
2018-01-06,5,45,64
2018-01-07,5,45,67
2018-01-08,5,45,48
2018-01-09,5,45,51
2018-01-10,5,45,54
2018-01-11,5,45,57
2018-01-12,5,45,60
2018-01-13,5,45,64
2018-01-14,5,45,67
2018-01-15,5,45,48
2018-01-16,5,45,51
2018-01-17,5,45,54
2018-01-18,5,45,57
2018-01-19,5,45,60
2018-01-20,5,45,63
2018-01-21,5,45,67
2018-01-22,5,45,47
2018-01-23,5,45,50
2018-01-24,5,45,54
2018-01-25,5,45,57
2018-01-26,5,45,60
2018-01-27,5,45,63
2018-01-28,5,45,66
2018-01-29,5,45,47
2018-01-30,5,45,50
2018-01-31,5,45,53
2018-02-01,5,45,58
2018-02-02,5,45,62
2018-02-03,5,45,65
2018-02-04,5,45,68
2018-02-05,5,45,49
2018-02-06,5,45,52
2018-02-07,5,45,55
2018-02-08,5,45,58
2018-02-09,5,45,61
2018-02-10,5,45,64
2018-02-11,5,45,68
2018-02-12,5,45,48
2018-02-13,5,45,52
2018-02-14,5,45,55
2018-02-15,5,45,58
2018-02-16,5,45,61
2018-02-17,5,45,64
2018-02-18,5,45,67
2018-02-19,5,45,48
2018-02-20,5,45,51
2018-02-21,5,45,54
2018-02-22,5,45,58
2018-02-23,5,45,61
2018-02-24,5,45,64
2018-02-25,5,45,67
2018-02-26,5,45,48
2018-02-27,5,45,51
2018-02-28,5,45,54
2018-03-01,5,45,59
2018-03-02,5,45,62
2018-03-03,5,45,66
2018-03-04,5,45,69
2018-03-05,5,45,49
2018-03-06,5,45,53
2018-03-07,5,45,56
2018-03-08,5,45,59
2018-03-09,5,45,62
2018-03-10,5,45,65
2018-03-11,5,45,68
2018-03-12,5,45,49
2018-03-13,5,45,52
2018-03-14,5,45,56
2018-03-15,5,45,59
2018-03-16,5,45,62
2018-03-17,5,45,65
2018-03-18,5,45,68
2018-03-19,5,45,49
2018-03-20,5,45,52
2018-03-21,5,45,55
2018-03-22,5,45,58
2018-03-23,5,45,62
2018-03-24,5,45,65
2018-03-25,5,45,68
2018-03-26,5,45,49
2018-03-27,5,45,52
2018-03-28,5,45,55
2018-03-29,5,45,58
2018-03-30,5,45,61
2018-03-31,5,45,64
2018-01-01,6,45,48
2018-01-02,6,45,51
2018-01-03,6,45,54
2018-01-04,6,45,57
2018-01-05,6,45,61
2018-01-06,6,45,64
2018-01-07,6,45,67
2018-01-08,6,45,48
2018-01-09,6,45,51
2018-01-10,6,45,54
2018-01-11,6,45,57
2018-01-12,6,45,60
2018-01-13,6,45,64
2018-01-14,6,45,67
2018-01-15,6,45,47
2018-01-16,6,45,51
2018-01-17,6,45,54
2018-01-18,6,45,57
2018-01-19,6,45,60
2018-01-20,6,45,63
2018-01-21,6,45,66
2018-01-22,6,45,47
2018-01-23,6,45,50
2018-01-24,6,45,54
2018-01-25,6,45,57
2018-01-26,6,45,60
2018-01-27,6,45,63
2018-01-28,6,45,66
2018-01-29,6,45,47
2018-01-30,6,45,50
2018-01-31,6,45,53
2018-02-01,6,45,58
2018-02-02,6,45,61
2018-02-03,6,45,65
2018-02-04,6,45,68
2018-02-05,6,45,49
2018-02-06,6,45,52
2018-02-07,6,45,55
2018-02-08,6,45,58
2018-02-09,6,45,61
2018-02-10,6,45,64
2018-02-11,6,45,68
2018-02-12,6,45,48
2018-02-13,6,45,51
2018-02-14,6,45,55
2018-02-15,6,45,58
2018-02-16,6,45,61
2018-02-17,6,45,64
2018-02-18,6,45,67
2018-02-19,6,45,48
2018-02-20,6,45,51
2018-02-21,6,45,54
2018-02-22,6,45,58
2018-02-23,6,45,61
2018-02-24,6,45,64
2018-02-25,6,45,67
2018-02-26,6,45,48
2018-02-27,6,45,51
2018-02-28,6,45,54
2018-03-01,6,45,59
2018-03-02,6,45,62
2018-03-03,6,45,65
2018-03-04,6,45,69
2018-03-05,6,45,49
2018-03-06,6,45,53
2018-03-07,6,45,56
2018-03-08,6,45,59
2018-03-09,6,45,62
2018-03-10,6,45,65
2018-03-11,6,45,68
2018-03-12,6,45,49
2018-03-13,6,45,52
2018-03-14,6,45,55
2018-03-15,6,45,59
2018-03-16,6,45,62
2018-03-17,6,45,65
2018-03-18,6,45,68
2018-03-19,6,45,49
2018-03-20,6,45,52
2018-03-21,6,45,55
2018-03-22,6,45,58
2018-03-23,6,45,62
2018-03-24,6,45,65
2018-03-25,6,45,68
2018-03-26,6,45,49
2018-03-27,6,45,52
2018-03-28,6,45,55
2018-03-29,6,45,58
2018-03-30,6,45,61
2018-03-31,6,45,64
2018-01-01,7,45,48
2018-01-02,7,45,51
2018-01-03,7,45,54
2018-01-04,7,45,57
2018-01-05,7,45,61
2018-01-06,7,45,64
2018-01-07,7,45,67
2018-01-08,7,45,48
2018-01-09,7,45,51
2018-01-10,7,45,54
2018-01-11,7,45,57
2018-01-12,7,45,60
2018-01-13,7,45,63
2018-01-14,7,45,67
2018-01-15,7,45,47
2018-01-16,7,45,51
2018-01-17,7,45,54
2018-01-18,7,45,57
2018-01-19,7,45,60
2018-01-20,7,45,63
2018-01-21,7,45,66
2018-01-22,7,45,47
2018-01-23,7,45,50
2018-01-24,7,45,53
2018-01-25,7,45,57
2018-01-26,7,45,60
2018-01-27,7,45,63
2018-01-28,7,45,66
2018-01-29,7,45,47
2018-01-30,7,45,50
2018-01-31,7,45,53
2018-02-01,7,45,58
2018-02-02,7,45,61
2018-02-03,7,45,65
2018-02-04,7,45,68
2018-02-05,7,45,48
2018-02-06,7,45,52
2018-02-07,7,45,55
2018-02-08,7,45,58
2018-02-09,7,45,61
2018-02-10,7,45,64
2018-02-11,7,45,67
2018-02-12,7,45,48
2018-02-13,7,45,51
2018-02-14,7,45,55
2018-02-15,7,45,58
2018-02-16,7,45,61
2018-02-17,7,45,64
2018-02-18,7,45,67
2018-02-19,7,45,48
2018-02-20,7,45,51
2018-02-21,7,45,54
2018-02-22,7,45,57
2018-02-23,7,45,61
2018-02-24,7,45,64
2018-02-25,7,45,67
2018-02-26,7,45,48
2018-02-27,7,45,51
2018-02-28,7,45,54
2018-03-01,7,45,59
2018-03-02,7,45,62
2018-03-03,7,45,65
2018-03-04,7,45,69
2018-03-05,7,45,49
2018-03-06,7,45,52
2018-03-07,7,45,56
2018-03-08,7,45,59
2018-03-09,7,45,62
2018-03-10,7,45,65
2018-03-11,7,45,68
2018-03-12,7,45,49
2018-03-13,7,45,52
2018-03-14,7,45,55
2018-03-15,7,45,59
2018-03-16,7,45,62
2018-03-17,7,45,65
2018-03-18,7,45,68
2018-03-19,7,45,49
2018-03-20,7,45,52
2018-03-21,7,45,55
2018-03-22,7,45,58
2018-03-23,7,45,61
2018-03-24,7,45,65
2018-03-25,7,45,68
2018-03-26,7,45,48
2018-03-27,7,45,52
2018-03-28,7,45,55
2018-03-29,7,45,58
2018-03-30,7,45,61
2018-03-31,7,45,64
2018-01-01,8,45,48
2018-01-02,8,45,51
2018-01-03,8,45,54
2018-01-04,8,45,57
2018-01-05,8,45,61
2018-01-06,8,45,64
2018-01-07,8,45,67
2018-01-08,8,45,48
2018-01-09,8,45,51
2018-01-10,8,45,54
2018-01-11,8,45,57
2018-01-12,8,45,60
2018-01-13,8,45,63
2018-01-14,8,45,67
2018-01-15,8,45,47
2018-01-16,8,45,50
2018-01-17,8,45,54
2018-01-18,8,45,57
2018-01-19,8,45,60
2018-01-20,8,45,63
2018-01-21,8,45,66
2018-01-22,8,45,47
2018-01-23,8,45,50
2018-01-24,8,45,53
2018-01-25,8,45,57
2018-01-26,8,45,60
2018-01-27,8,45,63
2018-01-28,8,45,66
2018-01-29,8,45,47
2018-01-30,8,45,50
2018-01-31,8,45,53
2018-02-01,8,45,58
2018-02-02,8,45,61
2018-02-03,8,45,65
2018-02-04,8,45,68
2018-02-05,8,45,48
2018-02-06,8,45,52
2018-02-07,8,45,55
2018-02-08,8,45,58
2018-02-09,8,45,61
2018-02-10,8,45,64
2018-02-11,8,45,67
2018-02-12,8,45,48
2018-02-13,8,45,51
2018-02-14,8,45,54
2018-02-15,8,45,58
2018-02-16,8,45,61
2018-02-17,8,45,64
2018-02-18,8,45,67
2018-02-19,8,45,48
2018-02-20,8,45,51
2018-02-21,8,45,54
2018-02-22,8,45,57
2018-02-23,8,45,61
2018-02-24,8,45,64
2018-02-25,8,45,67
2018-02-26,8,45,48
2018-02-27,8,45,51
2018-02-28,8,45,54
2018-03-01,8,45,59
2018-03-02,8,45,62
2018-03-03,8,45,65
2018-03-04,8,45,68
2018-03-05,8,45,49
2018-03-06,8,45,52
2018-03-07,8,45,56
2018-03-08,8,45,59
2018-03-09,8,45,62
2018-03-10,8,45,65
2018-03-11,8,45,68
2018-03-12,8,45,49
2018-03-13,8,45,52
2018-03-14,8,45,55
2018-03-15,8,45,58
2018-03-16,8,45,62
2018-03-17,8,45,65
2018-03-18,8,45,68
2018-03-19,8,45,49
2018-03-20,8,45,52
2018-03-21,8,45,55
2018-03-22,8,45,58
2018-03-23,8,45,61
2018-03-24,8,45,65
2018-03-25,8,45,68
2018-03-26,8,45,48
2018-03-27,8,45,52
2018-03-28,8,45,55
2018-03-29,8,45,58
2018-03-30,8,45,61
2018-03-31,8,45,64
2018-01-01,9,45,48
2018-01-02,9,45,51
2018-01-03,9,45,54
2018-01-04,9,45,57
2018-01-05,9,45,60
2018-01-06,9,45,64
2018-01-07,9,45,67
2018-01-08,9,45,47
2018-01-09,9,45,51
2018-01-10,9,45,54
2018-01-11,9,45,57
2018-01-12,9,45,60
2018-01-13,9,45,63
2018-01-14,9,45,66
2018-01-15,9,45,47
2018-01-16,9,45,50
2018-01-17,9,45,54
2018-01-18,9,45,57
2018-01-19,9,45,60
2018-01-20,9,45,63
2018-01-21,9,45,66
2018-01-22,9,45,47
2018-01-23,9,45,50
2018-01-24,9,45,53
2018-01-25,9,45,56
2018-01-26,9,45,60
2018-01-27,9,45,63
2018-01-28,9,45,66
2018-01-29,9,45,47
2018-01-30,9,45,50
2018-01-31,9,45,53
2018-02-01,9,45,58
2018-02-02,9,45,61
2018-02-03,9,45,64
2018-02-04,9,45,68
2018-02-05,9,45,48
2018-02-06,9,45,51
2018-02-07,9,45,55
2018-02-08,9,45,58
2018-02-09,9,45,61
2018-02-10,9,45,64
2018-02-11,9,45,67
2018-02-12,9,45,48
2018-02-13,9,45,51
2018-02-14,9,45,54
2018-02-15,9,45,58
2018-02-16,9,45,61
2018-02-17,9,45,64
2018-02-18,9,45,67
2018-02-19,9,45,48
2018-02-20,9,45,51
2018-02-21,9,45,54
2018-02-22,9,45,57
2018-02-23,9,45,60
2018-02-24,9,45,64
2018-02-25,9,45,67
2018-02-26,9,45,48
2018-02-27,9,45,51
2018-02-28,9,45,54
2018-03-01,9,45,59
2018-03-02,9,45,62
2018-03-03,9,45,65
2018-03-04,9,45,68
2018-03-05,9,45,49
2018-03-06,9,45,52
2018-03-07,9,45,55
2018-03-08,9,45,59
2018-03-09,9,45,62
2018-03-10,9,45,65
2018-03-11,9,45,68
2018-03-12,9,45,49
2018-03-13,9,45,52
2018-03-14,9,45,55
2018-03-15,9,45,58
2018-03-16,9,45,62
2018-03-17,9,45,65
2018-03-18,9,45,68
2018-03-19,9,45,49
2018-03-20,9,45,52
2018-03-21,9,45,55
2018-03-22,9,45,58
2018-03-23,9,45,61
2018-03-24,9,45,64
2018-03-25,9,45,68
2018-03-26,9,45,48
2018-03-27,9,45,52
2018-03-28,9,45,55
2018-03-29,9,45,58
2018-03-30,9,45,61
2018-03-31,9,45,64
2018-01-01,10,45,48
2018-01-02,10,45,51
2018-01-03,10,45,54
2018-01-04,10,45,57
2018-01-05,10,45,60
2018-01-06,10,45,64
2018-01-07,10,45,67
2018-01-08,10,45,47
2018-01-09,10,45,51
2018-01-10,10,45,54
2018-01-11,10,45,57
2018-01-12,10,45,60
2018-01-13,10,45,63
2018-01-14,10,45,66
2018-01-15,10,45,47
2018-01-16,10,45,50
2018-01-17,10,45,53
2018-01-18,10,45,57
2018-01-19,10,45,60
2018-01-20,10,45,63
2018-01-21,10,45,66
2018-01-22,10,45,47
2018-01-23,10,45,50
2018-01-24,10,45,53
2018-01-25,10,45,56
2018-01-26,10,45,60
2018-01-27,10,45,63
2018-01-28,10,45,66
2018-01-29,10,45,47
2018-01-30,10,45,50
2018-01-31,10,45,53
2018-02-01,10,45,58
2018-02-02,10,45,61
2018-02-03,10,45,64
2018-02-04,10,45,68
2018-02-05,10,45,48
2018-02-06,10,45,51
2018-02-07,10,45,55
2018-02-08,10,45,58
2018-02-09,10,45,61
2018-02-10,10,45,64
2018-02-11,10,45,67
2018-02-12,10,45,48
2018-02-13,10,45,51
2018-02-14,10,45,54
2018-02-15,10,45,57
2018-02-16,10,45,61
2018-02-17,10,45,64
2018-02-18,10,45,67
2018-02-19,10,45,48
2018-02-20,10,45,51
2018-02-21,10,45,54
2018-02-22,10,45,57
2018-02-23,10,45,60
2018-02-24,10,45,64
2018-02-25,10,45,67
2018-02-26,10,45,47
2018-02-27,10,45,51
2018-02-28,10,45,54
2018-03-01,10,45,59
2018-03-02,10,45,62
2018-03-03,10,45,65
2018-03-04,10,45,68
2018-03-05,10,45,49
2018-03-06,10,45,52
2018-03-07,10,45,55
2018-03-08,10,45,59
2018-03-09,10,45,62
2018-03-10,10,45,65
2018-03-11,10,45,68
2018-03-12,10,45,49
2018-03-13,10,45,52
2018-03-14,10,45,55
2018-03-15,10,45,58
2018-03-16,10,45,61
2018-03-17,10,45,65
2018-03-18,10,45,68
2018-03-19,10,45,49
2018-03-20,10,45,52
2018-03-21,10,45,55
2018-03-22,10,45,58
2018-03-23,10,45,61
2018-03-24,10,45,64
2018-03-25,10,45,68
2018-03-26,10,45,48
2018-03-27,10,45,51
2018-03-28,10,45,55
2018-03-29,10,45,58
2018-03-30,10,45,61
2018-03-31,10,45,64
2018-01-01,1,46,48
2018-01-02,1,46,51
2018-01-03,1,46,55
2018-01-04,1,46,58
2018-01-05,1,46,61
2018-01-06,1,46,64
2018-01-07,1,46,67
2018-01-08,1,46,48
2018-01-09,1,46,51
2018-01-10,1,46,54
2018-01-11,1,46,57
2018-01-12,1,46,61
2018-01-13,1,46,64
2018-01-14,1,46,67
2018-01-15,1,46,48
2018-01-16,1,46,51
2018-01-17,1,46,54
2018-01-18,1,46,57
2018-01-19,1,46,60
2018-01-20,1,46,64
2018-01-21,1,46,67
2018-01-22,1,46,47
2018-01-23,1,46,51
2018-01-24,1,46,54
2018-01-25,1,46,57
2018-01-26,1,46,60
2018-01-27,1,46,63
2018-01-28,1,46,66
2018-01-29,1,46,47
2018-01-30,1,46,50
2018-01-31,1,46,54
2018-02-01,1,46,59
2018-02-02,1,46,62
2018-02-03,1,46,65
2018-02-04,1,46,68
2018-02-05,1,46,49
2018-02-06,1,46,52
2018-02-07,1,46,55
2018-02-08,1,46,58
2018-02-09,1,46,61
2018-02-10,1,46,65
2018-02-11,1,46,68
2018-02-12,1,46,49
2018-02-13,1,46,52
2018-02-14,1,46,55
2018-02-15,1,46,58
2018-02-16,1,46,61
2018-02-17,1,46,64
2018-02-18,1,46,68
2018-02-19,1,46,48
2018-02-20,1,46,51
2018-02-21,1,46,55
2018-02-22,1,46,58
2018-02-23,1,46,61
2018-02-24,1,46,64
2018-02-25,1,46,67
2018-02-26,1,46,48
2018-02-27,1,46,51
2018-02-28,1,46,54
2018-03-01,1,46,59
2018-03-02,1,46,63
2018-03-03,1,46,66
2018-03-04,1,46,69
2018-03-05,1,46,50
2018-03-06,1,46,53
2018-03-07,1,46,56
2018-03-08,1,46,59
2018-03-09,1,46,62
2018-03-10,1,46,65
2018-03-11,1,46,69
2018-03-12,1,46,49
2018-03-13,1,46,53
2018-03-14,1,46,56
2018-03-15,1,46,59
2018-03-16,1,46,62
2018-03-17,1,46,65
2018-03-18,1,46,68
2018-03-19,1,46,49
2018-03-20,1,46,52
2018-03-21,1,46,55
2018-03-22,1,46,59
2018-03-23,1,46,62
2018-03-24,1,46,65
2018-03-25,1,46,68
2018-03-26,1,46,49
2018-03-27,1,46,52
2018-03-28,1,46,55
2018-03-29,1,46,58
2018-03-30,1,46,62
2018-03-31,1,46,65
2018-01-01,2,46,48
2018-01-02,2,46,51
2018-01-03,2,46,55
2018-01-04,2,46,58
2018-01-05,2,46,61
2018-01-06,2,46,64
2018-01-07,2,46,67
2018-01-08,2,46,48
2018-01-09,2,46,51
2018-01-10,2,46,54
2018-01-11,2,46,57
2018-01-12,2,46,61
2018-01-13,2,46,64
2018-01-14,2,46,67
2018-01-15,2,46,48
2018-01-16,2,46,51
2018-01-17,2,46,54
2018-01-18,2,46,57
2018-01-19,2,46,60
2018-01-20,2,46,63
2018-01-21,2,46,67
2018-01-22,2,46,47
2018-01-23,2,46,51
2018-01-24,2,46,54
2018-01-25,2,46,57
2018-01-26,2,46,60
2018-01-27,2,46,63
2018-01-28,2,46,66
2018-01-29,2,46,47
2018-01-30,2,46,50
2018-01-31,2,46,53
2018-02-01,2,46,59
2018-02-02,2,46,62
2018-02-03,2,46,65
2018-02-04,2,46,68
2018-02-05,2,46,49
2018-02-06,2,46,52
2018-02-07,2,46,55
2018-02-08,2,46,58
2018-02-09,2,46,61
2018-02-10,2,46,65
2018-02-11,2,46,68
2018-02-12,2,46,48
2018-02-13,2,46,52
2018-02-14,2,46,55
2018-02-15,2,46,58
2018-02-16,2,46,61
2018-02-17,2,46,64
2018-02-18,2,46,67
2018-02-19,2,46,48
2018-02-20,2,46,51
2018-02-21,2,46,55
2018-02-22,2,46,58
2018-02-23,2,46,61
2018-02-24,2,46,64
2018-02-25,2,46,67
2018-02-26,2,46,48
2018-02-27,2,46,51
2018-02-28,2,46,54
2018-03-01,2,46,59
2018-03-02,2,46,63
2018-03-03,2,46,66
2018-03-04,2,46,69
2018-03-05,2,46,50
2018-03-06,2,46,53
2018-03-07,2,46,56
2018-03-08,2,46,59
2018-03-09,2,46,62
2018-03-10,2,46,65
2018-03-11,2,46,69
2018-03-12,2,46,49
2018-03-13,2,46,52
2018-03-14,2,46,56
2018-03-15,2,46,59
2018-03-16,2,46,62
2018-03-17,2,46,65
2018-03-18,2,46,68
2018-03-19,2,46,49
2018-03-20,2,46,52
2018-03-21,2,46,55
2018-03-22,2,46,59
2018-03-23,2,46,62
2018-03-24,2,46,65
2018-03-25,2,46,68
2018-03-26,2,46,49
2018-03-27,2,46,52
2018-03-28,2,46,55
2018-03-29,2,46,58
2018-03-30,2,46,61
2018-03-31,2,46,65
2018-01-01,3,46,48
2018-01-02,3,46,51
2018-01-03,3,46,54
2018-01-04,3,46,58
2018-01-05,3,46,61
2018-01-06,3,46,64
2018-01-07,3,46,67
2018-01-08,3,46,48
2018-01-09,3,46,51
2018-01-10,3,46,54
2018-01-11,3,46,57
2018-01-12,3,46,61
2018-01-13,3,46,64
2018-01-14,3,46,67
2018-01-15,3,46,48
2018-01-16,3,46,51
2018-01-17,3,46,54
2018-01-18,3,46,57
2018-01-19,3,46,60
2018-01-20,3,46,63
2018-01-21,3,46,67
2018-01-22,3,46,47
2018-01-23,3,46,50
2018-01-24,3,46,54
2018-01-25,3,46,57
2018-01-26,3,46,60
2018-01-27,3,46,63
2018-01-28,3,46,66
2018-01-29,3,46,47
2018-01-30,3,46,50
2018-01-31,3,46,53
2018-02-01,3,46,58
2018-02-02,3,46,62
2018-02-03,3,46,65
2018-02-04,3,46,68
2018-02-05,3,46,49
2018-02-06,3,46,52
2018-02-07,3,46,55
2018-02-08,3,46,58
2018-02-09,3,46,61
2018-02-10,3,46,65
2018-02-11,3,46,68
2018-02-12,3,46,48
2018-02-13,3,46,52
2018-02-14,3,46,55
2018-02-15,3,46,58
2018-02-16,3,46,61
2018-02-17,3,46,64
2018-02-18,3,46,67
2018-02-19,3,46,48
2018-02-20,3,46,51
2018-02-21,3,46,54
2018-02-22,3,46,58
2018-02-23,3,46,61
2018-02-24,3,46,64
2018-02-25,3,46,67
2018-02-26,3,46,48
2018-02-27,3,46,51
2018-02-28,3,46,54
2018-03-01,3,46,59
2018-03-02,3,46,62
2018-03-03,3,46,66
2018-03-04,3,46,69
2018-03-05,3,46,50
2018-03-06,3,46,53
2018-03-07,3,46,56
2018-03-08,3,46,59
2018-03-09,3,46,62
2018-03-10,3,46,65
2018-03-11,3,46,69
2018-03-12,3,46,49
2018-03-13,3,46,52
2018-03-14,3,46,56
2018-03-15,3,46,59
2018-03-16,3,46,62
2018-03-17,3,46,65
2018-03-18,3,46,68
2018-03-19,3,46,49
2018-03-20,3,46,52
2018-03-21,3,46,55
2018-03-22,3,46,58
2018-03-23,3,46,62
2018-03-24,3,46,65
2018-03-25,3,46,68
2018-03-26,3,46,49
2018-03-27,3,46,52
2018-03-28,3,46,55
2018-03-29,3,46,58
2018-03-30,3,46,61
2018-03-31,3,46,65
2018-01-01,4,46,48
2018-01-02,4,46,51
2018-01-03,4,46,54
2018-01-04,4,46,58
2018-01-05,4,46,61
2018-01-06,4,46,64
2018-01-07,4,46,67
2018-01-08,4,46,48
2018-01-09,4,46,51
2018-01-10,4,46,54
2018-01-11,4,46,57
2018-01-12,4,46,60
2018-01-13,4,46,64
2018-01-14,4,46,67
2018-01-15,4,46,47
2018-01-16,4,46,51
2018-01-17,4,46,54
2018-01-18,4,46,57
2018-01-19,4,46,60
2018-01-20,4,46,63
2018-01-21,4,46,66
2018-01-22,4,46,47
2018-01-23,4,46,50
2018-01-24,4,46,54
2018-01-25,4,46,57
2018-01-26,4,46,60
2018-01-27,4,46,63
2018-01-28,4,46,66
2018-01-29,4,46,47
2018-01-30,4,46,50
2018-01-31,4,46,53
2018-02-01,4,46,58
2018-02-02,4,46,62
2018-02-03,4,46,65
2018-02-04,4,46,68
2018-02-05,4,46,49
2018-02-06,4,46,52
2018-02-07,4,46,55
2018-02-08,4,46,58
2018-02-09,4,46,61
2018-02-10,4,46,64
2018-02-11,4,46,68
2018-02-12,4,46,48
2018-02-13,4,46,51
2018-02-14,4,46,55
2018-02-15,4,46,58
2018-02-16,4,46,61
2018-02-17,4,46,64
2018-02-18,4,46,67
2018-02-19,4,46,48
2018-02-20,4,46,51
2018-02-21,4,46,54
2018-02-22,4,46,58
2018-02-23,4,46,61
2018-02-24,4,46,64
2018-02-25,4,46,67
2018-02-26,4,46,48
2018-02-27,4,46,51
2018-02-28,4,46,54
2018-03-01,4,46,59
2018-03-02,4,46,62
2018-03-03,4,46,66
2018-03-04,4,46,69
2018-03-05,4,46,49
2018-03-06,4,46,53
2018-03-07,4,46,56
2018-03-08,4,46,59
2018-03-09,4,46,62
2018-03-10,4,46,65
2018-03-11,4,46,68
2018-03-12,4,46,49
2018-03-13,4,46,52
2018-03-14,4,46,55
2018-03-15,4,46,59
2018-03-16,4,46,62
2018-03-17,4,46,65
2018-03-18,4,46,68
2018-03-19,4,46,49
2018-03-20,4,46,52
2018-03-21,4,46,55
2018-03-22,4,46,58
2018-03-23,4,46,62
2018-03-24,4,46,65
2018-03-25,4,46,68
2018-03-26,4,46,49
2018-03-27,4,46,52
2018-03-28,4,46,55
2018-03-29,4,46,58
2018-03-30,4,46,61
2018-03-31,4,46,64
2018-01-01,5,46,48
2018-01-02,5,46,51
2018-01-03,5,46,54
2018-01-04,5,46,57
2018-01-05,5,46,61
2018-01-06,5,46,64
2018-01-07,5,46,67
2018-01-08,5,46,48
2018-01-09,5,46,51
2018-01-10,5,46,54
2018-01-11,5,46,57
2018-01-12,5,46,60
2018-01-13,5,46,64
2018-01-14,5,46,67
2018-01-15,5,46,47
2018-01-16,5,46,51
2018-01-17,5,46,54
2018-01-18,5,46,57
2018-01-19,5,46,60
2018-01-20,5,46,63
2018-01-21,5,46,66
2018-01-22,5,46,47
2018-01-23,5,46,50
2018-01-24,5,46,53
2018-01-25,5,46,57
2018-01-26,5,46,60
2018-01-27,5,46,63
2018-01-28,5,46,66
2018-01-29,5,46,47
2018-01-30,5,46,50
2018-01-31,5,46,53
2018-02-01,5,46,58
2018-02-02,5,46,61
2018-02-03,5,46,65
2018-02-04,5,46,68
2018-02-05,5,46,49
2018-02-06,5,46,52
2018-02-07,5,46,55
2018-02-08,5,46,58
2018-02-09,5,46,61
2018-02-10,5,46,64
2018-02-11,5,46,68
2018-02-12,5,46,48
2018-02-13,5,46,51
2018-02-14,5,46,55
2018-02-15,5,46,58
2018-02-16,5,46,61
2018-02-17,5,46,64
2018-02-18,5,46,67
2018-02-19,5,46,48
2018-02-20,5,46,51
2018-02-21,5,46,54
2018-02-22,5,46,57
2018-02-23,5,46,61
2018-02-24,5,46,64
2018-02-25,5,46,67
2018-02-26,5,46,48
2018-02-27,5,46,51
2018-02-28,5,46,54
2018-03-01,5,46,59
2018-03-02,5,46,62
2018-03-03,5,46,65
2018-03-04,5,46,69
2018-03-05,5,46,49
2018-03-06,5,46,53
2018-03-07,5,46,56
2018-03-08,5,46,59
2018-03-09,5,46,62
2018-03-10,5,46,65
2018-03-11,5,46,68
2018-03-12,5,46,49
2018-03-13,5,46,52
2018-03-14,5,46,55
2018-03-15,5,46,59
2018-03-16,5,46,62
2018-03-17,5,46,65
2018-03-18,5,46,68
2018-03-19,5,46,49
2018-03-20,5,46,52
2018-03-21,5,46,55
2018-03-22,5,46,58
2018-03-23,5,46,61
2018-03-24,5,46,65
2018-03-25,5,46,68
2018-03-26,5,46,49
2018-03-27,5,46,52
2018-03-28,5,46,55
2018-03-29,5,46,58
2018-03-30,5,46,61
2018-03-31,5,46,64
2018-01-01,6,46,48
2018-01-02,6,46,51
2018-01-03,6,46,54
2018-01-04,6,46,57
2018-01-05,6,46,61
2018-01-06,6,46,64
2018-01-07,6,46,67
2018-01-08,6,46,48
2018-01-09,6,46,51
2018-01-10,6,46,54
2018-01-11,6,46,57
2018-01-12,6,46,60
2018-01-13,6,46,63
2018-01-14,6,46,67
2018-01-15,6,46,47
2018-01-16,6,46,51
2018-01-17,6,46,54
2018-01-18,6,46,57
2018-01-19,6,46,60
2018-01-20,6,46,63
2018-01-21,6,46,66
2018-01-22,6,46,47
2018-01-23,6,46,50
2018-01-24,6,46,53
2018-01-25,6,46,57
2018-01-26,6,46,60
2018-01-27,6,46,63
2018-01-28,6,46,66
2018-01-29,6,46,47
2018-01-30,6,46,50
2018-01-31,6,46,53
2018-02-01,6,46,58
2018-02-02,6,46,61
2018-02-03,6,46,65
2018-02-04,6,46,68
2018-02-05,6,46,48
2018-02-06,6,46,52
2018-02-07,6,46,55
2018-02-08,6,46,58
2018-02-09,6,46,61
2018-02-10,6,46,64
2018-02-11,6,46,67
2018-02-12,6,46,48
2018-02-13,6,46,51
2018-02-14,6,46,55
2018-02-15,6,46,58
2018-02-16,6,46,61
2018-02-17,6,46,64
2018-02-18,6,46,67
2018-02-19,6,46,48
2018-02-20,6,46,51
2018-02-21,6,46,54
2018-02-22,6,46,57
2018-02-23,6,46,61
2018-02-24,6,46,64
2018-02-25,6,46,67
2018-02-26,6,46,48
2018-02-27,6,46,51
2018-02-28,6,46,54
2018-03-01,6,46,59
2018-03-02,6,46,62
2018-03-03,6,46,65
2018-03-04,6,46,69
2018-03-05,6,46,49
2018-03-06,6,46,52
2018-03-07,6,46,56
2018-03-08,6,46,59
2018-03-09,6,46,62
2018-03-10,6,46,65
2018-03-11,6,46,68
2018-03-12,6,46,49
2018-03-13,6,46,52
2018-03-14,6,46,55
2018-03-15,6,46,59
2018-03-16,6,46,62
2018-03-17,6,46,65
2018-03-18,6,46,68
2018-03-19,6,46,49
2018-03-20,6,46,52
2018-03-21,6,46,55
2018-03-22,6,46,58
2018-03-23,6,46,61
2018-03-24,6,46,65
2018-03-25,6,46,68
2018-03-26,6,46,48
2018-03-27,6,46,52
2018-03-28,6,46,55
2018-03-29,6,46,58
2018-03-30,6,46,61
2018-03-31,6,46,64
2018-01-01,7,46,48
2018-01-02,7,46,51
2018-01-03,7,46,54
2018-01-04,7,46,57
2018-01-05,7,46,60
2018-01-06,7,46,64
2018-01-07,7,46,67
2018-01-08,7,46,48
2018-01-09,7,46,51
2018-01-10,7,46,54
2018-01-11,7,46,57
2018-01-12,7,46,60
2018-01-13,7,46,63
2018-01-14,7,46,67
2018-01-15,7,46,47
2018-01-16,7,46,50
2018-01-17,7,46,54
2018-01-18,7,46,57
2018-01-19,7,46,60
2018-01-20,7,46,63
2018-01-21,7,46,66
2018-01-22,7,46,47
2018-01-23,7,46,50
2018-01-24,7,46,53
2018-01-25,7,46,56
2018-01-26,7,46,60
2018-01-27,7,46,63
2018-01-28,7,46,66
2018-01-29,7,46,47
2018-01-30,7,46,50
2018-01-31,7,46,53
2018-02-01,7,46,58
2018-02-02,7,46,61
2018-02-03,7,46,64
2018-02-04,7,46,68
2018-02-05,7,46,48
2018-02-06,7,46,52
2018-02-07,7,46,55
2018-02-08,7,46,58
2018-02-09,7,46,61
2018-02-10,7,46,64
2018-02-11,7,46,67
2018-02-12,7,46,48
2018-02-13,7,46,51
2018-02-14,7,46,54
2018-02-15,7,46,58
2018-02-16,7,46,61
2018-02-17,7,46,64
2018-02-18,7,46,67
2018-02-19,7,46,48
2018-02-20,7,46,51
2018-02-21,7,46,54
2018-02-22,7,46,57
2018-02-23,7,46,60
2018-02-24,7,46,64
2018-02-25,7,46,67
2018-02-26,7,46,48
2018-02-27,7,46,51
2018-02-28,7,46,54
2018-03-01,7,46,59
2018-03-02,7,46,62
2018-03-03,7,46,65
2018-03-04,7,46,68
2018-03-05,7,46,49
2018-03-06,7,46,52
2018-03-07,7,46,56
2018-03-08,7,46,59
2018-03-09,7,46,62
2018-03-10,7,46,65
2018-03-11,7,46,68
2018-03-12,7,46,49
2018-03-13,7,46,52
2018-03-14,7,46,55
2018-03-15,7,46,58
2018-03-16,7,46,62
2018-03-17,7,46,65
2018-03-18,7,46,68
2018-03-19,7,46,49
2018-03-20,7,46,52
2018-03-21,7,46,55
2018-03-22,7,46,58
2018-03-23,7,46,61
2018-03-24,7,46,64
2018-03-25,7,46,68
2018-03-26,7,46,48
2018-03-27,7,46,52
2018-03-28,7,46,55
2018-03-29,7,46,58
2018-03-30,7,46,61
2018-03-31,7,46,64
2018-01-01,8,46,48
2018-01-02,8,46,51
2018-01-03,8,46,54
2018-01-04,8,46,57
2018-01-05,8,46,60
2018-01-06,8,46,64
2018-01-07,8,46,67
2018-01-08,8,46,47
2018-01-09,8,46,51
2018-01-10,8,46,54
2018-01-11,8,46,57
2018-01-12,8,46,60
2018-01-13,8,46,63
2018-01-14,8,46,66
2018-01-15,8,46,47
2018-01-16,8,46,50
2018-01-17,8,46,54
2018-01-18,8,46,57
2018-01-19,8,46,60
2018-01-20,8,46,63
2018-01-21,8,46,66
2018-01-22,8,46,47
2018-01-23,8,46,50
2018-01-24,8,46,53
2018-01-25,8,46,56
2018-01-26,8,46,60
2018-01-27,8,46,63
2018-01-28,8,46,66
2018-01-29,8,46,47
2018-01-30,8,46,50
2018-01-31,8,46,53
2018-02-01,8,46,58
2018-02-02,8,46,61
2018-02-03,8,46,64
2018-02-04,8,46,68
2018-02-05,8,46,48
2018-02-06,8,46,51
2018-02-07,8,46,55
2018-02-08,8,46,58
2018-02-09,8,46,61
2018-02-10,8,46,64
2018-02-11,8,46,67
2018-02-12,8,46,48
2018-02-13,8,46,51
2018-02-14,8,46,54
2018-02-15,8,46,58
2018-02-16,8,46,61
2018-02-17,8,46,64
2018-02-18,8,46,67
2018-02-19,8,46,48
2018-02-20,8,46,51
2018-02-21,8,46,54
2018-02-22,8,46,57
2018-02-23,8,46,60
2018-02-24,8,46,64
2018-02-25,8,46,67
2018-02-26,8,46,47
2018-02-27,8,46,51
2018-02-28,8,46,54
2018-03-01,8,46,59
2018-03-02,8,46,62
2018-03-03,8,46,65
2018-03-04,8,46,68
2018-03-05,8,46,49
2018-03-06,8,46,52
2018-03-07,8,46,55
2018-03-08,8,46,59
2018-03-09,8,46,62
2018-03-10,8,46,65
2018-03-11,8,46,68
2018-03-12,8,46,49
2018-03-13,8,46,52
2018-03-14,8,46,55
2018-03-15,8,46,58
2018-03-16,8,46,62
2018-03-17,8,46,65
2018-03-18,8,46,68
2018-03-19,8,46,49
2018-03-20,8,46,52
2018-03-21,8,46,55
2018-03-22,8,46,58
2018-03-23,8,46,61
2018-03-24,8,46,64
2018-03-25,8,46,68
2018-03-26,8,46,48
2018-03-27,8,46,51
2018-03-28,8,46,55
2018-03-29,8,46,58
2018-03-30,8,46,61
2018-03-31,8,46,64
2018-01-01,9,46,48
2018-01-02,9,46,51
2018-01-03,9,46,54
2018-01-04,9,46,57
2018-01-05,9,46,60
2018-01-06,9,46,63
2018-01-07,9,46,67
2018-01-08,9,46,47
2018-01-09,9,46,51
2018-01-10,9,46,54
2018-01-11,9,46,57
2018-01-12,9,46,60
2018-01-13,9,46,63
2018-01-14,9,46,66
2018-01-15,9,46,47
2018-01-16,9,46,50
2018-01-17,9,46,53
2018-01-18,9,46,57
2018-01-19,9,46,60
2018-01-20,9,46,63
2018-01-21,9,46,66
2018-01-22,9,46,47
2018-01-23,9,46,50
2018-01-24,9,46,53
2018-01-25,9,46,56
2018-01-26,9,46,60
2018-01-27,9,46,63
2018-01-28,9,46,66
2018-01-29,9,46,47
2018-01-30,9,46,50
2018-01-31,9,46,53
2018-02-01,9,46,58
2018-02-02,9,46,61
2018-02-03,9,46,64
2018-02-04,9,46,67
2018-02-05,9,46,48
2018-02-06,9,46,51
2018-02-07,9,46,55
2018-02-08,9,46,58
2018-02-09,9,46,61
2018-02-10,9,46,64
2018-02-11,9,46,67
2018-02-12,9,46,48
2018-02-13,9,46,51
2018-02-14,9,46,54
2018-02-15,9,46,57
2018-02-16,9,46,61
2018-02-17,9,46,64
2018-02-18,9,46,67
2018-02-19,9,46,48
2018-02-20,9,46,51
2018-02-21,9,46,54
2018-02-22,9,46,57
2018-02-23,9,46,60
2018-02-24,9,46,64
2018-02-25,9,46,67
2018-02-26,9,46,47
2018-02-27,9,46,51
2018-02-28,9,46,54
2018-03-01,9,46,59
2018-03-02,9,46,62
2018-03-03,9,46,65
2018-03-04,9,46,68
2018-03-05,9,46,49
2018-03-06,9,46,52
2018-03-07,9,46,55
2018-03-08,9,46,59
2018-03-09,9,46,62
2018-03-10,9,46,65
2018-03-11,9,46,68
2018-03-12,9,46,49
2018-03-13,9,46,52
2018-03-14,9,46,55
2018-03-15,9,46,58
2018-03-16,9,46,61
2018-03-17,9,46,65
2018-03-18,9,46,68
2018-03-19,9,46,48
2018-03-20,9,46,52
2018-03-21,9,46,55
2018-03-22,9,46,58
2018-03-23,9,46,61
2018-03-24,9,46,64
2018-03-25,9,46,67
2018-03-26,9,46,48
2018-03-27,9,46,51
2018-03-28,9,46,55
2018-03-29,9,46,58
2018-03-30,9,46,61
2018-03-31,9,46,64
2018-01-01,10,46,48
2018-01-02,10,46,51
2018-01-03,10,46,54
2018-01-04,10,46,57
2018-01-05,10,46,60
2018-01-06,10,46,63
2018-01-07,10,46,67
2018-01-08,10,46,47
2018-01-09,10,46,50
2018-01-10,10,46,54
2018-01-11,10,46,57
2018-01-12,10,46,60
2018-01-13,10,46,63
2018-01-14,10,46,66
2018-01-15,10,46,47
2018-01-16,10,46,50
2018-01-17,10,46,53
2018-01-18,10,46,57
2018-01-19,10,46,60
2018-01-20,10,46,63
2018-01-21,10,46,66
2018-01-22,10,46,47
2018-01-23,10,46,50
2018-01-24,10,46,53
2018-01-25,10,46,56
2018-01-26,10,46,59
2018-01-27,10,46,63
2018-01-28,10,46,66
2018-01-29,10,46,46
2018-01-30,10,46,50
2018-01-31,10,46,53
2018-02-01,10,46,58
2018-02-02,10,46,61
2018-02-03,10,46,64
2018-02-04,10,46,67
2018-02-05,10,46,48
2018-02-06,10,46,51
2018-02-07,10,46,54
2018-02-08,10,46,58
2018-02-09,10,46,61
2018-02-10,10,46,64
2018-02-11,10,46,67
2018-02-12,10,46,48
2018-02-13,10,46,51
2018-02-14,10,46,54
2018-02-15,10,46,57
2018-02-16,10,46,61
2018-02-17,10,46,64
2018-02-18,10,46,67
2018-02-19,10,46,48
2018-02-20,10,46,51
2018-02-21,10,46,54
2018-02-22,10,46,57
2018-02-23,10,46,60
2018-02-24,10,46,63
2018-02-25,10,46,67
2018-02-26,10,46,47
2018-02-27,10,46,50
2018-02-28,10,46,54
2018-03-01,10,46,59
2018-03-02,10,46,62
2018-03-03,10,46,65
2018-03-04,10,46,68
2018-03-05,10,46,49
2018-03-06,10,46,52
2018-03-07,10,46,55
2018-03-08,10,46,58
2018-03-09,10,46,62
2018-03-10,10,46,65
2018-03-11,10,46,68
2018-03-12,10,46,49
2018-03-13,10,46,52
2018-03-14,10,46,55
2018-03-15,10,46,58
2018-03-16,10,46,61
2018-03-17,10,46,65
2018-03-18,10,46,68
2018-03-19,10,46,48
2018-03-20,10,46,52
2018-03-21,10,46,55
2018-03-22,10,46,58
2018-03-23,10,46,61
2018-03-24,10,46,64
2018-03-25,10,46,67
2018-03-26,10,46,48
2018-03-27,10,46,51
2018-03-28,10,46,54
2018-03-29,10,46,58
2018-03-30,10,46,61
2018-03-31,10,46,64
2018-01-01,1,47,48
2018-01-02,1,47,51
2018-01-03,1,47,54
2018-01-04,1,47,58
2018-01-05,1,47,61
2018-01-06,1,47,64
2018-01-07,1,47,67
2018-01-08,1,47,48
2018-01-09,1,47,51
2018-01-10,1,47,54
2018-01-11,1,47,57
2018-01-12,1,47,61
2018-01-13,1,47,64
2018-01-14,1,47,67
2018-01-15,1,47,48
2018-01-16,1,47,51
2018-01-17,1,47,54
2018-01-18,1,47,57
2018-01-19,1,47,60
2018-01-20,1,47,63
2018-01-21,1,47,67
2018-01-22,1,47,47
2018-01-23,1,47,51
2018-01-24,1,47,54
2018-01-25,1,47,57
2018-01-26,1,47,60
2018-01-27,1,47,63
2018-01-28,1,47,66
2018-01-29,1,47,47
2018-01-30,1,47,50
2018-01-31,1,47,53
2018-02-01,1,47,58
2018-02-02,1,47,62
2018-02-03,1,47,65
2018-02-04,1,47,68
2018-02-05,1,47,49
2018-02-06,1,47,52
2018-02-07,1,47,55
2018-02-08,1,47,58
2018-02-09,1,47,61
2018-02-10,1,47,65
2018-02-11,1,47,68
2018-02-12,1,47,48
2018-02-13,1,47,52
2018-02-14,1,47,55
2018-02-15,1,47,58
2018-02-16,1,47,61
2018-02-17,1,47,64
2018-02-18,1,47,67
2018-02-19,1,47,48
2018-02-20,1,47,51
2018-02-21,1,47,55
2018-02-22,1,47,58
2018-02-23,1,47,61
2018-02-24,1,47,64
2018-02-25,1,47,67
2018-02-26,1,47,48
2018-02-27,1,47,51
2018-02-28,1,47,54
2018-03-01,1,47,59
2018-03-02,1,47,62
2018-03-03,1,47,66
2018-03-04,1,47,69
2018-03-05,1,47,50
2018-03-06,1,47,53
2018-03-07,1,47,56
2018-03-08,1,47,59
2018-03-09,1,47,62
2018-03-10,1,47,65
2018-03-11,1,47,69
2018-03-12,1,47,49
2018-03-13,1,47,52
2018-03-14,1,47,56
2018-03-15,1,47,59
2018-03-16,1,47,62
2018-03-17,1,47,65
2018-03-18,1,47,68
2018-03-19,1,47,49
2018-03-20,1,47,52
2018-03-21,1,47,55
2018-03-22,1,47,59
2018-03-23,1,47,62
2018-03-24,1,47,65
2018-03-25,1,47,68
2018-03-26,1,47,49
2018-03-27,1,47,52
2018-03-28,1,47,55
2018-03-29,1,47,58
2018-03-30,1,47,61
2018-03-31,1,47,65
2018-01-01,2,47,48
2018-01-02,2,47,51
2018-01-03,2,47,54
2018-01-04,2,47,58
2018-01-05,2,47,61
2018-01-06,2,47,64
2018-01-07,2,47,67
2018-01-08,2,47,48
2018-01-09,2,47,51
2018-01-10,2,47,54
2018-01-11,2,47,57
2018-01-12,2,47,60
2018-01-13,2,47,64
2018-01-14,2,47,67
2018-01-15,2,47,48
2018-01-16,2,47,51
2018-01-17,2,47,54
2018-01-18,2,47,57
2018-01-19,2,47,60
2018-01-20,2,47,63
2018-01-21,2,47,67
2018-01-22,2,47,47
2018-01-23,2,47,50
2018-01-24,2,47,54
2018-01-25,2,47,57
2018-01-26,2,47,60
2018-01-27,2,47,63
2018-01-28,2,47,66
2018-01-29,2,47,47
2018-01-30,2,47,50
2018-01-31,2,47,53
2018-02-01,2,47,58
2018-02-02,2,47,62
2018-02-03,2,47,65
2018-02-04,2,47,68
2018-02-05,2,47,49
2018-02-06,2,47,52
2018-02-07,2,47,55
2018-02-08,2,47,58
2018-02-09,2,47,61
2018-02-10,2,47,64
2018-02-11,2,47,68
2018-02-12,2,47,48
2018-02-13,2,47,52
2018-02-14,2,47,55
2018-02-15,2,47,58
2018-02-16,2,47,61
2018-02-17,2,47,64
2018-02-18,2,47,67
2018-02-19,2,47,48
2018-02-20,2,47,51
2018-02-21,2,47,54
2018-02-22,2,47,58
2018-02-23,2,47,61
2018-02-24,2,47,64
2018-02-25,2,47,67
2018-02-26,2,47,48
2018-02-27,2,47,51
2018-02-28,2,47,54
2018-03-01,2,47,59
2018-03-02,2,47,62
2018-03-03,2,47,66
2018-03-04,2,47,69
2018-03-05,2,47,49
2018-03-06,2,47,53
2018-03-07,2,47,56
2018-03-08,2,47,59
2018-03-09,2,47,62
2018-03-10,2,47,65
2018-03-11,2,47,68
2018-03-12,2,47,49
2018-03-13,2,47,52
2018-03-14,2,47,56
2018-03-15,2,47,59
2018-03-16,2,47,62
2018-03-17,2,47,65
2018-03-18,2,47,68
2018-03-19,2,47,49
2018-03-20,2,47,52
2018-03-21,2,47,55
2018-03-22,2,47,58
2018-03-23,2,47,62
2018-03-24,2,47,65
2018-03-25,2,47,68
2018-03-26,2,47,49
2018-03-27,2,47,52
2018-03-28,2,47,55
2018-03-29,2,47,58
2018-03-30,2,47,61
2018-03-31,2,47,64
2018-01-01,3,47,48
2018-01-02,3,47,51
2018-01-03,3,47,54
2018-01-04,3,47,58
2018-01-05,3,47,61
2018-01-06,3,47,64
2018-01-07,3,47,67
2018-01-08,3,47,48
2018-01-09,3,47,51
2018-01-10,3,47,54
2018-01-11,3,47,57
2018-01-12,3,47,60
2018-01-13,3,47,64
2018-01-14,3,47,67
2018-01-15,3,47,47
2018-01-16,3,47,51
2018-01-17,3,47,54
2018-01-18,3,47,57
2018-01-19,3,47,60
2018-01-20,3,47,63
2018-01-21,3,47,66
2018-01-22,3,47,47
2018-01-23,3,47,50
2018-01-24,3,47,54
2018-01-25,3,47,57
2018-01-26,3,47,60
2018-01-27,3,47,63
2018-01-28,3,47,66
2018-01-29,3,47,47
2018-01-30,3,47,50
2018-01-31,3,47,53
2018-02-01,3,47,58
2018-02-02,3,47,62
2018-02-03,3,47,65
2018-02-04,3,47,68
2018-02-05,3,47,49
2018-02-06,3,47,52
2018-02-07,3,47,55
2018-02-08,3,47,58
2018-02-09,3,47,61
2018-02-10,3,47,64
2018-02-11,3,47,68
2018-02-12,3,47,48
2018-02-13,3,47,51
2018-02-14,3,47,55
2018-02-15,3,47,58
2018-02-16,3,47,61
2018-02-17,3,47,64
2018-02-18,3,47,67
2018-02-19,3,47,48
2018-02-20,3,47,51
2018-02-21,3,47,54
2018-02-22,3,47,58
2018-02-23,3,47,61
2018-02-24,3,47,64
2018-02-25,3,47,67
2018-02-26,3,47,48
2018-02-27,3,47,51
2018-02-28,3,47,54
2018-03-01,3,47,59
2018-03-02,3,47,62
2018-03-03,3,47,65
2018-03-04,3,47,69
2018-03-05,3,47,49
2018-03-06,3,47,53
2018-03-07,3,47,56
2018-03-08,3,47,59
2018-03-09,3,47,62
2018-03-10,3,47,65
2018-03-11,3,47,68
2018-03-12,3,47,49
2018-03-13,3,47,52
2018-03-14,3,47,55
2018-03-15,3,47,59
2018-03-16,3,47,62
2018-03-17,3,47,65
2018-03-18,3,47,68
2018-03-19,3,47,49
2018-03-20,3,47,52
2018-03-21,3,47,55
2018-03-22,3,47,58
2018-03-23,3,47,62
2018-03-24,3,47,65
2018-03-25,3,47,68
2018-03-26,3,47,49
2018-03-27,3,47,52
2018-03-28,3,47,55
2018-03-29,3,47,58
2018-03-30,3,47,61
2018-03-31,3,47,64
2018-01-01,4,47,48
2018-01-02,4,47,51
2018-01-03,4,47,54
2018-01-04,4,47,57
2018-01-05,4,47,61
2018-01-06,4,47,64
2018-01-07,4,47,67
2018-01-08,4,47,48
2018-01-09,4,47,51
2018-01-10,4,47,54
2018-01-11,4,47,57
2018-01-12,4,47,60
2018-01-13,4,47,63
2018-01-14,4,47,67
2018-01-15,4,47,47
2018-01-16,4,47,51
2018-01-17,4,47,54
2018-01-18,4,47,57
2018-01-19,4,47,60
2018-01-20,4,47,63
2018-01-21,4,47,66
2018-01-22,4,47,47
2018-01-23,4,47,50
2018-01-24,4,47,53
2018-01-25,4,47,57
2018-01-26,4,47,60
2018-01-27,4,47,63
2018-01-28,4,47,66
2018-01-29,4,47,47
2018-01-30,4,47,50
2018-01-31,4,47,53
2018-02-01,4,47,58
2018-02-02,4,47,61
2018-02-03,4,47,65
2018-02-04,4,47,68
2018-02-05,4,47,48
2018-02-06,4,47,52
2018-02-07,4,47,55
2018-02-08,4,47,58
2018-02-09,4,47,61
2018-02-10,4,47,64
2018-02-11,4,47,67
2018-02-12,4,47,48
2018-02-13,4,47,51
2018-02-14,4,47,55
2018-02-15,4,47,58
2018-02-16,4,47,61
2018-02-17,4,47,64
2018-02-18,4,47,67
2018-02-19,4,47,48
2018-02-20,4,47,51
2018-02-21,4,47,54
2018-02-22,4,47,57
2018-02-23,4,47,61
2018-02-24,4,47,64
2018-02-25,4,47,67
2018-02-26,4,47,48
2018-02-27,4,47,51
2018-02-28,4,47,54
2018-03-01,4,47,59
2018-03-02,4,47,62
2018-03-03,4,47,65
2018-03-04,4,47,69
2018-03-05,4,47,49
2018-03-06,4,47,52
2018-03-07,4,47,56
2018-03-08,4,47,59
2018-03-09,4,47,62
2018-03-10,4,47,65
2018-03-11,4,47,68
2018-03-12,4,47,49
2018-03-13,4,47,52
2018-03-14,4,47,55
2018-03-15,4,47,59
2018-03-16,4,47,62
2018-03-17,4,47,65
2018-03-18,4,47,68
2018-03-19,4,47,49
2018-03-20,4,47,52
2018-03-21,4,47,55
2018-03-22,4,47,58
2018-03-23,4,47,61
2018-03-24,4,47,65
2018-03-25,4,47,68
2018-03-26,4,47,49
2018-03-27,4,47,52
2018-03-28,4,47,55
2018-03-29,4,47,58
2018-03-30,4,47,61
2018-03-31,4,47,64
2018-01-01,5,47,48
2018-01-02,5,47,51
2018-01-03,5,47,54
2018-01-04,5,47,57
2018-01-05,5,47,61
2018-01-06,5,47,64
2018-01-07,5,47,67
2018-01-08,5,47,48
2018-01-09,5,47,51
2018-01-10,5,47,54
2018-01-11,5,47,57
2018-01-12,5,47,60
2018-01-13,5,47,63
2018-01-14,5,47,67
2018-01-15,5,47,47
2018-01-16,5,47,50
2018-01-17,5,47,54
2018-01-18,5,47,57
2018-01-19,5,47,60
2018-01-20,5,47,63
2018-01-21,5,47,66
2018-01-22,5,47,47
2018-01-23,5,47,50
2018-01-24,5,47,53
2018-01-25,5,47,57
2018-01-26,5,47,60
2018-01-27,5,47,63
2018-01-28,5,47,66
2018-01-29,5,47,47
2018-01-30,5,47,50
2018-01-31,5,47,53
2018-02-01,5,47,58
2018-02-02,5,47,61
2018-02-03,5,47,65
2018-02-04,5,47,68
2018-02-05,5,47,48
2018-02-06,5,47,52
2018-02-07,5,47,55
2018-02-08,5,47,58
2018-02-09,5,47,61
2018-02-10,5,47,64
2018-02-11,5,47,67
2018-02-12,5,47,48
2018-02-13,5,47,51
2018-02-14,5,47,54
2018-02-15,5,47,58
2018-02-16,5,47,61
2018-02-17,5,47,64
2018-02-18,5,47,67
2018-02-19,5,47,48
2018-02-20,5,47,51
2018-02-21,5,47,54
2018-02-22,5,47,57
2018-02-23,5,47,61
2018-02-24,5,47,64
2018-02-25,5,47,67
2018-02-26,5,47,48
2018-02-27,5,47,51
2018-02-28,5,47,54
2018-03-01,5,47,59
2018-03-02,5,47,62
2018-03-03,5,47,65
2018-03-04,5,47,69
2018-03-05,5,47,49
2018-03-06,5,47,52
2018-03-07,5,47,56
2018-03-08,5,47,59
2018-03-09,5,47,62
2018-03-10,5,47,65
2018-03-11,5,47,68
2018-03-12,5,47,49
2018-03-13,5,47,52
2018-03-14,5,47,55
2018-03-15,5,47,58
2018-03-16,5,47,62
2018-03-17,5,47,65
2018-03-18,5,47,68
2018-03-19,5,47,49
2018-03-20,5,47,52
2018-03-21,5,47,55
2018-03-22,5,47,58
2018-03-23,5,47,61
2018-03-24,5,47,65
2018-03-25,5,47,68
2018-03-26,5,47,48
2018-03-27,5,47,52
2018-03-28,5,47,55
2018-03-29,5,47,58
2018-03-30,5,47,61
2018-03-31,5,47,64
2018-01-01,6,47,48
2018-01-02,6,47,51
2018-01-03,6,47,54
2018-01-04,6,47,57
2018-01-05,6,47,60
2018-01-06,6,47,64
2018-01-07,6,47,67
2018-01-08,6,47,48
2018-01-09,6,47,51
2018-01-10,6,47,54
2018-01-11,6,47,57
2018-01-12,6,47,60
2018-01-13,6,47,63
2018-01-14,6,47,67
2018-01-15,6,47,47
2018-01-16,6,47,50
2018-01-17,6,47,54
2018-01-18,6,47,57
2018-01-19,6,47,60
2018-01-20,6,47,63
2018-01-21,6,47,66
2018-01-22,6,47,47
2018-01-23,6,47,50
2018-01-24,6,47,53
2018-01-25,6,47,56
2018-01-26,6,47,60
2018-01-27,6,47,63
2018-01-28,6,47,66
2018-01-29,6,47,47
2018-01-30,6,47,50
2018-01-31,6,47,53
2018-02-01,6,47,58
2018-02-02,6,47,61
2018-02-03,6,47,64
2018-02-04,6,47,68
2018-02-05,6,47,48
2018-02-06,6,47,51
2018-02-07,6,47,55
2018-02-08,6,47,58
2018-02-09,6,47,61
2018-02-10,6,47,64
2018-02-11,6,47,67
2018-02-12,6,47,48
2018-02-13,6,47,51
2018-02-14,6,47,54
2018-02-15,6,47,58
2018-02-16,6,47,61
2018-02-17,6,47,64
2018-02-18,6,47,67
2018-02-19,6,47,48
2018-02-20,6,47,51
2018-02-21,6,47,54
2018-02-22,6,47,57
2018-02-23,6,47,60
2018-02-24,6,47,64
2018-02-25,6,47,67
2018-02-26,6,47,48
2018-02-27,6,47,51
2018-02-28,6,47,54
2018-03-01,6,47,59
2018-03-02,6,47,62
2018-03-03,6,47,65
2018-03-04,6,47,68
2018-03-05,6,47,49
2018-03-06,6,47,52
2018-03-07,6,47,55
2018-03-08,6,47,59
2018-03-09,6,47,62
2018-03-10,6,47,65
2018-03-11,6,47,68
2018-03-12,6,47,49
2018-03-13,6,47,52
2018-03-14,6,47,55
2018-03-15,6,47,58
2018-03-16,6,47,62
2018-03-17,6,47,65
2018-03-18,6,47,68
2018-03-19,6,47,49
2018-03-20,6,47,52
2018-03-21,6,47,55
2018-03-22,6,47,58
2018-03-23,6,47,61
2018-03-24,6,47,64
2018-03-25,6,47,68
2018-03-26,6,47,48
2018-03-27,6,47,52
2018-03-28,6,47,55
2018-03-29,6,47,58
2018-03-30,6,47,61
2018-03-31,6,47,64
2018-01-01,7,47,48
2018-01-02,7,47,51
2018-01-03,7,47,54
2018-01-04,7,47,57
2018-01-05,7,47,60
2018-01-06,7,47,64
2018-01-07,7,47,67
2018-01-08,7,47,47
2018-01-09,7,47,51
2018-01-10,7,47,54
2018-01-11,7,47,57
2018-01-12,7,47,60
2018-01-13,7,47,63
2018-01-14,7,47,66
2018-01-15,7,47,47
2018-01-16,7,47,50
2018-01-17,7,47,53
2018-01-18,7,47,57
2018-01-19,7,47,60
2018-01-20,7,47,63
2018-01-21,7,47,66
2018-01-22,7,47,47
2018-01-23,7,47,50
2018-01-24,7,47,53
2018-01-25,7,47,56
2018-01-26,7,47,60
2018-01-27,7,47,63
2018-01-28,7,47,66
2018-01-29,7,47,47
2018-01-30,7,47,50
2018-01-31,7,47,53
2018-02-01,7,47,58
2018-02-02,7,47,61
2018-02-03,7,47,64
2018-02-04,7,47,68
2018-02-05,7,47,48
2018-02-06,7,47,51
2018-02-07,7,47,55
2018-02-08,7,47,58
2018-02-09,7,47,61
2018-02-10,7,47,64
2018-02-11,7,47,67
2018-02-12,7,47,48
2018-02-13,7,47,51
2018-02-14,7,47,54
2018-02-15,7,47,57
2018-02-16,7,47,61
2018-02-17,7,47,64
2018-02-18,7,47,67
2018-02-19,7,47,48
2018-02-20,7,47,51
2018-02-21,7,47,54
2018-02-22,7,47,57
2018-02-23,7,47,60
2018-02-24,7,47,64
2018-02-25,7,47,67
2018-02-26,7,47,47
2018-02-27,7,47,51
2018-02-28,7,47,54
2018-03-01,7,47,59
2018-03-02,7,47,62
2018-03-03,7,47,65
2018-03-04,7,47,68
2018-03-05,7,47,49
2018-03-06,7,47,52
2018-03-07,7,47,55
2018-03-08,7,47,59
2018-03-09,7,47,62
2018-03-10,7,47,65
2018-03-11,7,47,68
2018-03-12,7,47,49
2018-03-13,7,47,52
2018-03-14,7,47,55
2018-03-15,7,47,58
2018-03-16,7,47,61
2018-03-17,7,47,65
2018-03-18,7,47,68
2018-03-19,7,47,49
2018-03-20,7,47,52
2018-03-21,7,47,55
2018-03-22,7,47,58
2018-03-23,7,47,61
2018-03-24,7,47,64
2018-03-25,7,47,68
2018-03-26,7,47,48
2018-03-27,7,47,51
2018-03-28,7,47,55
2018-03-29,7,47,58
2018-03-30,7,47,61
2018-03-31,7,47,64
2018-01-01,8,47,48
2018-01-02,8,47,51
2018-01-03,8,47,54
2018-01-04,8,47,57
2018-01-05,8,47,60
2018-01-06,8,47,63
2018-01-07,8,47,67
2018-01-08,8,47,47
2018-01-09,8,47,51
2018-01-10,8,47,54
2018-01-11,8,47,57
2018-01-12,8,47,60
2018-01-13,8,47,63
2018-01-14,8,47,66
2018-01-15,8,47,47
2018-01-16,8,47,50
2018-01-17,8,47,53
2018-01-18,8,47,57
2018-01-19,8,47,60
2018-01-20,8,47,63
2018-01-21,8,47,66
2018-01-22,8,47,47
2018-01-23,8,47,50
2018-01-24,8,47,53
2018-01-25,8,47,56
2018-01-26,8,47,59
2018-01-27,8,47,63
2018-01-28,8,47,66
2018-01-29,8,47,47
2018-01-30,8,47,50
2018-01-31,8,47,53
2018-02-01,8,47,58
2018-02-02,8,47,61
2018-02-03,8,47,64
2018-02-04,8,47,67
2018-02-05,8,47,48
2018-02-06,8,47,51
2018-02-07,8,47,55
2018-02-08,8,47,58
2018-02-09,8,47,61
2018-02-10,8,47,64
2018-02-11,8,47,67
2018-02-12,8,47,48
2018-02-13,8,47,51
2018-02-14,8,47,54
2018-02-15,8,47,57
2018-02-16,8,47,61
2018-02-17,8,47,64
2018-02-18,8,47,67
2018-02-19,8,47,48
2018-02-20,8,47,51
2018-02-21,8,47,54
2018-02-22,8,47,57
2018-02-23,8,47,60
2018-02-24,8,47,63
2018-02-25,8,47,67
2018-02-26,8,47,47
2018-02-27,8,47,51
2018-02-28,8,47,54
2018-03-01,8,47,59
2018-03-02,8,47,62
2018-03-03,8,47,65
2018-03-04,8,47,68
2018-03-05,8,47,49
2018-03-06,8,47,52
2018-03-07,8,47,55
2018-03-08,8,47,59
2018-03-09,8,47,62
2018-03-10,8,47,65
2018-03-11,8,47,68
2018-03-12,8,47,49
2018-03-13,8,47,52
2018-03-14,8,47,55
2018-03-15,8,47,58
2018-03-16,8,47,61
2018-03-17,8,47,65
2018-03-18,8,47,68
2018-03-19,8,47,48
2018-03-20,8,47,52
2018-03-21,8,47,55
2018-03-22,8,47,58
2018-03-23,8,47,61
2018-03-24,8,47,64
2018-03-25,8,47,67
2018-03-26,8,47,48
2018-03-27,8,47,51
2018-03-28,8,47,55
2018-03-29,8,47,58
2018-03-30,8,47,61
2018-03-31,8,47,64
2018-01-01,9,47,48
2018-01-02,9,47,51
2018-01-03,9,47,54
2018-01-04,9,47,57
2018-01-05,9,47,60
2018-01-06,9,47,63
2018-01-07,9,47,67
2018-01-08,9,47,47
2018-01-09,9,47,50
2018-01-10,9,47,54
2018-01-11,9,47,57
2018-01-12,9,47,60
2018-01-13,9,47,63
2018-01-14,9,47,66
2018-01-15,9,47,47
2018-01-16,9,47,50
2018-01-17,9,47,53
2018-01-18,9,47,56
2018-01-19,9,47,60
2018-01-20,9,47,63
2018-01-21,9,47,66
2018-01-22,9,47,47
2018-01-23,9,47,50
2018-01-24,9,47,53
2018-01-25,9,47,56
2018-01-26,9,47,59
2018-01-27,9,47,63
2018-01-28,9,47,66
2018-01-29,9,47,46
2018-01-30,9,47,50
2018-01-31,9,47,53
2018-02-01,9,47,58
2018-02-02,9,47,61
2018-02-03,9,47,64
2018-02-04,9,47,67
2018-02-05,9,47,48
2018-02-06,9,47,51
2018-02-07,9,47,54
2018-02-08,9,47,58
2018-02-09,9,47,61
2018-02-10,9,47,64
2018-02-11,9,47,67
2018-02-12,9,47,48
2018-02-13,9,47,51
2018-02-14,9,47,54
2018-02-15,9,47,57
2018-02-16,9,47,60
2018-02-17,9,47,64
2018-02-18,9,47,67
2018-02-19,9,47,48
2018-02-20,9,47,51
2018-02-21,9,47,54
2018-02-22,9,47,57
2018-02-23,9,47,60
2018-02-24,9,47,63
2018-02-25,9,47,67
2018-02-26,9,47,47
2018-02-27,9,47,50
2018-02-28,9,47,54
2018-03-01,9,47,59
2018-03-02,9,47,62
2018-03-03,9,47,65
2018-03-04,9,47,68
2018-03-05,9,47,49
2018-03-06,9,47,52
2018-03-07,9,47,55
2018-03-08,9,47,58
2018-03-09,9,47,62
2018-03-10,9,47,65
2018-03-11,9,47,68
2018-03-12,9,47,49
2018-03-13,9,47,52
2018-03-14,9,47,55
2018-03-15,9,47,58
2018-03-16,9,47,61
2018-03-17,9,47,64
2018-03-18,9,47,68
2018-03-19,9,47,48
2018-03-20,9,47,52
2018-03-21,9,47,55
2018-03-22,9,47,58
2018-03-23,9,47,61
2018-03-24,9,47,64
2018-03-25,9,47,67
2018-03-26,9,47,48
2018-03-27,9,47,51
2018-03-28,9,47,54
2018-03-29,9,47,58
2018-03-30,9,47,61
2018-03-31,9,47,64
2018-01-01,10,47,47
2018-01-02,10,47,51
2018-01-03,10,47,54
2018-01-04,10,47,57
2018-01-05,10,47,60
2018-01-06,10,47,63
2018-01-07,10,47,66
2018-01-08,10,47,47
2018-01-09,10,47,50
2018-01-10,10,47,54
2018-01-11,10,47,57
2018-01-12,10,47,60
2018-01-13,10,47,63
2018-01-14,10,47,66
2018-01-15,10,47,47
2018-01-16,10,47,50
2018-01-17,10,47,53
2018-01-18,10,47,56
2018-01-19,10,47,60
2018-01-20,10,47,63
2018-01-21,10,47,66
2018-01-22,10,47,47
2018-01-23,10,47,50
2018-01-24,10,47,53
2018-01-25,10,47,56
2018-01-26,10,47,59
2018-01-27,10,47,62
2018-01-28,10,47,66
2018-01-29,10,47,46
2018-01-30,10,47,50
2018-01-31,10,47,53
2018-02-01,10,47,58
2018-02-02,10,47,61
2018-02-03,10,47,64
2018-02-04,10,47,67
2018-02-05,10,47,48
2018-02-06,10,47,51
2018-02-07,10,47,54
2018-02-08,10,47,58
2018-02-09,10,47,61
2018-02-10,10,47,64
2018-02-11,10,47,67
2018-02-12,10,47,48
2018-02-13,10,47,51
2018-02-14,10,47,54
2018-02-15,10,47,57
2018-02-16,10,47,60
2018-02-17,10,47,64
2018-02-18,10,47,67
2018-02-19,10,47,47
2018-02-20,10,47,51
2018-02-21,10,47,54
2018-02-22,10,47,57
2018-02-23,10,47,60
2018-02-24,10,47,63
2018-02-25,10,47,66
2018-02-26,10,47,47
2018-02-27,10,47,50
2018-02-28,10,47,54
2018-03-01,10,47,59
2018-03-02,10,47,62
2018-03-03,10,47,65
2018-03-04,10,47,68
2018-03-05,10,47,49
2018-03-06,10,47,52
2018-03-07,10,47,55
2018-03-08,10,47,58
2018-03-09,10,47,62
2018-03-10,10,47,65
2018-03-11,10,47,68
2018-03-12,10,47,49
2018-03-13,10,47,52
2018-03-14,10,47,55
2018-03-15,10,47,58
2018-03-16,10,47,61
2018-03-17,10,47,64
2018-03-18,10,47,68
2018-03-19,10,47,48
2018-03-20,10,47,51
2018-03-21,10,47,55
2018-03-22,10,47,58
2018-03-23,10,47,61
2018-03-24,10,47,64
2018-03-25,10,47,67
2018-03-26,10,47,48
2018-03-27,10,47,51
2018-03-28,10,47,54
2018-03-29,10,47,58
2018-03-30,10,47,61
2018-03-31,10,47,64
2018-01-01,1,48,48
2018-01-02,1,48,51
2018-01-03,1,48,54
2018-01-04,1,48,58
2018-01-05,1,48,61
2018-01-06,1,48,64
2018-01-07,1,48,67
2018-01-08,1,48,48
2018-01-09,1,48,51
2018-01-10,1,48,54
2018-01-11,1,48,57
2018-01-12,1,48,60
2018-01-13,1,48,64
2018-01-14,1,48,67
2018-01-15,1,48,48
2018-01-16,1,48,51
2018-01-17,1,48,54
2018-01-18,1,48,57
2018-01-19,1,48,60
2018-01-20,1,48,63
2018-01-21,1,48,67
2018-01-22,1,48,47
2018-01-23,1,48,50
2018-01-24,1,48,54
2018-01-25,1,48,57
2018-01-26,1,48,60
2018-01-27,1,48,63
2018-01-28,1,48,66
2018-01-29,1,48,47
2018-01-30,1,48,50
2018-01-31,1,48,53
2018-02-01,1,48,58
2018-02-02,1,48,62
2018-02-03,1,48,65
2018-02-04,1,48,68
2018-02-05,1,48,49
2018-02-06,1,48,52
2018-02-07,1,48,55
2018-02-08,1,48,58
2018-02-09,1,48,61
2018-02-10,1,48,64
2018-02-11,1,48,68
2018-02-12,1,48,48
2018-02-13,1,48,52
2018-02-14,1,48,55
2018-02-15,1,48,58
2018-02-16,1,48,61
2018-02-17,1,48,64
2018-02-18,1,48,67
2018-02-19,1,48,48
2018-02-20,1,48,51
2018-02-21,1,48,54
2018-02-22,1,48,58
2018-02-23,1,48,61
2018-02-24,1,48,64
2018-02-25,1,48,67
2018-02-26,1,48,48
2018-02-27,1,48,51
2018-02-28,1,48,54
2018-03-01,1,48,59
2018-03-02,1,48,62
2018-03-03,1,48,66
2018-03-04,1,48,69
2018-03-05,1,48,49
2018-03-06,1,48,53
2018-03-07,1,48,56
2018-03-08,1,48,59
2018-03-09,1,48,62
2018-03-10,1,48,65
2018-03-11,1,48,68
2018-03-12,1,48,49
2018-03-13,1,48,52
2018-03-14,1,48,55
2018-03-15,1,48,59
2018-03-16,1,48,62
2018-03-17,1,48,65
2018-03-18,1,48,68
2018-03-19,1,48,49
2018-03-20,1,48,52
2018-03-21,1,48,55
2018-03-22,1,48,58
2018-03-23,1,48,62
2018-03-24,1,48,65
2018-03-25,1,48,68
2018-03-26,1,48,49
2018-03-27,1,48,52
2018-03-28,1,48,55
2018-03-29,1,48,58
2018-03-30,1,48,61
2018-03-31,1,48,64
2018-01-01,2,48,48
2018-01-02,2,48,51
2018-01-03,2,48,54
2018-01-04,2,48,57
2018-01-05,2,48,61
2018-01-06,2,48,64
2018-01-07,2,48,67
2018-01-08,2,48,48
2018-01-09,2,48,51
2018-01-10,2,48,54
2018-01-11,2,48,57
2018-01-12,2,48,60
2018-01-13,2,48,64
2018-01-14,2,48,67
2018-01-15,2,48,47
2018-01-16,2,48,51
2018-01-17,2,48,54
2018-01-18,2,48,57
2018-01-19,2,48,60
2018-01-20,2,48,63
2018-01-21,2,48,66
2018-01-22,2,48,47
2018-01-23,2,48,50
2018-01-24,2,48,53
2018-01-25,2,48,57
2018-01-26,2,48,60
2018-01-27,2,48,63
2018-01-28,2,48,66
2018-01-29,2,48,47
2018-01-30,2,48,50
2018-01-31,2,48,53
2018-02-01,2,48,58
2018-02-02,2,48,61
2018-02-03,2,48,65
2018-02-04,2,48,68
2018-02-05,2,48,49
2018-02-06,2,48,52
2018-02-07,2,48,55
2018-02-08,2,48,58
2018-02-09,2,48,61
2018-02-10,2,48,64
2018-02-11,2,48,68
2018-02-12,2,48,48
2018-02-13,2,48,51
2018-02-14,2,48,55
2018-02-15,2,48,58
2018-02-16,2,48,61
2018-02-17,2,48,64
2018-02-18,2,48,67
2018-02-19,2,48,48
2018-02-20,2,48,51
2018-02-21,2,48,54
2018-02-22,2,48,57
2018-02-23,2,48,61
2018-02-24,2,48,64
2018-02-25,2,48,67
2018-02-26,2,48,48
2018-02-27,2,48,51
2018-02-28,2,48,54
2018-03-01,2,48,59
2018-03-02,2,48,62
2018-03-03,2,48,65
2018-03-04,2,48,69
2018-03-05,2,48,49
2018-03-06,2,48,53
2018-03-07,2,48,56
2018-03-08,2,48,59
2018-03-09,2,48,62
2018-03-10,2,48,65
2018-03-11,2,48,68
2018-03-12,2,48,49
2018-03-13,2,48,52
2018-03-14,2,48,55
2018-03-15,2,48,59
2018-03-16,2,48,62
2018-03-17,2,48,65
2018-03-18,2,48,68
2018-03-19,2,48,49
2018-03-20,2,48,52
2018-03-21,2,48,55
2018-03-22,2,48,58
2018-03-23,2,48,61
2018-03-24,2,48,65
2018-03-25,2,48,68
2018-03-26,2,48,49
2018-03-27,2,48,52
2018-03-28,2,48,55
2018-03-29,2,48,58
2018-03-30,2,48,61
2018-03-31,2,48,64
2018-01-01,3,48,48
2018-01-02,3,48,51
2018-01-03,3,48,54
2018-01-04,3,48,57
2018-01-05,3,48,61
2018-01-06,3,48,64
2018-01-07,3,48,67
2018-01-08,3,48,48
2018-01-09,3,48,51
2018-01-10,3,48,54
2018-01-11,3,48,57
2018-01-12,3,48,60
2018-01-13,3,48,63
2018-01-14,3,48,67
2018-01-15,3,48,47
2018-01-16,3,48,51
2018-01-17,3,48,54
2018-01-18,3,48,57
2018-01-19,3,48,60
2018-01-20,3,48,63
2018-01-21,3,48,66
2018-01-22,3,48,47
2018-01-23,3,48,50
2018-01-24,3,48,53
2018-01-25,3,48,57
2018-01-26,3,48,60
2018-01-27,3,48,63
2018-01-28,3,48,66
2018-01-29,3,48,47
2018-01-30,3,48,50
2018-01-31,3,48,53
2018-02-01,3,48,58
2018-02-02,3,48,61
2018-02-03,3,48,65
2018-02-04,3,48,68
2018-02-05,3,48,48
2018-02-06,3,48,52
2018-02-07,3,48,55
2018-02-08,3,48,58
2018-02-09,3,48,61
2018-02-10,3,48,64
2018-02-11,3,48,67
2018-02-12,3,48,48
2018-02-13,3,48,51
2018-02-14,3,48,55
2018-02-15,3,48,58
2018-02-16,3,48,61
2018-02-17,3,48,64
2018-02-18,3,48,67
2018-02-19,3,48,48
2018-02-20,3,48,51
2018-02-21,3,48,54
2018-02-22,3,48,57
2018-02-23,3,48,61
2018-02-24,3,48,64
2018-02-25,3,48,67
2018-02-26,3,48,48
2018-02-27,3,48,51
2018-02-28,3,48,54
2018-03-01,3,48,59
2018-03-02,3,48,62
2018-03-03,3,48,65
2018-03-04,3,48,69
2018-03-05,3,48,49
2018-03-06,3,48,52
2018-03-07,3,48,56
2018-03-08,3,48,59
2018-03-09,3,48,62
2018-03-10,3,48,65
2018-03-11,3,48,68
2018-03-12,3,48,49
2018-03-13,3,48,52
2018-03-14,3,48,55
2018-03-15,3,48,59
2018-03-16,3,48,62
2018-03-17,3,48,65
2018-03-18,3,48,68
2018-03-19,3,48,49
2018-03-20,3,48,52
2018-03-21,3,48,55
2018-03-22,3,48,58
2018-03-23,3,48,61
2018-03-24,3,48,65
2018-03-25,3,48,68
2018-03-26,3,48,48
2018-03-27,3,48,52
2018-03-28,3,48,55
2018-03-29,3,48,58
2018-03-30,3,48,61
2018-03-31,3,48,64
2018-01-01,4,48,48
2018-01-02,4,48,51
2018-01-03,4,48,54
2018-01-04,4,48,57
2018-01-05,4,48,60
2018-01-06,4,48,64
2018-01-07,4,48,67
2018-01-08,4,48,48
2018-01-09,4,48,51
2018-01-10,4,48,54
2018-01-11,4,48,57
2018-01-12,4,48,60
2018-01-13,4,48,63
2018-01-14,4,48,67
2018-01-15,4,48,47
2018-01-16,4,48,50
2018-01-17,4,48,54
2018-01-18,4,48,57
2018-01-19,4,48,60
2018-01-20,4,48,63
2018-01-21,4,48,66
2018-01-22,4,48,47
2018-01-23,4,48,50
2018-01-24,4,48,53
2018-01-25,4,48,57
2018-01-26,4,48,60
2018-01-27,4,48,63
2018-01-28,4,48,66
2018-01-29,4,48,47
2018-01-30,4,48,50
2018-01-31,4,48,53
2018-02-01,4,48,58
2018-02-02,4,48,61
2018-02-03,4,48,64
2018-02-04,4,48,68
2018-02-05,4,48,48
2018-02-06,4,48,52
2018-02-07,4,48,55
2018-02-08,4,48,58
2018-02-09,4,48,61
2018-02-10,4,48,64
2018-02-11,4,48,67
2018-02-12,4,48,48
2018-02-13,4,48,51
2018-02-14,4,48,54
2018-02-15,4,48,58
2018-02-16,4,48,61
2018-02-17,4,48,64
2018-02-18,4,48,67
2018-02-19,4,48,48
2018-02-20,4,48,51
2018-02-21,4,48,54
2018-02-22,4,48,57
2018-02-23,4,48,61
2018-02-24,4,48,64
2018-02-25,4,48,67
2018-02-26,4,48,48
2018-02-27,4,48,51
2018-02-28,4,48,54
2018-03-01,4,48,59
2018-03-02,4,48,62
2018-03-03,4,48,65
2018-03-04,4,48,68
2018-03-05,4,48,49
2018-03-06,4,48,52
2018-03-07,4,48,56
2018-03-08,4,48,59
2018-03-09,4,48,62
2018-03-10,4,48,65
2018-03-11,4,48,68
2018-03-12,4,48,49
2018-03-13,4,48,52
2018-03-14,4,48,55
2018-03-15,4,48,58
2018-03-16,4,48,62
2018-03-17,4,48,65
2018-03-18,4,48,68
2018-03-19,4,48,49
2018-03-20,4,48,52
2018-03-21,4,48,55
2018-03-22,4,48,58
2018-03-23,4,48,61
2018-03-24,4,48,64
2018-03-25,4,48,68
2018-03-26,4,48,48
2018-03-27,4,48,52
2018-03-28,4,48,55
2018-03-29,4,48,58
2018-03-30,4,48,61
2018-03-31,4,48,64
2018-01-01,5,48,48
2018-01-02,5,48,51
2018-01-03,5,48,54
2018-01-04,5,48,57
2018-01-05,5,48,60
2018-01-06,5,48,64
2018-01-07,5,48,67
2018-01-08,5,48,47
2018-01-09,5,48,51
2018-01-10,5,48,54
2018-01-11,5,48,57
2018-01-12,5,48,60
2018-01-13,5,48,63
2018-01-14,5,48,66
2018-01-15,5,48,47
2018-01-16,5,48,50
2018-01-17,5,48,54
2018-01-18,5,48,57
2018-01-19,5,48,60
2018-01-20,5,48,63
2018-01-21,5,48,66
2018-01-22,5,48,47
2018-01-23,5,48,50
2018-01-24,5,48,53
2018-01-25,5,48,56
2018-01-26,5,48,60
2018-01-27,5,48,63
2018-01-28,5,48,66
2018-01-29,5,48,47
2018-01-30,5,48,50
2018-01-31,5,48,53
2018-02-01,5,48,58
2018-02-02,5,48,61
2018-02-03,5,48,64
2018-02-04,5,48,68
2018-02-05,5,48,48
2018-02-06,5,48,51
2018-02-07,5,48,55
2018-02-08,5,48,58
2018-02-09,5,48,61
2018-02-10,5,48,64
2018-02-11,5,48,67
2018-02-12,5,48,48
2018-02-13,5,48,51
2018-02-14,5,48,54
2018-02-15,5,48,58
2018-02-16,5,48,61
2018-02-17,5,48,64
2018-02-18,5,48,67
2018-02-19,5,48,48
2018-02-20,5,48,51
2018-02-21,5,48,54
2018-02-22,5,48,57
2018-02-23,5,48,60
2018-02-24,5,48,64
2018-02-25,5,48,67
2018-02-26,5,48,47
2018-02-27,5,48,51
2018-02-28,5,48,54
2018-03-01,5,48,59
2018-03-02,5,48,62
2018-03-03,5,48,65
2018-03-04,5,48,68
2018-03-05,5,48,49
2018-03-06,5,48,52
2018-03-07,5,48,55
2018-03-08,5,48,59
2018-03-09,5,48,62
2018-03-10,5,48,65
2018-03-11,5,48,68
2018-03-12,5,48,49
2018-03-13,5,48,52
2018-03-14,5,48,55
2018-03-15,5,48,58
2018-03-16,5,48,62
2018-03-17,5,48,65
2018-03-18,5,48,68
2018-03-19,5,48,49
2018-03-20,5,48,52
2018-03-21,5,48,55
2018-03-22,5,48,58
2018-03-23,5,48,61
2018-03-24,5,48,64
2018-03-25,5,48,68
2018-03-26,5,48,48
2018-03-27,5,48,51
2018-03-28,5,48,55
2018-03-29,5,48,58
2018-03-30,5,48,61
2018-03-31,5,48,64
2018-01-01,6,48,48
2018-01-02,6,48,51
2018-01-03,6,48,54
2018-01-04,6,48,57
2018-01-05,6,48,60
2018-01-06,6,48,63
2018-01-07,6,48,67
2018-01-08,6,48,47
2018-01-09,6,48,51
2018-01-10,6,48,54
2018-01-11,6,48,57
2018-01-12,6,48,60
2018-01-13,6,48,63
2018-01-14,6,48,66
2018-01-15,6,48,47
2018-01-16,6,48,50
2018-01-17,6,48,53
2018-01-18,6,48,57
2018-01-19,6,48,60
2018-01-20,6,48,63
2018-01-21,6,48,66
2018-01-22,6,48,47
2018-01-23,6,48,50
2018-01-24,6,48,53
2018-01-25,6,48,56
2018-01-26,6,48,60
2018-01-27,6,48,63
2018-01-28,6,48,66
2018-01-29,6,48,47
2018-01-30,6,48,50
2018-01-31,6,48,53
2018-02-01,6,48,58
2018-02-02,6,48,61
2018-02-03,6,48,64
2018-02-04,6,48,67
2018-02-05,6,48,48
2018-02-06,6,48,51
2018-02-07,6,48,55
2018-02-08,6,48,58
2018-02-09,6,48,61
2018-02-10,6,48,64
2018-02-11,6,48,67
2018-02-12,6,48,48
2018-02-13,6,48,51
2018-02-14,6,48,54
2018-02-15,6,48,57
2018-02-16,6,48,61
2018-02-17,6,48,64
2018-02-18,6,48,67
2018-02-19,6,48,48
2018-02-20,6,48,51
2018-02-21,6,48,54
2018-02-22,6,48,57
2018-02-23,6,48,60
2018-02-24,6,48,64
2018-02-25,6,48,67
2018-02-26,6,48,47
2018-02-27,6,48,51
2018-02-28,6,48,54
2018-03-01,6,48,59
2018-03-02,6,48,62
2018-03-03,6,48,65
2018-03-04,6,48,68
2018-03-05,6,48,49
2018-03-06,6,48,52
2018-03-07,6,48,55
2018-03-08,6,48,59
2018-03-09,6,48,62
2018-03-10,6,48,65
2018-03-11,6,48,68
2018-03-12,6,48,49
2018-03-13,6,48,52
2018-03-14,6,48,55
2018-03-15,6,48,58
2018-03-16,6,48,61
2018-03-17,6,48,65
2018-03-18,6,48,68
2018-03-19,6,48,49
2018-03-20,6,48,52
2018-03-21,6,48,55
2018-03-22,6,48,58
2018-03-23,6,48,61
2018-03-24,6,48,64
2018-03-25,6,48,68
2018-03-26,6,48,48
2018-03-27,6,48,51
2018-03-28,6,48,55
2018-03-29,6,48,58
2018-03-30,6,48,61
2018-03-31,6,48,64
2018-01-01,7,48,48
2018-01-02,7,48,51
2018-01-03,7,48,54
2018-01-04,7,48,57
2018-01-05,7,48,60
2018-01-06,7,48,63
2018-01-07,7,48,67
2018-01-08,7,48,47
2018-01-09,7,48,50
2018-01-10,7,48,54
2018-01-11,7,48,57
2018-01-12,7,48,60
2018-01-13,7,48,63
2018-01-14,7,48,66
2018-01-15,7,48,47
2018-01-16,7,48,50
2018-01-17,7,48,53
2018-01-18,7,48,57
2018-01-19,7,48,60
2018-01-20,7,48,63
2018-01-21,7,48,66
2018-01-22,7,48,47
2018-01-23,7,48,50
2018-01-24,7,48,53
2018-01-25,7,48,56
2018-01-26,7,48,59
2018-01-27,7,48,63
2018-01-28,7,48,66
2018-01-29,7,48,47
2018-01-30,7,48,50
2018-01-31,7,48,53
2018-02-01,7,48,58
2018-02-02,7,48,61
2018-02-03,7,48,64
2018-02-04,7,48,67
2018-02-05,7,48,48
2018-02-06,7,48,51
2018-02-07,7,48,54
2018-02-08,7,48,58
2018-02-09,7,48,61
2018-02-10,7,48,64
2018-02-11,7,48,67
2018-02-12,7,48,48
2018-02-13,7,48,51
2018-02-14,7,48,54
2018-02-15,7,48,57
2018-02-16,7,48,61
2018-02-17,7,48,64
2018-02-18,7,48,67
2018-02-19,7,48,48
2018-02-20,7,48,51
2018-02-21,7,48,54
2018-02-22,7,48,57
2018-02-23,7,48,60
2018-02-24,7,48,63
2018-02-25,7,48,67
2018-02-26,7,48,47
2018-02-27,7,48,50
2018-02-28,7,48,54
2018-03-01,7,48,59
2018-03-02,7,48,62
2018-03-03,7,48,65
2018-03-04,7,48,68
2018-03-05,7,48,49
2018-03-06,7,48,52
2018-03-07,7,48,55
2018-03-08,7,48,58
2018-03-09,7,48,62
2018-03-10,7,48,65
2018-03-11,7,48,68
2018-03-12,7,48,49
2018-03-13,7,48,52
2018-03-14,7,48,55
2018-03-15,7,48,58
2018-03-16,7,48,61
2018-03-17,7,48,65
2018-03-18,7,48,68
2018-03-19,7,48,48
2018-03-20,7,48,52
2018-03-21,7,48,55
2018-03-22,7,48,58
2018-03-23,7,48,61
2018-03-24,7,48,64
2018-03-25,7,48,67
2018-03-26,7,48,48
2018-03-27,7,48,51
2018-03-28,7,48,54
2018-03-29,7,48,58
2018-03-30,7,48,61
2018-03-31,7,48,64
2018-01-01,8,48,48
2018-01-02,8,48,51
2018-01-03,8,48,54
2018-01-04,8,48,57
2018-01-05,8,48,60
2018-01-06,8,48,63
2018-01-07,8,48,67
2018-01-08,8,48,47
2018-01-09,8,48,50
2018-01-10,8,48,54
2018-01-11,8,48,57
2018-01-12,8,48,60
2018-01-13,8,48,63
2018-01-14,8,48,66
2018-01-15,8,48,47
2018-01-16,8,48,50
2018-01-17,8,48,53
2018-01-18,8,48,56
2018-01-19,8,48,60
2018-01-20,8,48,63
2018-01-21,8,48,66
2018-01-22,8,48,47
2018-01-23,8,48,50
2018-01-24,8,48,53
2018-01-25,8,48,56
2018-01-26,8,48,59
2018-01-27,8,48,63
2018-01-28,8,48,66
2018-01-29,8,48,46
2018-01-30,8,48,50
2018-01-31,8,48,53
2018-02-01,8,48,58
2018-02-02,8,48,61
2018-02-03,8,48,64
2018-02-04,8,48,67
2018-02-05,8,48,48
2018-02-06,8,48,51
2018-02-07,8,48,54
2018-02-08,8,48,58
2018-02-09,8,48,61
2018-02-10,8,48,64
2018-02-11,8,48,67
2018-02-12,8,48,48
2018-02-13,8,48,51
2018-02-14,8,48,54
2018-02-15,8,48,57
2018-02-16,8,48,60
2018-02-17,8,48,64
2018-02-18,8,48,67
2018-02-19,8,48,48
2018-02-20,8,48,51
2018-02-21,8,48,54
2018-02-22,8,48,57
2018-02-23,8,48,60
2018-02-24,8,48,63
2018-02-25,8,48,67
2018-02-26,8,48,47
2018-02-27,8,48,50
2018-02-28,8,48,54
2018-03-01,8,48,59
2018-03-02,8,48,62
2018-03-03,8,48,65
2018-03-04,8,48,68
2018-03-05,8,48,49
2018-03-06,8,48,52
2018-03-07,8,48,55
2018-03-08,8,48,58
2018-03-09,8,48,62
2018-03-10,8,48,65
2018-03-11,8,48,68
2018-03-12,8,48,49
2018-03-13,8,48,52
2018-03-14,8,48,55
2018-03-15,8,48,58
2018-03-16,8,48,61
2018-03-17,8,48,64
2018-03-18,8,48,68
2018-03-19,8,48,48
2018-03-20,8,48,52
2018-03-21,8,48,55
2018-03-22,8,48,58
2018-03-23,8,48,61
2018-03-24,8,48,64
2018-03-25,8,48,67
2018-03-26,8,48,48
2018-03-27,8,48,51
2018-03-28,8,48,54
2018-03-29,8,48,58
2018-03-30,8,48,61
2018-03-31,8,48,64
2018-01-01,9,48,47
2018-01-02,9,48,51
2018-01-03,9,48,54
2018-01-04,9,48,57
2018-01-05,9,48,60
2018-01-06,9,48,63
2018-01-07,9,48,66
2018-01-08,9,48,47
2018-01-09,9,48,50
2018-01-10,9,48,53
2018-01-11,9,48,57
2018-01-12,9,48,60
2018-01-13,9,48,63
2018-01-14,9,48,66
2018-01-15,9,48,47
2018-01-16,9,48,50
2018-01-17,9,48,53
2018-01-18,9,48,56
2018-01-19,9,48,60
2018-01-20,9,48,63
2018-01-21,9,48,66
2018-01-22,9,48,47
2018-01-23,9,48,50
2018-01-24,9,48,53
2018-01-25,9,48,56
2018-01-26,9,48,59
2018-01-27,9,48,62
2018-01-28,9,48,66
2018-01-29,9,48,46
2018-01-30,9,48,50
2018-01-31,9,48,53
2018-02-01,9,48,58
2018-02-02,9,48,61
2018-02-03,9,48,64
2018-02-04,9,48,67
2018-02-05,9,48,48
2018-02-06,9,48,51
2018-02-07,9,48,54
2018-02-08,9,48,57
2018-02-09,9,48,61
2018-02-10,9,48,64
2018-02-11,9,48,67
2018-02-12,9,48,48
2018-02-13,9,48,51
2018-02-14,9,48,54
2018-02-15,9,48,57
2018-02-16,9,48,60
2018-02-17,9,48,64
2018-02-18,9,48,67
2018-02-19,9,48,47
2018-02-20,9,48,51
2018-02-21,9,48,54
2018-02-22,9,48,57
2018-02-23,9,48,60
2018-02-24,9,48,63
2018-02-25,9,48,66
2018-02-26,9,48,47
2018-02-27,9,48,50
2018-02-28,9,48,54
2018-03-01,9,48,59
2018-03-02,9,48,62
2018-03-03,9,48,65
2018-03-04,9,48,68
2018-03-05,9,48,49
2018-03-06,9,48,52
2018-03-07,9,48,55
2018-03-08,9,48,58
2018-03-09,9,48,61
2018-03-10,9,48,65
2018-03-11,9,48,68
2018-03-12,9,48,49
2018-03-13,9,48,52
2018-03-14,9,48,55
2018-03-15,9,48,58
2018-03-16,9,48,61
2018-03-17,9,48,64
2018-03-18,9,48,68
2018-03-19,9,48,48
2018-03-20,9,48,51
2018-03-21,9,48,55
2018-03-22,9,48,58
2018-03-23,9,48,61
2018-03-24,9,48,64
2018-03-25,9,48,67
2018-03-26,9,48,48
2018-03-27,9,48,51
2018-03-28,9,48,54
2018-03-29,9,48,58
2018-03-30,9,48,61
2018-03-31,9,48,64
2018-01-01,10,48,47
2018-01-02,10,48,51
2018-01-03,10,48,54
2018-01-04,10,48,57
2018-01-05,10,48,60
2018-01-06,10,48,63
2018-01-07,10,48,66
2018-01-08,10,48,47
2018-01-09,10,48,50
2018-01-10,10,48,53
2018-01-11,10,48,57
2018-01-12,10,48,60
2018-01-13,10,48,63
2018-01-14,10,48,66
2018-01-15,10,48,47
2018-01-16,10,48,50
2018-01-17,10,48,53
2018-01-18,10,48,56
2018-01-19,10,48,59
2018-01-20,10,48,63
2018-01-21,10,48,66
2018-01-22,10,48,47
2018-01-23,10,48,50
2018-01-24,10,48,53
2018-01-25,10,48,56
2018-01-26,10,48,59
2018-01-27,10,48,62
2018-01-28,10,48,66
2018-01-29,10,48,46
2018-01-30,10,48,49
2018-01-31,10,48,53
2018-02-01,10,48,58
2018-02-02,10,48,61
2018-02-03,10,48,64
2018-02-04,10,48,67
2018-02-05,10,48,48
2018-02-06,10,48,51
2018-02-07,10,48,54
2018-02-08,10,48,57
2018-02-09,10,48,61
2018-02-10,10,48,64
2018-02-11,10,48,67
2018-02-12,10,48,48
2018-02-13,10,48,51
2018-02-14,10,48,54
2018-02-15,10,48,57
2018-02-16,10,48,60
2018-02-17,10,48,63
2018-02-18,10,48,67
2018-02-19,10,48,47
2018-02-20,10,48,51
2018-02-21,10,48,54
2018-02-22,10,48,57
2018-02-23,10,48,60
2018-02-24,10,48,63
2018-02-25,10,48,66
2018-02-26,10,48,47
2018-02-27,10,48,50
2018-02-28,10,48,53
2018-03-01,10,48,59
2018-03-02,10,48,62
2018-03-03,10,48,65
2018-03-04,10,48,68
2018-03-05,10,48,49
2018-03-06,10,48,52
2018-03-07,10,48,55
2018-03-08,10,48,58
2018-03-09,10,48,61
2018-03-10,10,48,65
2018-03-11,10,48,68
2018-03-12,10,48,48
2018-03-13,10,48,52
2018-03-14,10,48,55
2018-03-15,10,48,58
2018-03-16,10,48,61
2018-03-17,10,48,64
2018-03-18,10,48,67
2018-03-19,10,48,48
2018-03-20,10,48,51
2018-03-21,10,48,55
2018-03-22,10,48,58
2018-03-23,10,48,61
2018-03-24,10,48,64
2018-03-25,10,48,67
2018-03-26,10,48,48
2018-03-27,10,48,51
2018-03-28,10,48,54
2018-03-29,10,48,57
2018-03-30,10,48,61
2018-03-31,10,48,64
2018-01-01,1,49,48
2018-01-02,1,49,51
2018-01-03,1,49,54
2018-01-04,1,49,57
2018-01-05,1,49,61
2018-01-06,1,49,64
2018-01-07,1,49,67
2018-01-08,1,49,48
2018-01-09,1,49,51
2018-01-10,1,49,54
2018-01-11,1,49,57
2018-01-12,1,49,60
2018-01-13,1,49,64
2018-01-14,1,49,67
2018-01-15,1,49,47
2018-01-16,1,49,51
2018-01-17,1,49,54
2018-01-18,1,49,57
2018-01-19,1,49,60
2018-01-20,1,49,63
2018-01-21,1,49,66
2018-01-22,1,49,47
2018-01-23,1,49,50
2018-01-24,1,49,53
2018-01-25,1,49,57
2018-01-26,1,49,60
2018-01-27,1,49,63
2018-01-28,1,49,66
2018-01-29,1,49,47
2018-01-30,1,49,50
2018-01-31,1,49,53
2018-02-01,1,49,58
2018-02-02,1,49,61
2018-02-03,1,49,65
2018-02-04,1,49,68
2018-02-05,1,49,48
2018-02-06,1,49,52
2018-02-07,1,49,55
2018-02-08,1,49,58
2018-02-09,1,49,61
2018-02-10,1,49,64
2018-02-11,1,49,67
2018-02-12,1,49,48
2018-02-13,1,49,51
2018-02-14,1,49,55
2018-02-15,1,49,58
2018-02-16,1,49,61
2018-02-17,1,49,64
2018-02-18,1,49,67
2018-02-19,1,49,48
2018-02-20,1,49,51
2018-02-21,1,49,54
2018-02-22,1,49,57
2018-02-23,1,49,61
2018-02-24,1,49,64
2018-02-25,1,49,67
2018-02-26,1,49,48
2018-02-27,1,49,51
2018-02-28,1,49,54
2018-03-01,1,49,59
2018-03-02,1,49,62
2018-03-03,1,49,65
2018-03-04,1,49,69
2018-03-05,1,49,49
2018-03-06,1,49,52
2018-03-07,1,49,56
2018-03-08,1,49,59
2018-03-09,1,49,62
2018-03-10,1,49,65
2018-03-11,1,49,68
2018-03-12,1,49,49
2018-03-13,1,49,52
2018-03-14,1,49,55
2018-03-15,1,49,59
2018-03-16,1,49,62
2018-03-17,1,49,65
2018-03-18,1,49,68
2018-03-19,1,49,49
2018-03-20,1,49,52
2018-03-21,1,49,55
2018-03-22,1,49,58
2018-03-23,1,49,61
2018-03-24,1,49,65
2018-03-25,1,49,68
2018-03-26,1,49,49
2018-03-27,1,49,52
2018-03-28,1,49,55
2018-03-29,1,49,58
2018-03-30,1,49,61
2018-03-31,1,49,64
2018-01-01,2,49,48
2018-01-02,2,49,51
2018-01-03,2,49,54
2018-01-04,2,49,57
2018-01-05,2,49,61
2018-01-06,2,49,64
2018-01-07,2,49,67
2018-01-08,2,49,48
2018-01-09,2,49,51
2018-01-10,2,49,54
2018-01-11,2,49,57
2018-01-12,2,49,60
2018-01-13,2,49,63
2018-01-14,2,49,67
2018-01-15,2,49,47
2018-01-16,2,49,50
2018-01-17,2,49,54
2018-01-18,2,49,57
2018-01-19,2,49,60
2018-01-20,2,49,63
2018-01-21,2,49,66
2018-01-22,2,49,47
2018-01-23,2,49,50
2018-01-24,2,49,53
2018-01-25,2,49,57
2018-01-26,2,49,60
2018-01-27,2,49,63
2018-01-28,2,49,66
2018-01-29,2,49,47
2018-01-30,2,49,50
2018-01-31,2,49,53
2018-02-01,2,49,58
2018-02-02,2,49,61
2018-02-03,2,49,65
2018-02-04,2,49,68
2018-02-05,2,49,48
2018-02-06,2,49,52
2018-02-07,2,49,55
2018-02-08,2,49,58
2018-02-09,2,49,61
2018-02-10,2,49,64
2018-02-11,2,49,67
2018-02-12,2,49,48
2018-02-13,2,49,51
2018-02-14,2,49,54
2018-02-15,2,49,58
2018-02-16,2,49,61
2018-02-17,2,49,64
2018-02-18,2,49,67
2018-02-19,2,49,48
2018-02-20,2,49,51
2018-02-21,2,49,54
2018-02-22,2,49,57
2018-02-23,2,49,61
2018-02-24,2,49,64
2018-02-25,2,49,67
2018-02-26,2,49,48
2018-02-27,2,49,51
2018-02-28,2,49,54
2018-03-01,2,49,59
2018-03-02,2,49,62
2018-03-03,2,49,65
2018-03-04,2,49,69
2018-03-05,2,49,49
2018-03-06,2,49,52
2018-03-07,2,49,56
2018-03-08,2,49,59
2018-03-09,2,49,62
2018-03-10,2,49,65
2018-03-11,2,49,68
2018-03-12,2,49,49
2018-03-13,2,49,52
2018-03-14,2,49,55
2018-03-15,2,49,58
2018-03-16,2,49,62
2018-03-17,2,49,65
2018-03-18,2,49,68
2018-03-19,2,49,49
2018-03-20,2,49,52
2018-03-21,2,49,55
2018-03-22,2,49,58
2018-03-23,2,49,61
2018-03-24,2,49,65
2018-03-25,2,49,68
2018-03-26,2,49,48
2018-03-27,2,49,52
2018-03-28,2,49,55
2018-03-29,2,49,58
2018-03-30,2,49,61
2018-03-31,2,49,64
2018-01-01,3,49,48
2018-01-02,3,49,51
2018-01-03,3,49,54
2018-01-04,3,49,57
2018-01-05,3,49,60
2018-01-06,3,49,64
2018-01-07,3,49,67
2018-01-08,3,49,48
2018-01-09,3,49,51
2018-01-10,3,49,54
2018-01-11,3,49,57
2018-01-12,3,49,60
2018-01-13,3,49,63
2018-01-14,3,49,67
2018-01-15,3,49,47
2018-01-16,3,49,50
2018-01-17,3,49,54
2018-01-18,3,49,57
2018-01-19,3,49,60
2018-01-20,3,49,63
2018-01-21,3,49,66
2018-01-22,3,49,47
2018-01-23,3,49,50
2018-01-24,3,49,53
2018-01-25,3,49,56
2018-01-26,3,49,60
2018-01-27,3,49,63
2018-01-28,3,49,66
2018-01-29,3,49,47
2018-01-30,3,49,50
2018-01-31,3,49,53
2018-02-01,3,49,58
2018-02-02,3,49,61
2018-02-03,3,49,64
2018-02-04,3,49,68
2018-02-05,3,49,48
2018-02-06,3,49,52
2018-02-07,3,49,55
2018-02-08,3,49,58
2018-02-09,3,49,61
2018-02-10,3,49,64
2018-02-11,3,49,67
2018-02-12,3,49,48
2018-02-13,3,49,51
2018-02-14,3,49,54
2018-02-15,3,49,58
2018-02-16,3,49,61
2018-02-17,3,49,64
2018-02-18,3,49,67
2018-02-19,3,49,48
2018-02-20,3,49,51
2018-02-21,3,49,54
2018-02-22,3,49,57
2018-02-23,3,49,60
2018-02-24,3,49,64
2018-02-25,3,49,67
2018-02-26,3,49,48
2018-02-27,3,49,51
2018-02-28,3,49,54
2018-03-01,3,49,59
2018-03-02,3,49,62
2018-03-03,3,49,65
2018-03-04,3,49,68
2018-03-05,3,49,49
2018-03-06,3,49,52
2018-03-07,3,49,56
2018-03-08,3,49,59
2018-03-09,3,49,62
2018-03-10,3,49,65
2018-03-11,3,49,68
2018-03-12,3,49,49
2018-03-13,3,49,52
2018-03-14,3,49,55
2018-03-15,3,49,58
2018-03-16,3,49,62
2018-03-17,3,49,65
2018-03-18,3,49,68
2018-03-19,3,49,49
2018-03-20,3,49,52
2018-03-21,3,49,55
2018-03-22,3,49,58
2018-03-23,3,49,61
2018-03-24,3,49,64
2018-03-25,3,49,68
2018-03-26,3,49,48
2018-03-27,3,49,52
2018-03-28,3,49,55
2018-03-29,3,49,58
2018-03-30,3,49,61
2018-03-31,3,49,64
2018-01-01,4,49,48
2018-01-02,4,49,51
2018-01-03,4,49,54
2018-01-04,4,49,57
2018-01-05,4,49,60
2018-01-06,4,49,64
2018-01-07,4,49,67
2018-01-08,4,49,47
2018-01-09,4,49,51
2018-01-10,4,49,54
2018-01-11,4,49,57
2018-01-12,4,49,60
2018-01-13,4,49,63
2018-01-14,4,49,66
2018-01-15,4,49,47
2018-01-16,4,49,50
2018-01-17,4,49,53
2018-01-18,4,49,57
2018-01-19,4,49,60
2018-01-20,4,49,63
2018-01-21,4,49,66
2018-01-22,4,49,47
2018-01-23,4,49,50
2018-01-24,4,49,53
2018-01-25,4,49,56
2018-01-26,4,49,60
2018-01-27,4,49,63
2018-01-28,4,49,66
2018-01-29,4,49,47
2018-01-30,4,49,50
2018-01-31,4,49,53
2018-02-01,4,49,58
2018-02-02,4,49,61
2018-02-03,4,49,64
2018-02-04,4,49,68
2018-02-05,4,49,48
2018-02-06,4,49,51
2018-02-07,4,49,55
2018-02-08,4,49,58
2018-02-09,4,49,61
2018-02-10,4,49,64
2018-02-11,4,49,67
2018-02-12,4,49,48
2018-02-13,4,49,51
2018-02-14,4,49,54
2018-02-15,4,49,57
2018-02-16,4,49,61
2018-02-17,4,49,64
2018-02-18,4,49,67
2018-02-19,4,49,48
2018-02-20,4,49,51
2018-02-21,4,49,54
2018-02-22,4,49,57
2018-02-23,4,49,60
2018-02-24,4,49,64
2018-02-25,4,49,67
2018-02-26,4,49,47
2018-02-27,4,49,51
2018-02-28,4,49,54
2018-03-01,4,49,59
2018-03-02,4,49,62
2018-03-03,4,49,65
2018-03-04,4,49,68
2018-03-05,4,49,49
2018-03-06,4,49,52
2018-03-07,4,49,55
2018-03-08,4,49,59
2018-03-09,4,49,62
2018-03-10,4,49,65
2018-03-11,4,49,68
2018-03-12,4,49,49
2018-03-13,4,49,52
2018-03-14,4,49,55
2018-03-15,4,49,58
2018-03-16,4,49,61
2018-03-17,4,49,65
2018-03-18,4,49,68
2018-03-19,4,49,49
2018-03-20,4,49,52
2018-03-21,4,49,55
2018-03-22,4,49,58
2018-03-23,4,49,61
2018-03-24,4,49,64
2018-03-25,4,49,68
2018-03-26,4,49,48
2018-03-27,4,49,51
2018-03-28,4,49,55
2018-03-29,4,49,58
2018-03-30,4,49,61
2018-03-31,4,49,64
2018-01-01,5,49,48
2018-01-02,5,49,51
2018-01-03,5,49,54
2018-01-04,5,49,57
2018-01-05,5,49,60
2018-01-06,5,49,63
2018-01-07,5,49,67
2018-01-08,5,49,47
2018-01-09,5,49,51
2018-01-10,5,49,54
2018-01-11,5,49,57
2018-01-12,5,49,60
2018-01-13,5,49,63
2018-01-14,5,49,66
2018-01-15,5,49,47
2018-01-16,5,49,50
2018-01-17,5,49,53
2018-01-18,5,49,57
2018-01-19,5,49,60
2018-01-20,5,49,63
2018-01-21,5,49,66
2018-01-22,5,49,47
2018-01-23,5,49,50
2018-01-24,5,49,53
2018-01-25,5,49,56
2018-01-26,5,49,59
2018-01-27,5,49,63
2018-01-28,5,49,66
2018-01-29,5,49,47
2018-01-30,5,49,50
2018-01-31,5,49,53
2018-02-01,5,49,58
2018-02-02,5,49,61
2018-02-03,5,49,64
2018-02-04,5,49,67
2018-02-05,5,49,48
2018-02-06,5,49,51
2018-02-07,5,49,55
2018-02-08,5,49,58
2018-02-09,5,49,61
2018-02-10,5,49,64
2018-02-11,5,49,67
2018-02-12,5,49,48
2018-02-13,5,49,51
2018-02-14,5,49,54
2018-02-15,5,49,57
2018-02-16,5,49,61
2018-02-17,5,49,64
2018-02-18,5,49,67
2018-02-19,5,49,48
2018-02-20,5,49,51
2018-02-21,5,49,54
2018-02-22,5,49,57
2018-02-23,5,49,60
2018-02-24,5,49,63
2018-02-25,5,49,67
2018-02-26,5,49,47
2018-02-27,5,49,51
2018-02-28,5,49,54
2018-03-01,5,49,59
2018-03-02,5,49,62
2018-03-03,5,49,65
2018-03-04,5,49,68
2018-03-05,5,49,49
2018-03-06,5,49,52
2018-03-07,5,49,55
2018-03-08,5,49,59
2018-03-09,5,49,62
2018-03-10,5,49,65
2018-03-11,5,49,68
2018-03-12,5,49,49
2018-03-13,5,49,52
2018-03-14,5,49,55
2018-03-15,5,49,58
2018-03-16,5,49,61
2018-03-17,5,49,65
2018-03-18,5,49,68
2018-03-19,5,49,48
2018-03-20,5,49,52
2018-03-21,5,49,55
2018-03-22,5,49,58
2018-03-23,5,49,61
2018-03-24,5,49,64
2018-03-25,5,49,67
2018-03-26,5,49,48
2018-03-27,5,49,51
2018-03-28,5,49,55
2018-03-29,5,49,58
2018-03-30,5,49,61
2018-03-31,5,49,64
2018-01-01,6,49,48
2018-01-02,6,49,51
2018-01-03,6,49,54
2018-01-04,6,49,57
2018-01-05,6,49,60
2018-01-06,6,49,63
2018-01-07,6,49,67
2018-01-08,6,49,47
2018-01-09,6,49,50
2018-01-10,6,49,54
2018-01-11,6,49,57
2018-01-12,6,49,60
2018-01-13,6,49,63
2018-01-14,6,49,66
2018-01-15,6,49,47
2018-01-16,6,49,50
2018-01-17,6,49,53
2018-01-18,6,49,57
2018-01-19,6,49,60
2018-01-20,6,49,63
2018-01-21,6,49,66
2018-01-22,6,49,47
2018-01-23,6,49,50
2018-01-24,6,49,53
2018-01-25,6,49,56
2018-01-26,6,49,59
2018-01-27,6,49,63
2018-01-28,6,49,66
2018-01-29,6,49,46
2018-01-30,6,49,50
2018-01-31,6,49,53
2018-02-01,6,49,58
2018-02-02,6,49,61
2018-02-03,6,49,64
2018-02-04,6,49,67
2018-02-05,6,49,48
2018-02-06,6,49,51
2018-02-07,6,49,54
2018-02-08,6,49,58
2018-02-09,6,49,61
2018-02-10,6,49,64
2018-02-11,6,49,67
2018-02-12,6,49,48
2018-02-13,6,49,51
2018-02-14,6,49,54
2018-02-15,6,49,57
2018-02-16,6,49,61
2018-02-17,6,49,64
2018-02-18,6,49,67
2018-02-19,6,49,48
2018-02-20,6,49,51
2018-02-21,6,49,54
2018-02-22,6,49,57
2018-02-23,6,49,60
2018-02-24,6,49,63
2018-02-25,6,49,67
2018-02-26,6,49,47
2018-02-27,6,49,50
2018-02-28,6,49,54
2018-03-01,6,49,59
2018-03-02,6,49,62
2018-03-03,6,49,65
2018-03-04,6,49,68
2018-03-05,6,49,49
2018-03-06,6,49,52
2018-03-07,6,49,55
2018-03-08,6,49,58
2018-03-09,6,49,62
2018-03-10,6,49,65
2018-03-11,6,49,68
2018-03-12,6,49,49
2018-03-13,6,49,52
2018-03-14,6,49,55
2018-03-15,6,49,58
2018-03-16,6,49,61
2018-03-17,6,49,65
2018-03-18,6,49,68
2018-03-19,6,49,48
2018-03-20,6,49,52
2018-03-21,6,49,55
2018-03-22,6,49,58
2018-03-23,6,49,61
2018-03-24,6,49,64
2018-03-25,6,49,67
2018-03-26,6,49,48
2018-03-27,6,49,51
2018-03-28,6,49,54
2018-03-29,6,49,58
2018-03-30,6,49,61
2018-03-31,6,49,64
2018-01-01,7,49,47
2018-01-02,7,49,51
2018-01-03,7,49,54
2018-01-04,7,49,57
2018-01-05,7,49,60
2018-01-06,7,49,63
2018-01-07,7,49,66
2018-01-08,7,49,47
2018-01-09,7,49,50
2018-01-10,7,49,54
2018-01-11,7,49,57
2018-01-12,7,49,60
2018-01-13,7,49,63
2018-01-14,7,49,66
2018-01-15,7,49,47
2018-01-16,7,49,50
2018-01-17,7,49,53
2018-01-18,7,49,56
2018-01-19,7,49,60
2018-01-20,7,49,63
2018-01-21,7,49,66
2018-01-22,7,49,47
2018-01-23,7,49,50
2018-01-24,7,49,53
2018-01-25,7,49,56
2018-01-26,7,49,59
2018-01-27,7,49,62
2018-01-28,7,49,66
2018-01-29,7,49,46
2018-01-30,7,49,50
2018-01-31,7,49,53
2018-02-01,7,49,58
2018-02-02,7,49,61
2018-02-03,7,49,64
2018-02-04,7,49,67
2018-02-05,7,49,48
2018-02-06,7,49,51
2018-02-07,7,49,54
2018-02-08,7,49,58
2018-02-09,7,49,61
2018-02-10,7,49,64
2018-02-11,7,49,67
2018-02-12,7,49,48
2018-02-13,7,49,51
2018-02-14,7,49,54
2018-02-15,7,49,57
2018-02-16,7,49,60
2018-02-17,7,49,64
2018-02-18,7,49,67
2018-02-19,7,49,47
2018-02-20,7,49,51
2018-02-21,7,49,54
2018-02-22,7,49,57
2018-02-23,7,49,60
2018-02-24,7,49,63
2018-02-25,7,49,66
2018-02-26,7,49,47
2018-02-27,7,49,50
2018-02-28,7,49,54
2018-03-01,7,49,59
2018-03-02,7,49,62
2018-03-03,7,49,65
2018-03-04,7,49,68
2018-03-05,7,49,49
2018-03-06,7,49,52
2018-03-07,7,49,55
2018-03-08,7,49,58
2018-03-09,7,49,62
2018-03-10,7,49,65
2018-03-11,7,49,68
2018-03-12,7,49,49
2018-03-13,7,49,52
2018-03-14,7,49,55
2018-03-15,7,49,58
2018-03-16,7,49,61
2018-03-17,7,49,64
2018-03-18,7,49,68
2018-03-19,7,49,48
2018-03-20,7,49,51
2018-03-21,7,49,55
2018-03-22,7,49,58
2018-03-23,7,49,61
2018-03-24,7,49,64
2018-03-25,7,49,67
2018-03-26,7,49,48
2018-03-27,7,49,51
2018-03-28,7,49,54
2018-03-29,7,49,58
2018-03-30,7,49,61
2018-03-31,7,49,64
2018-01-01,8,49,47
2018-01-02,8,49,51
2018-01-03,8,49,54
2018-01-04,8,49,57
2018-01-05,8,49,60
2018-01-06,8,49,63
2018-01-07,8,49,66
2018-01-08,8,49,47
2018-01-09,8,49,50
2018-01-10,8,49,53
2018-01-11,8,49,57
2018-01-12,8,49,60
2018-01-13,8,49,63
2018-01-14,8,49,66
2018-01-15,8,49,47
2018-01-16,8,49,50
2018-01-17,8,49,53
2018-01-18,8,49,56
2018-01-19,8,49,60
2018-01-20,8,49,63
2018-01-21,8,49,66
2018-01-22,8,49,47
2018-01-23,8,49,50
2018-01-24,8,49,53
2018-01-25,8,49,56
2018-01-26,8,49,59
2018-01-27,8,49,62
2018-01-28,8,49,66
2018-01-29,8,49,46
2018-01-30,8,49,49
2018-01-31,8,49,53
2018-02-01,8,49,58
2018-02-02,8,49,61
2018-02-03,8,49,64
2018-02-04,8,49,67
2018-02-05,8,49,48
2018-02-06,8,49,51
2018-02-07,8,49,54
2018-02-08,8,49,57
2018-02-09,8,49,61
2018-02-10,8,49,64
2018-02-11,8,49,67
2018-02-12,8,49,48
2018-02-13,8,49,51
2018-02-14,8,49,54
2018-02-15,8,49,57
2018-02-16,8,49,60
2018-02-17,8,49,64
2018-02-18,8,49,67
2018-02-19,8,49,47
2018-02-20,8,49,51
2018-02-21,8,49,54
2018-02-22,8,49,57
2018-02-23,8,49,60
2018-02-24,8,49,63
2018-02-25,8,49,66
2018-02-26,8,49,47
2018-02-27,8,49,50
2018-02-28,8,49,53
2018-03-01,8,49,59
2018-03-02,8,49,62
2018-03-03,8,49,65
2018-03-04,8,49,68
2018-03-05,8,49,49
2018-03-06,8,49,52
2018-03-07,8,49,55
2018-03-08,8,49,58
2018-03-09,8,49,61
2018-03-10,8,49,65
2018-03-11,8,49,68
2018-03-12,8,49,49
2018-03-13,8,49,52
2018-03-14,8,49,55
2018-03-15,8,49,58
2018-03-16,8,49,61
2018-03-17,8,49,64
2018-03-18,8,49,68
2018-03-19,8,49,48
2018-03-20,8,49,51
2018-03-21,8,49,55
2018-03-22,8,49,58
2018-03-23,8,49,61
2018-03-24,8,49,64
2018-03-25,8,49,67
2018-03-26,8,49,48
2018-03-27,8,49,51
2018-03-28,8,49,54
2018-03-29,8,49,57
2018-03-30,8,49,61
2018-03-31,8,49,64
2018-01-01,9,49,47
2018-01-02,9,49,50
2018-01-03,9,49,54
2018-01-04,9,49,57
2018-01-05,9,49,60
2018-01-06,9,49,63
2018-01-07,9,49,66
2018-01-08,9,49,47
2018-01-09,9,49,50
2018-01-10,9,49,53
2018-01-11,9,49,57
2018-01-12,9,49,60
2018-01-13,9,49,63
2018-01-14,9,49,66
2018-01-15,9,49,47
2018-01-16,9,49,50
2018-01-17,9,49,53
2018-01-18,9,49,56
2018-01-19,9,49,59
2018-01-20,9,49,63
2018-01-21,9,49,66
2018-01-22,9,49,47
2018-01-23,9,49,50
2018-01-24,9,49,53
2018-01-25,9,49,56
2018-01-26,9,49,59
2018-01-27,9,49,62
2018-01-28,9,49,66
2018-01-29,9,49,46
2018-01-30,9,49,49
2018-01-31,9,49,53
2018-02-01,9,49,58
2018-02-02,9,49,61
2018-02-03,9,49,64
2018-02-04,9,49,67
2018-02-05,9,49,48
2018-02-06,9,49,51
2018-02-07,9,49,54
2018-02-08,9,49,57
2018-02-09,9,49,61
2018-02-10,9,49,64
2018-02-11,9,49,67
2018-02-12,9,49,48
2018-02-13,9,49,51
2018-02-14,9,49,54
2018-02-15,9,49,57
2018-02-16,9,49,60
2018-02-17,9,49,63
2018-02-18,9,49,67
2018-02-19,9,49,47
2018-02-20,9,49,51
2018-02-21,9,49,54
2018-02-22,9,49,57
2018-02-23,9,49,60
2018-02-24,9,49,63
2018-02-25,9,49,66
2018-02-26,9,49,47
2018-02-27,9,49,50
2018-02-28,9,49,53
2018-03-01,9,49,58
2018-03-02,9,49,62
2018-03-03,9,49,65
2018-03-04,9,49,68
2018-03-05,9,49,49
2018-03-06,9,49,52
2018-03-07,9,49,55
2018-03-08,9,49,58
2018-03-09,9,49,61
2018-03-10,9,49,65
2018-03-11,9,49,68
2018-03-12,9,49,48
2018-03-13,9,49,52
2018-03-14,9,49,55
2018-03-15,9,49,58
2018-03-16,9,49,61
2018-03-17,9,49,64
2018-03-18,9,49,67
2018-03-19,9,49,48
2018-03-20,9,49,51
2018-03-21,9,49,55
2018-03-22,9,49,58
2018-03-23,9,49,61
2018-03-24,9,49,64
2018-03-25,9,49,67
2018-03-26,9,49,48
2018-03-27,9,49,51
2018-03-28,9,49,54
2018-03-29,9,49,57
2018-03-30,9,49,61
2018-03-31,9,49,64
2018-01-01,10,49,47
2018-01-02,10,49,50
2018-01-03,10,49,54
2018-01-04,10,49,57
2018-01-05,10,49,60
2018-01-06,10,49,63
2018-01-07,10,49,66
2018-01-08,10,49,47
2018-01-09,10,49,50
2018-01-10,10,49,53
2018-01-11,10,49,56
2018-01-12,10,49,60
2018-01-13,10,49,63
2018-01-14,10,49,66
2018-01-15,10,49,47
2018-01-16,10,49,50
2018-01-17,10,49,53
2018-01-18,10,49,56
2018-01-19,10,49,59
2018-01-20,10,49,63
2018-01-21,10,49,66
2018-01-22,10,49,46
2018-01-23,10,49,50
2018-01-24,10,49,53
2018-01-25,10,49,56
2018-01-26,10,49,59
2018-01-27,10,49,62
2018-01-28,10,49,65
2018-01-29,10,49,46
2018-01-30,10,49,49
2018-01-31,10,49,52
2018-02-01,10,49,58
2018-02-02,10,49,61
2018-02-03,10,49,64
2018-02-04,10,49,67
2018-02-05,10,49,48
2018-02-06,10,49,51
2018-02-07,10,49,54
2018-02-08,10,49,57
2018-02-09,10,49,60
2018-02-10,10,49,64
2018-02-11,10,49,67
2018-02-12,10,49,48
2018-02-13,10,49,51
2018-02-14,10,49,54
2018-02-15,10,49,57
2018-02-16,10,49,60
2018-02-17,10,49,63
2018-02-18,10,49,67
2018-02-19,10,49,47
2018-02-20,10,49,50
2018-02-21,10,49,54
2018-02-22,10,49,57
2018-02-23,10,49,60
2018-02-24,10,49,63
2018-02-25,10,49,66
2018-02-26,10,49,47
2018-02-27,10,49,50
2018-02-28,10,49,53
2018-03-01,10,49,58
2018-03-02,10,49,62
2018-03-03,10,49,65
2018-03-04,10,49,68
2018-03-05,10,49,49
2018-03-06,10,49,52
2018-03-07,10,49,55
2018-03-08,10,49,58
2018-03-09,10,49,61
2018-03-10,10,49,64
2018-03-11,10,49,68
2018-03-12,10,49,48
2018-03-13,10,49,52
2018-03-14,10,49,55
2018-03-15,10,49,58
2018-03-16,10,49,61
2018-03-17,10,49,64
2018-03-18,10,49,67
2018-03-19,10,49,48
2018-03-20,10,49,51
2018-03-21,10,49,54
2018-03-22,10,49,58
2018-03-23,10,49,61
2018-03-24,10,49,64
2018-03-25,10,49,67
2018-03-26,10,49,48
2018-03-27,10,49,51
2018-03-28,10,49,54
2018-03-29,10,49,57
2018-03-30,10,49,60
2018-03-31,10,49,64
2018-01-01,1,50,48
2018-01-02,1,50,51
2018-01-03,1,50,54
2018-01-04,1,50,57
2018-01-05,1,50,60
2018-01-06,1,50,64
2018-01-07,1,50,67
2018-01-08,1,50,48
2018-01-09,1,50,51
2018-01-10,1,50,54
2018-01-11,1,50,57
2018-01-12,1,50,60
2018-01-13,1,50,63
2018-01-14,1,50,67
2018-01-15,1,50,47
2018-01-16,1,50,50
2018-01-17,1,50,54
2018-01-18,1,50,57
2018-01-19,1,50,60
2018-01-20,1,50,63
2018-01-21,1,50,66
2018-01-22,1,50,47
2018-01-23,1,50,50
2018-01-24,1,50,53
2018-01-25,1,50,57
2018-01-26,1,50,60
2018-01-27,1,50,63
2018-01-28,1,50,66
2018-01-29,1,50,47
2018-01-30,1,50,50
2018-01-31,1,50,53
2018-02-01,1,50,58
2018-02-02,1,50,61
2018-02-03,1,50,64
2018-02-04,1,50,68
2018-02-05,1,50,48
2018-02-06,1,50,52
2018-02-07,1,50,55
2018-02-08,1,50,58
2018-02-09,1,50,61
2018-02-10,1,50,64
2018-02-11,1,50,67
2018-02-12,1,50,48
2018-02-13,1,50,51
2018-02-14,1,50,54
2018-02-15,1,50,58
2018-02-16,1,50,61
2018-02-17,1,50,64
2018-02-18,1,50,67
2018-02-19,1,50,48
2018-02-20,1,50,51
2018-02-21,1,50,54
2018-02-22,1,50,57
2018-02-23,1,50,61
2018-02-24,1,50,64
2018-02-25,1,50,67
2018-02-26,1,50,48
2018-02-27,1,50,51
2018-02-28,1,50,54
2018-03-01,1,50,59
2018-03-02,1,50,62
2018-03-03,1,50,65
2018-03-04,1,50,68
2018-03-05,1,50,49
2018-03-06,1,50,52
2018-03-07,1,50,56
2018-03-08,1,50,59
2018-03-09,1,50,62
2018-03-10,1,50,65
2018-03-11,1,50,68
2018-03-12,1,50,49
2018-03-13,1,50,52
2018-03-14,1,50,55
2018-03-15,1,50,58
2018-03-16,1,50,62
2018-03-17,1,50,65
2018-03-18,1,50,68
2018-03-19,1,50,49
2018-03-20,1,50,52
2018-03-21,1,50,55
2018-03-22,1,50,58
2018-03-23,1,50,61
2018-03-24,1,50,65
2018-03-25,1,50,68
2018-03-26,1,50,48
2018-03-27,1,50,52
2018-03-28,1,50,55
2018-03-29,1,50,58
2018-03-30,1,50,61
2018-03-31,1,50,64
2018-01-01,2,50,48
2018-01-02,2,50,51
2018-01-03,2,50,54
2018-01-04,2,50,57
2018-01-05,2,50,60
2018-01-06,2,50,64
2018-01-07,2,50,67
2018-01-08,2,50,47
2018-01-09,2,50,51
2018-01-10,2,50,54
2018-01-11,2,50,57
2018-01-12,2,50,60
2018-01-13,2,50,63
2018-01-14,2,50,66
2018-01-15,2,50,47
2018-01-16,2,50,50
2018-01-17,2,50,54
2018-01-18,2,50,57
2018-01-19,2,50,60
2018-01-20,2,50,63
2018-01-21,2,50,66
2018-01-22,2,50,47
2018-01-23,2,50,50
2018-01-24,2,50,53
2018-01-25,2,50,56
2018-01-26,2,50,60
2018-01-27,2,50,63
2018-01-28,2,50,66
2018-01-29,2,50,47
2018-01-30,2,50,50
2018-01-31,2,50,53
2018-02-01,2,50,58
2018-02-02,2,50,61
2018-02-03,2,50,64
2018-02-04,2,50,68
2018-02-05,2,50,48
2018-02-06,2,50,51
2018-02-07,2,50,55
2018-02-08,2,50,58
2018-02-09,2,50,61
2018-02-10,2,50,64
2018-02-11,2,50,67
2018-02-12,2,50,48
2018-02-13,2,50,51
2018-02-14,2,50,54
2018-02-15,2,50,58
2018-02-16,2,50,61
2018-02-17,2,50,64
2018-02-18,2,50,67
2018-02-19,2,50,48
2018-02-20,2,50,51
2018-02-21,2,50,54
2018-02-22,2,50,57
2018-02-23,2,50,60
2018-02-24,2,50,64
2018-02-25,2,50,67
2018-02-26,2,50,47
2018-02-27,2,50,51
2018-02-28,2,50,54
2018-03-01,2,50,59
2018-03-02,2,50,62
2018-03-03,2,50,65
2018-03-04,2,50,68
2018-03-05,2,50,49
2018-03-06,2,50,52
2018-03-07,2,50,55
2018-03-08,2,50,59
2018-03-09,2,50,62
2018-03-10,2,50,65
2018-03-11,2,50,68
2018-03-12,2,50,49
2018-03-13,2,50,52
2018-03-14,2,50,55
2018-03-15,2,50,58
2018-03-16,2,50,62
2018-03-17,2,50,65
2018-03-18,2,50,68
2018-03-19,2,50,49
2018-03-20,2,50,52
2018-03-21,2,50,55
2018-03-22,2,50,58
2018-03-23,2,50,61
2018-03-24,2,50,64
2018-03-25,2,50,68
2018-03-26,2,50,48
2018-03-27,2,50,51
2018-03-28,2,50,55
2018-03-29,2,50,58
2018-03-30,2,50,61
2018-03-31,2,50,64
2018-01-01,3,50,48
2018-01-02,3,50,51
2018-01-03,3,50,54
2018-01-04,3,50,57
2018-01-05,3,50,60
2018-01-06,3,50,64
2018-01-07,3,50,67
2018-01-08,3,50,47
2018-01-09,3,50,51
2018-01-10,3,50,54
2018-01-11,3,50,57
2018-01-12,3,50,60
2018-01-13,3,50,63
2018-01-14,3,50,66
2018-01-15,3,50,47
2018-01-16,3,50,50
2018-01-17,3,50,53
2018-01-18,3,50,57
2018-01-19,3,50,60
2018-01-20,3,50,63
2018-01-21,3,50,66
2018-01-22,3,50,47
2018-01-23,3,50,50
2018-01-24,3,50,53
2018-01-25,3,50,56
2018-01-26,3,50,60
2018-01-27,3,50,63
2018-01-28,3,50,66
2018-01-29,3,50,47
2018-01-30,3,50,50
2018-01-31,3,50,53
2018-02-01,3,50,58
2018-02-02,3,50,61
2018-02-03,3,50,64
2018-02-04,3,50,68
2018-02-05,3,50,48
2018-02-06,3,50,51
2018-02-07,3,50,55
2018-02-08,3,50,58
2018-02-09,3,50,61
2018-02-10,3,50,64
2018-02-11,3,50,67
2018-02-12,3,50,48
2018-02-13,3,50,51
2018-02-14,3,50,54
2018-02-15,3,50,57
2018-02-16,3,50,61
2018-02-17,3,50,64
2018-02-18,3,50,67
2018-02-19,3,50,48
2018-02-20,3,50,51
2018-02-21,3,50,54
2018-02-22,3,50,57
2018-02-23,3,50,60
2018-02-24,3,50,64
2018-02-25,3,50,67
2018-02-26,3,50,47
2018-02-27,3,50,51
2018-02-28,3,50,54
2018-03-01,3,50,59
2018-03-02,3,50,62
2018-03-03,3,50,65
2018-03-04,3,50,68
2018-03-05,3,50,49
2018-03-06,3,50,52
2018-03-07,3,50,55
2018-03-08,3,50,59
2018-03-09,3,50,62
2018-03-10,3,50,65
2018-03-11,3,50,68
2018-03-12,3,50,49
2018-03-13,3,50,52
2018-03-14,3,50,55
2018-03-15,3,50,58
2018-03-16,3,50,61
2018-03-17,3,50,65
2018-03-18,3,50,68
2018-03-19,3,50,49
2018-03-20,3,50,52
2018-03-21,3,50,55
2018-03-22,3,50,58
2018-03-23,3,50,61
2018-03-24,3,50,64
2018-03-25,3,50,68
2018-03-26,3,50,48
2018-03-27,3,50,51
2018-03-28,3,50,55
2018-03-29,3,50,58
2018-03-30,3,50,61
2018-03-31,3,50,64
2018-01-01,4,50,48
2018-01-02,4,50,51
2018-01-03,4,50,54
2018-01-04,4,50,57
2018-01-05,4,50,60
2018-01-06,4,50,63
2018-01-07,4,50,67
2018-01-08,4,50,47
2018-01-09,4,50,50
2018-01-10,4,50,54
2018-01-11,4,50,57
2018-01-12,4,50,60
2018-01-13,4,50,63
2018-01-14,4,50,66
2018-01-15,4,50,47
2018-01-16,4,50,50
2018-01-17,4,50,53
2018-01-18,4,50,57
2018-01-19,4,50,60
2018-01-20,4,50,63
2018-01-21,4,50,66
2018-01-22,4,50,47
2018-01-23,4,50,50
2018-01-24,4,50,53
2018-01-25,4,50,56
2018-01-26,4,50,59
2018-01-27,4,50,63
2018-01-28,4,50,66
2018-01-29,4,50,47
2018-01-30,4,50,50
2018-01-31,4,50,53
2018-02-01,4,50,58
2018-02-02,4,50,61
2018-02-03,4,50,64
2018-02-04,4,50,67
2018-02-05,4,50,48
2018-02-06,4,50,51
2018-02-07,4,50,54
2018-02-08,4,50,58
2018-02-09,4,50,61
2018-02-10,4,50,64
2018-02-11,4,50,67
2018-02-12,4,50,48
2018-02-13,4,50,51
2018-02-14,4,50,54
2018-02-15,4,50,57
2018-02-16,4,50,61
2018-02-17,4,50,64
2018-02-18,4,50,67
2018-02-19,4,50,48
2018-02-20,4,50,51
2018-02-21,4,50,54
2018-02-22,4,50,57
2018-02-23,4,50,60
2018-02-24,4,50,63
2018-02-25,4,50,67
2018-02-26,4,50,47
2018-02-27,4,50,51
2018-02-28,4,50,54
2018-03-01,4,50,59
2018-03-02,4,50,62
2018-03-03,4,50,65
2018-03-04,4,50,68
2018-03-05,4,50,49
2018-03-06,4,50,52
2018-03-07,4,50,55
2018-03-08,4,50,58
2018-03-09,4,50,62
2018-03-10,4,50,65
2018-03-11,4,50,68
2018-03-12,4,50,49
2018-03-13,4,50,52
2018-03-14,4,50,55
2018-03-15,4,50,58
2018-03-16,4,50,61
2018-03-17,4,50,65
2018-03-18,4,50,68
2018-03-19,4,50,48
2018-03-20,4,50,52
2018-03-21,4,50,55
2018-03-22,4,50,58
2018-03-23,4,50,61
2018-03-24,4,50,64
2018-03-25,4,50,67
2018-03-26,4,50,48
2018-03-27,4,50,51
2018-03-28,4,50,55
2018-03-29,4,50,58
2018-03-30,4,50,61
2018-03-31,4,50,64
2018-01-01,5,50,48
2018-01-02,5,50,51
2018-01-03,5,50,54
2018-01-04,5,50,57
2018-01-05,5,50,60
2018-01-06,5,50,63
2018-01-07,5,50,67
2018-01-08,5,50,47
2018-01-09,5,50,50
2018-01-10,5,50,54
2018-01-11,5,50,57
2018-01-12,5,50,60
2018-01-13,5,50,63
2018-01-14,5,50,66
2018-01-15,5,50,47
2018-01-16,5,50,50
2018-01-17,5,50,53
2018-01-18,5,50,56
2018-01-19,5,50,60
2018-01-20,5,50,63
2018-01-21,5,50,66
2018-01-22,5,50,47
2018-01-23,5,50,50
2018-01-24,5,50,53
2018-01-25,5,50,56
2018-01-26,5,50,59
2018-01-27,5,50,63
2018-01-28,5,50,66
2018-01-29,5,50,46
2018-01-30,5,50,50
2018-01-31,5,50,53
2018-02-01,5,50,58
2018-02-02,5,50,61
2018-02-03,5,50,64
2018-02-04,5,50,67
2018-02-05,5,50,48
2018-02-06,5,50,51
2018-02-07,5,50,54
2018-02-08,5,50,58
2018-02-09,5,50,61
2018-02-10,5,50,64
2018-02-11,5,50,67
2018-02-12,5,50,48
2018-02-13,5,50,51
2018-02-14,5,50,54
2018-02-15,5,50,57
2018-02-16,5,50,60
2018-02-17,5,50,64
2018-02-18,5,50,67
2018-02-19,5,50,48
2018-02-20,5,50,51
2018-02-21,5,50,54
2018-02-22,5,50,57
2018-02-23,5,50,60
2018-02-24,5,50,63
2018-02-25,5,50,67
2018-02-26,5,50,47
2018-02-27,5,50,50
2018-02-28,5,50,54
2018-03-01,5,50,59
2018-03-02,5,50,62
2018-03-03,5,50,65
2018-03-04,5,50,68
2018-03-05,5,50,49
2018-03-06,5,50,52
2018-03-07,5,50,55
2018-03-08,5,50,58
2018-03-09,5,50,62
2018-03-10,5,50,65
2018-03-11,5,50,68
2018-03-12,5,50,49
2018-03-13,5,50,52
2018-03-14,5,50,55
2018-03-15,5,50,58
2018-03-16,5,50,61
2018-03-17,5,50,64
2018-03-18,5,50,68
2018-03-19,5,50,48
2018-03-20,5,50,52
2018-03-21,5,50,55
2018-03-22,5,50,58
2018-03-23,5,50,61
2018-03-24,5,50,64
2018-03-25,5,50,67
2018-03-26,5,50,48
2018-03-27,5,50,51
2018-03-28,5,50,54
2018-03-29,5,50,58
2018-03-30,5,50,61
2018-03-31,5,50,64
2018-01-01,6,50,47
2018-01-02,6,50,51
2018-01-03,6,50,54
2018-01-04,6,50,57
2018-01-05,6,50,60
2018-01-06,6,50,63
2018-01-07,6,50,66
2018-01-08,6,50,47
2018-01-09,6,50,50
2018-01-10,6,50,54
2018-01-11,6,50,57
2018-01-12,6,50,60
2018-01-13,6,50,63
2018-01-14,6,50,66
2018-01-15,6,50,47
2018-01-16,6,50,50
2018-01-17,6,50,53
2018-01-18,6,50,56
2018-01-19,6,50,60
2018-01-20,6,50,63
2018-01-21,6,50,66
2018-01-22,6,50,47
2018-01-23,6,50,50
2018-01-24,6,50,53
2018-01-25,6,50,56
2018-01-26,6,50,59
2018-01-27,6,50,62
2018-01-28,6,50,66
2018-01-29,6,50,46
2018-01-30,6,50,50
2018-01-31,6,50,53
2018-02-01,6,50,58
2018-02-02,6,50,61
2018-02-03,6,50,64
2018-02-04,6,50,67
2018-02-05,6,50,48
2018-02-06,6,50,51
2018-02-07,6,50,54
2018-02-08,6,50,58
2018-02-09,6,50,61
2018-02-10,6,50,64
2018-02-11,6,50,67
2018-02-12,6,50,48
2018-02-13,6,50,51
2018-02-14,6,50,54
2018-02-15,6,50,57
2018-02-16,6,50,60
2018-02-17,6,50,64
2018-02-18,6,50,67
2018-02-19,6,50,47
2018-02-20,6,50,51
2018-02-21,6,50,54
2018-02-22,6,50,57
2018-02-23,6,50,60
2018-02-24,6,50,63
2018-02-25,6,50,66
2018-02-26,6,50,47
2018-02-27,6,50,50
2018-02-28,6,50,54
2018-03-01,6,50,59
2018-03-02,6,50,62
2018-03-03,6,50,65
2018-03-04,6,50,68
2018-03-05,6,50,49
2018-03-06,6,50,52
2018-03-07,6,50,55
2018-03-08,6,50,58
2018-03-09,6,50,61
2018-03-10,6,50,65
2018-03-11,6,50,68
2018-03-12,6,50,49
2018-03-13,6,50,52
2018-03-14,6,50,55
2018-03-15,6,50,58
2018-03-16,6,50,61
2018-03-17,6,50,64
2018-03-18,6,50,68
2018-03-19,6,50,48
2018-03-20,6,50,51
2018-03-21,6,50,55
2018-03-22,6,50,58
2018-03-23,6,50,61
2018-03-24,6,50,64
2018-03-25,6,50,67
2018-03-26,6,50,48
2018-03-27,6,50,51
2018-03-28,6,50,54
2018-03-29,6,50,58
2018-03-30,6,50,61
2018-03-31,6,50,64
2018-01-01,7,50,47
2018-01-02,7,50,51
2018-01-03,7,50,54
2018-01-04,7,50,57
2018-01-05,7,50,60
2018-01-06,7,50,63
2018-01-07,7,50,66
2018-01-08,7,50,47
2018-01-09,7,50,50
2018-01-10,7,50,53
2018-01-11,7,50,57
2018-01-12,7,50,60
2018-01-13,7,50,63
2018-01-14,7,50,66
2018-01-15,7,50,47
2018-01-16,7,50,50
2018-01-17,7,50,53
2018-01-18,7,50,56
2018-01-19,7,50,59
2018-01-20,7,50,63
2018-01-21,7,50,66
2018-01-22,7,50,47
2018-01-23,7,50,50
2018-01-24,7,50,53
2018-01-25,7,50,56
2018-01-26,7,50,59
2018-01-27,7,50,62
2018-01-28,7,50,66
2018-01-29,7,50,46
2018-01-30,7,50,49
2018-01-31,7,50,53
2018-02-01,7,50,58
2018-02-02,7,50,61
2018-02-03,7,50,64
2018-02-04,7,50,67
2018-02-05,7,50,48
2018-02-06,7,50,51
2018-02-07,7,50,54
2018-02-08,7,50,57
2018-02-09,7,50,61
2018-02-10,7,50,64
2018-02-11,7,50,67
2018-02-12,7,50,48
2018-02-13,7,50,51
2018-02-14,7,50,54
2018-02-15,7,50,57
2018-02-16,7,50,60
2018-02-17,7,50,63
2018-02-18,7,50,67
2018-02-19,7,50,47
2018-02-20,7,50,51
2018-02-21,7,50,54
2018-02-22,7,50,57
2018-02-23,7,50,60
2018-02-24,7,50,63
2018-02-25,7,50,66
2018-02-26,7,50,47
2018-02-27,7,50,50
2018-02-28,7,50,53
2018-03-01,7,50,59
2018-03-02,7,50,62
2018-03-03,7,50,65
2018-03-04,7,50,68
2018-03-05,7,50,49
2018-03-06,7,50,52
2018-03-07,7,50,55
2018-03-08,7,50,58
2018-03-09,7,50,61
2018-03-10,7,50,65
2018-03-11,7,50,68
2018-03-12,7,50,48
2018-03-13,7,50,52
2018-03-14,7,50,55
2018-03-15,7,50,58
2018-03-16,7,50,61
2018-03-17,7,50,64
2018-03-18,7,50,67
2018-03-19,7,50,48
2018-03-20,7,50,51
2018-03-21,7,50,55
2018-03-22,7,50,58
2018-03-23,7,50,61
2018-03-24,7,50,64
2018-03-25,7,50,67
2018-03-26,7,50,48
2018-03-27,7,50,51
2018-03-28,7,50,54
2018-03-29,7,50,57
2018-03-30,7,50,61
2018-03-31,7,50,64
2018-01-01,8,50,47
2018-01-02,8,50,50
2018-01-03,8,50,54
2018-01-04,8,50,57
2018-01-05,8,50,60
2018-01-06,8,50,63
2018-01-07,8,50,66
2018-01-08,8,50,47
2018-01-09,8,50,50
2018-01-10,8,50,53
2018-01-11,8,50,57
2018-01-12,8,50,60
2018-01-13,8,50,63
2018-01-14,8,50,66
2018-01-15,8,50,47
2018-01-16,8,50,50
2018-01-17,8,50,53
2018-01-18,8,50,56
2018-01-19,8,50,59
2018-01-20,8,50,63
2018-01-21,8,50,66
2018-01-22,8,50,46
2018-01-23,8,50,50
2018-01-24,8,50,53
2018-01-25,8,50,56
2018-01-26,8,50,59
2018-01-27,8,50,62
2018-01-28,8,50,65
2018-01-29,8,50,46
2018-01-30,8,50,49
2018-01-31,8,50,53
2018-02-01,8,50,58
2018-02-02,8,50,61
2018-02-03,8,50,64
2018-02-04,8,50,67
2018-02-05,8,50,48
2018-02-06,8,50,51
2018-02-07,8,50,54
2018-02-08,8,50,57
2018-02-09,8,50,61
2018-02-10,8,50,64
2018-02-11,8,50,67
2018-02-12,8,50,48
2018-02-13,8,50,51
2018-02-14,8,50,54
2018-02-15,8,50,57
2018-02-16,8,50,60
2018-02-17,8,50,63
2018-02-18,8,50,67
2018-02-19,8,50,47
2018-02-20,8,50,50
2018-02-21,8,50,54
2018-02-22,8,50,57
2018-02-23,8,50,60
2018-02-24,8,50,63
2018-02-25,8,50,66
2018-02-26,8,50,47
2018-02-27,8,50,50
2018-02-28,8,50,53
2018-03-01,8,50,58
2018-03-02,8,50,62
2018-03-03,8,50,65
2018-03-04,8,50,68
2018-03-05,8,50,49
2018-03-06,8,50,52
2018-03-07,8,50,55
2018-03-08,8,50,58
2018-03-09,8,50,61
2018-03-10,8,50,65
2018-03-11,8,50,68
2018-03-12,8,50,48
2018-03-13,8,50,52
2018-03-14,8,50,55
2018-03-15,8,50,58
2018-03-16,8,50,61
2018-03-17,8,50,64
2018-03-18,8,50,67
2018-03-19,8,50,48
2018-03-20,8,50,51
2018-03-21,8,50,54
2018-03-22,8,50,58
2018-03-23,8,50,61
2018-03-24,8,50,64
2018-03-25,8,50,67
2018-03-26,8,50,48
2018-03-27,8,50,51
2018-03-28,8,50,54
2018-03-29,8,50,57
2018-03-30,8,50,61
2018-03-31,8,50,64
2018-01-01,9,50,47
2018-01-02,9,50,50
2018-01-03,9,50,54
2018-01-04,9,50,57
2018-01-05,9,50,60
2018-01-06,9,50,63
2018-01-07,9,50,66
2018-01-08,9,50,47
2018-01-09,9,50,50
2018-01-10,9,50,53
2018-01-11,9,50,56
2018-01-12,9,50,60
2018-01-13,9,50,63
2018-01-14,9,50,66
2018-01-15,9,50,47
2018-01-16,9,50,50
2018-01-17,9,50,53
2018-01-18,9,50,56
2018-01-19,9,50,59
2018-01-20,9,50,63
2018-01-21,9,50,66
2018-01-22,9,50,46
2018-01-23,9,50,50
2018-01-24,9,50,53
2018-01-25,9,50,56
2018-01-26,9,50,59
2018-01-27,9,50,62
2018-01-28,9,50,65
2018-01-29,9,50,46
2018-01-30,9,50,49
2018-01-31,9,50,52
2018-02-01,9,50,58
2018-02-02,9,50,61
2018-02-03,9,50,64
2018-02-04,9,50,67
2018-02-05,9,50,48
2018-02-06,9,50,51
2018-02-07,9,50,54
2018-02-08,9,50,57
2018-02-09,9,50,60
2018-02-10,9,50,64
2018-02-11,9,50,67
2018-02-12,9,50,47
2018-02-13,9,50,51
2018-02-14,9,50,54
2018-02-15,9,50,57
2018-02-16,9,50,60
2018-02-17,9,50,63
2018-02-18,9,50,66
2018-02-19,9,50,47
2018-02-20,9,50,50
2018-02-21,9,50,54
2018-02-22,9,50,57
2018-02-23,9,50,60
2018-02-24,9,50,63
2018-02-25,9,50,66
2018-02-26,9,50,47
2018-02-27,9,50,50
2018-02-28,9,50,53
2018-03-01,9,50,58
2018-03-02,9,50,62
2018-03-03,9,50,65
2018-03-04,9,50,68
2018-03-05,9,50,49
2018-03-06,9,50,52
2018-03-07,9,50,55
2018-03-08,9,50,58
2018-03-09,9,50,61
2018-03-10,9,50,64
2018-03-11,9,50,68
2018-03-12,9,50,48
2018-03-13,9,50,51
2018-03-14,9,50,55
2018-03-15,9,50,58
2018-03-16,9,50,61
2018-03-17,9,50,64
2018-03-18,9,50,67
2018-03-19,9,50,48
2018-03-20,9,50,51
2018-03-21,9,50,54
2018-03-22,9,50,58
2018-03-23,9,50,61
2018-03-24,9,50,64
2018-03-25,9,50,67
2018-03-26,9,50,48
2018-03-27,9,50,51
2018-03-28,9,50,54
2018-03-29,9,50,57
2018-03-30,9,50,60
2018-03-31,9,50,64
2018-01-01,10,50,47
2018-01-02,10,50,50
2018-01-03,10,50,53
2018-01-04,10,50,57
2018-01-05,10,50,60
2018-01-06,10,50,63
2018-01-07,10,50,66
2018-01-08,10,50,47
2018-01-09,10,50,50
2018-01-10,10,50,53
2018-01-11,10,50,56
2018-01-12,10,50,60
2018-01-13,10,50,63
2018-01-14,10,50,66
2018-01-15,10,50,47
2018-01-16,10,50,50
2018-01-17,10,50,53
2018-01-18,10,50,56
2018-01-19,10,50,59
2018-01-20,10,50,62
2018-01-21,10,50,66
2018-01-22,10,50,46
2018-01-23,10,50,49
2018-01-24,10,50,53
2018-01-25,10,50,56
2018-01-26,10,50,59
2018-01-27,10,50,62
2018-01-28,10,50,65
2018-01-29,10,50,46
2018-01-30,10,50,49
2018-01-31,10,50,52
2018-02-01,10,50,57
2018-02-02,10,50,61
2018-02-03,10,50,64
2018-02-04,10,50,67
2018-02-05,10,50,48
2018-02-06,10,50,51
2018-02-07,10,50,54
2018-02-08,10,50,57
2018-02-09,10,50,60
2018-02-10,10,50,64
2018-02-11,10,50,67
2018-02-12,10,50,47
2018-02-13,10,50,51
2018-02-14,10,50,54
2018-02-15,10,50,57
2018-02-16,10,50,60
2018-02-17,10,50,63
2018-02-18,10,50,66
2018-02-19,10,50,47
2018-02-20,10,50,50
2018-02-21,10,50,53
2018-02-22,10,50,57
2018-02-23,10,50,60
2018-02-24,10,50,63
2018-02-25,10,50,66
2018-02-26,10,50,47
2018-02-27,10,50,50
2018-02-28,10,50,53
2018-03-01,10,50,58
2018-03-02,10,50,61
2018-03-03,10,50,65
2018-03-04,10,50,68
2018-03-05,10,50,49
2018-03-06,10,50,52
2018-03-07,10,50,55
2018-03-08,10,50,58
2018-03-09,10,50,61
2018-03-10,10,50,64
2018-03-11,10,50,68
2018-03-12,10,50,48
2018-03-13,10,50,51
2018-03-14,10,50,55
2018-03-15,10,50,58
2018-03-16,10,50,61
2018-03-17,10,50,64
2018-03-18,10,50,67
2018-03-19,10,50,48
2018-03-20,10,50,51
2018-03-21,10,50,54
2018-03-22,10,50,57
2018-03-23,10,50,61
2018-03-24,10,50,64
2018-03-25,10,50,67
2018-03-26,10,50,48
2018-03-27,10,50,51
2018-03-28,10,50,54
2018-03-29,10,50,57
2018-03-30,10,50,60
2018-03-31,10,50,64
